Pais,Ciudad,Promedio_habitantes
ru,cheremushskiy,1093
gr,vouliagmeni,7717
co,roldanillo,27562
cn,huilong,74818
us,paris,12753.5
ru,strezhevoy,44784
ro,visani,2819
pt,apelacao,7181
mx,quiroga,13511
it,monserrato,23415
in,morena,152020
br,santos,411411
bw,dutlwe,1126
bg,perustica,5248
tr,canta,5473
ro,bradut,4616
nz,thames,7136
mx,el naranjo,9458
li,planken,377
in,dum duma,21707
am,vagharshapat,49514
us,gulfport,41970.5
tr,karacakoy,3107
pk,mankera,10818
in,jhalrapatan,33123
hu,fonyod,5199
hn,sula,2502
ua,lypova dolyna,5199
mz,mocuba,68984
mt,san giljan,6799
in,sulurpeta,38065
in,srivaikuntam,15666
in,gogapur,6857
dk,frederiksvaerk,12176
be,seraing,60737
ru,ruza,13480
ru,nyurba,9972
ro,tamboesti,4565
ph,ampatuan,3962
in,fatehpur,124836
ru,shatoy,1775
ru,cherkizovo,3439
pl,radlin,17479
is,olafsvik,992
hu,vajszlo,1888
gr,oinoussai,1182
ee,misso,324
au,sunbury,29926
uz,maymanak,17010
us,culpeper,11009
ro,storobaneasa,3645
br,foz do iguacu,293526
de,stelle,11396
us,plum,26550
es,marin,25497
yt,dzaoudzi,14144
us,sanford,31987.7
ru,ali-berdukovskiy,5093
ro,dobarlau,2301
ph,binidayan,3848
kz,glubokoe,11192
br,arroio do meio,16331
ua,radyvyliv,9928
ua,khorol,14117
ro,sannicolaul mare,12888
ph,hindang,4106
ly,zlitan,99289
cu,santiago de cuba,555878
by,navahrudak,30748
de,germering,36905
ua,chernivtsi,236249
it,san pietro vernotico,14779
in,ramanagaram,93535
us,anasco,6136
ro,liesti,10956
tz,bungu,27873
ru,donskoy,22797.5
ru,beloye,3067
ua,tyachiv,9422
ro,jilava,12023
ph,paagahan,3621
jp,sakai,280178
gr,anarrakhi,1147
be,haacht,13541
es,arrigorriaga,11118
ir,golpayegan,44920
gr,rapsani,909
cz,koprivnice,23798
co,clemencia,8775
br,aguas formosas,11512
ph,tagbacan,4840
ge,kazbegi,2628
bd,bajitpur,34564
co,barbacoas,7634
ru,itaka,431
ph,sapad,4376
gr,kainouryion,2080
py,lima,2358
jp,kosugi,33200
hn,la rosa,1552
br,cumaru,6861
br,lins,69452
us,hastings,21917
ru,irbeyskoye,4681
ru,ilka,2199
ro,buzoesti,6281
ph,sibuco,3327
ph,klinan,3017
ph,calaoagan,2471
in,kodar,59182
in,dindori,19265
gb,stratford-upon-avon,22576
us,austintown,30969
ua,chervonohryhorivka,6444
ro,garliciu,1821
pt,terrugem,4693
fr,villiers-le-bel,26611
co,villa del rosario,64952
de,solms,13982
ua,kozyatyn,25645
tz,zanzibar,403670
ro,fildu de jos,1542
pt,santa barbara de nexe,4087
ph,bahay,2501
nz,palmerston north,75997
nz,leeston,1272
my,batu gajah,46197
gb,biggar,2120
cu,sancti spiritus,127073
es,marbella,115484
dk,kerteminde,5748
us,suffolk,80690
ru,tatarskaya kargala,3478
ru,maslova pristan,5669
ro,rasuceni,3090
ro,metes,3114
pk,mardan,300545
in,burhar,18193
ge,signagi,1923
wf,falaleu,659
ru,krasnoslobodsk,12541
ru,khvorostyanka,4899
ua,kherson,320476
ru,pichayevo,3463
ru,karpogory,4441
in,bokajan,16561
es,mula,16172
br,cabrobo,16096
ru,khingansk,2093
pt,elvas,9904
ru,sumkino,4186
ro,tarnova,3995
ro,leorda,2734
jp,yasu,37587
ie,portarlington,4293
co,yaguara,5724
ua,spasskoye,3017
th,phatthalung,43522
se,skoghall,12845
ru,urmary,6256
ph,conner,2401
ng,akure,420623
jp,saku,68886
in,anaimalai,16132
cz,odolena voda,4478
bo,arani,3906
de,ebersberg,11082
us,trussville,15903
ph,sapao,2284
ph,pamantingan,2776
pe,tinyahuarco,5089
ru,novouzensk,16932
ph,nenita,2551
ph,nalus,3920
be,soignies,24869
th,sadao,46236
ro,sarbeni,1740
pl,aleksandrow lodzki,20292
pk,khadro,9997
ee,mustjala,295
us,struthers,11079
rs,radinac,4918
ro,negrasi,2811
py,belen,1621
ph,avila,2349
ni,bluefields,50178
jp,noshiro,51079
cu,guaimaro,39360
br,luis correia,11480
ro,tiream,2317
ph,bulatukan,4305
jp,nishiwaki,36953
in,yellapur,19345
id,godean,63170
jp,takehara,30506
br,sao geraldo do araguaia,12925
us,livonia,98218
in,kalanwali,27357
al,rrogozhine,5620
es,tarrega,13663
br,piracuruca,18852
cz,horice,9052
de,ritterhude,14143
zm,sesheke,20162
ua,peresichna,6894
ro,uriu,3572
de,taunusstein,29461
us,reading,37852.3
us,stockton,289580
ua,velyka mykhaylivka,5777
si,kranj,34950
ro,ulies,1255
ph,cawayan bugtong,3605
fr,montigny-en-gohelle,10603
bg,galabovo,9080
ca,mildmay,1258
br,edeia,9838
zm,luanshya,113379
vn,uong bi,63829
us,riverview,12762
ua,hlobyne,12544
ru,sevsk,7594
ru,agidel,19218
ph,corrooy,2233
ph,arcangel,3470
in,curti,13662
gt,el rodeo,1849
gb,morecambe,51645
co,sopo,8396
am,chochkan,1740
be,chatelet,35238
cz,uhersky brod,17625
be,diepenbeek,17699
py,filadelfia,8049
no,holmsbu,345
mx,viesca,3673
fr,hoenheim,10834
au,warrnambool,29928
ph,president roxas,10879
ph,manuel roxas,4482
pa,vista hermosa,2725
mm,mandalay,1208227
in,nadapuram,39512
cd,basoko,43706
es,pravia,9132
ph,milaor,8809
il,tamra,25839
co,soata,10945
mx,santo domingo de guzman,7378
it,treviglio,27200
br,planaltina,88855
ug,gulu,146832
sn,ndioum,5304
pt,faja de baixo,4915
ph,lian,7496
gb,saint albans,84561
ee,someru,1350
us,kendallville,9629
ru,shablykino,3848
rs,vrnjacka banja,9998
in,kandhla,43391
ua,chornoliztsi,2965
tj,palas,3288
ru,mendeleyevsk,22970
py,desmochados,240
mx,tulcingo,5607
co,florencia,65903
ee,toravere,311
mx,quila,5603
in,una,37059.5
hn,villa de san francisco,5914
ee,uhtna,355
us,dentsville,13476
ru,kakhun,7490
mx,santa cruz de rosales,5217
jp,niitsu,65911
br,marapanim,10236
us,excelsior springs,11422
us,livingston,15696
ru,bachatskiy,14618
ro,hangu,4046
br,inhambupe,14735
af,qarqin,15023
ua,rakitnoye,13277
ph,kinalansan,2137
mx,brisenas,4030
ir,sirjan,207661
hu,balatonfenyves,1885
ga,libreville,578156
de,waldkraiburg,24939
us,nashville,530852
td,abeche,74188
lu,keispelt,567
ki,rawannawi,1916
hu,puspokladany,15990
ru,sortavala,20760
ro,manastirea,6123
ke,magadi,14529
ua,lyubech,2550
ru,tikhmenevo,808
ro,boldesti-scaeni,11460
ro,baile tusnad,1675
it,luino,14450
in,chit baragaon,21659
cn,lanzhou,1417742
pk,pishin,24242
mx,hoctun,4916
dk,juelsminde,3667
ch,orbe,5466
es,vitoria,224774
us,howell,9860
cl,talagante,51763
ua,livadiya,1560
ro,cristinesti,3866
pt,salreu,4140
pk,warah,18725
ph,salawagan,6508
mx,altotonga,15800
in,dungarpur,25651.5
id,purwodadi,150278
gn,koubia,9909
fr,mantes-la-jolie,43439
cz,plumlov,2259
de,recklinghausen,122727
pl,kalety,8670
my,sibu,198252
mx,union de tula,9119
es,gava,43021
cz,zastavka,2350
us,montebello,64327
ni,matagalpa,79122
ee,kohtla-nomme,1075
br,itajai,155719
ru,yashkino,15197
ph,calolbon,5005
no,horten,17876
mx,altar,6193
hu,nagyecsed,6919
vn,rach gia,228365
ru,tarskoye,4449
ph,san salvador,2807
co,soraca,827
tz,mwaya,7558
lr,zwedru,25772
in,mayang imphal,22160
id,kendari,235329
gb,redditch,77129
am,shinuhayr,2206
es,el astillero,14710
ru,gorbatov,2495
ch,au,6864
ro,rociu,2980
in,nagina,76601
fr,montigny-les-metz,24655
de,limbach-oberfrohna,26721
by,mazyr,112136
am,darpas,1785
us,libertyville,21236
us,arcadia,56716
ua,yamnytsya,3223
ru,zubtsov,7397
is,raufarhofn,226
us,flower mound,66618
us,grosse pointe woods,16364
us,golden gate,25388
ph,patayac,2497
pe,chongoyape,16133
ec,alamor,6391
cl,villarrica,31603
br,tatui,93582
co,pachavita,959
pt,grijo,10907
ph,labangan,10781
in,basugaon,12833
id,wedi,55300
ua,krasnopillya,8603
ro,agnita,10505
gr,yeoryiani,642
fr,frejus,51514
co,pisba,307
ee,padise,392
tz,matongo,11828
ru,novorozhdestvenskaya,6780
ru,kerva,2784
ru,anna,19148
pa,las lomas,6394.5
jp,sendai,73133
ge,khobi,5376
be,kuurne,12638
al,kucove,18166
ca,colborne,2155
au,collie,6337
br,cananeia,13786
us,franklin park,15232.5
ph,masapang,4579
lv,salacgriva,3427
gr,trifos,708
fr,villebon-sur-yvette,9700
ru,luchegorsk,21833
kz,kentau,57412
hn,correderos,1162
bg,velingrad,24129
mx,pueblo nuevo solistahuacan,7769
co,cotorra,4880
ru,novominskaya,12049
ro,partestii de jos,2998
ph,calintaan,11476
no,vigrestad,1768
id,cisarua,103933
br,capinopolis,12486
cn,qitaihe,345033
ru,gavrilov-yam,18618
ro,sanpaul,3241
ro,borsa,14403.5
ph,tabontabon,2557
mx,tizayuca,39325
us,lehi,26401
ro,copalnic manastur,5747
id,cepu,55056
dk,lillerod,15359
at,rottenmann,5561
be,lens,3902
pt,sines,12791
ph,bayang,6176
hn,bonito oriental,3732
de,salzkotten,24369
ci,adzope,81150
ca,clermont,2912
us,new bern,23623
ru,proletarskiy,6427.5
nz,ohaeawai,764
np,baglung,23297
lt,varena,10305
gb,chesterfield,70680
cn,weinan,172321
ve,villa de cura,76627
ve,san jose de guanipa,62133
ru,balezino,16618
ng,aba,897613
kh,ta khmau,52066
gr,mikropolis,1094
ca,perth,6481
co,onzaga,1393
cn,panshi,80200
us,keene,22891
no,ardalstangen,1495
fr,plaisance-du-touch,17770
fr,ollioules,13730
de,nalbach,9616
bb,bridgetown,98511
ve,san juan de los morros,87752
ro,tepu,2538
ph,pualas,2100
mx,temascalapa,5735
co,baraya,4402
td,massakory,15406
ph,gibato,2360
ph,alibog,2576
in,kadur,32938
gr,avaton,1357
br,manaus,1598227
us,minot,34885
ph,pulo,2709.5
in,dharmavaram,114062
gt,asuncion mita,15287
ar,la plata,684318
cn,zhoukou,377061
cz,chabarovice,2223
sv,berlin,11313
ru,usolye,5385.5
ru,chulym,11975
in,tikaitnagar,8807
gr,sikion,1131
bf,sindou,3942
br,guarulhos,1169601
cu,primero de enero,17934
co,falan,5234
za,delmas,92181
lk,peliyagoda,30722
jp,niigata,505276
gb,milnathort,1885
us,owosso,15373
ua,solone,7304
ru,gorodovikovsk,10706
ro,socol,2226
py,isla umbu,340
my,ayer molek,15497
cn,qiyang,66442
us,humboldt,9205
ph,marihatag,3829
mt,qala,1534
ru,krasnaya poyma,3113
mx,guerrero,4384
gr,aigaleo,72320
ga,tsogni,9957
at,grieskirchen,4766
de,witten,101122
ro,adancata,5431
ph,binalbagan,38567
no,straume,282
co,ibague,421689
am,gagarin,1305
pl,swarzedz,29010
hu,sajovamos,2206
fr,vence,18399
ca,saint-felix-de-valois,3165
be,vaux-sur-sure,4581
br,sao joao de meriti,454855
de,altena,20641
za,wesselsbron,42599
us,finneytown,13545
us,gladstone,19925
ro,calinesti,5912.33
ph,compostela,18727
it,spilimbergo,11193
ca,inuvik,3022
us,pembroke,12751
kg,karakol,70172
in,khardaha,128358
ge,kvareli,8613
cn,danshui,126701
cm,ebolowa,88140
sl,gberia fotombu,3171
ro,prajeni,3265
ph,bangui,2458
cn,fengxian,57153
be,havelange,4790
us,lincolnton,10279
ru,chegdomyn,14855
pl,starachowice,53738
ph,ternate,20050
no,svene,317
in,waraseoni,23803
in,shahjahanpur,320466
gr,xiropotamos,2670
bd,jhikargachha,41962
us,ashtabula,20027
ru,aleysk,28020
ro,remetea chioarului,2965
ro,bicaz chei,4618
ph,lamacan,11993
ph,dawan,4048
hu,halasztelek,7245
gl,saarloq,48
ca,one hundred mile house,1737
br,areia branca,12893
ca,wellington,2052
us,weare,8583
mx,tacoaleche,6821
mx,guadalajara,1640649
gb,arnold,37873
be,mechelen,77531
cz,klatovy,23059
us,rosemead,56066
mx,tlacojalpan,4090
mx,teocelo,9259
it,termoli,32917
es,zumarraga,10284
cn,beian,145670
ba,trn,7553
sd,sinjah,44626
ru,khvastovichi,4545
ph,nalvo,2324
mx,el tejar,10511
ag,carlisle,831
co,altamira,2123
ru,kandry,12100
ph,tidman,3154
jp,tomioka,49282
in,napasar,21749
fr,vertou,21897
cz,bohusovice nad ohri,2523
us,lewisburg,10693
ru,ishkhoy-yurt,3051
lt,panevezys,117400
hu,olaszliszka,1799
cz,podivin,2876
fi,kuusankoski,19986
de,penzberg,16243
ch,wahlern,6292
ch,herrliberg,5922
am,fioletovo,1264
ro,tarlisua,3693
mx,coatlinchan,21498
ru,kratovo,6799
it,piacenza,95453
it,carpenedolo,11306
fr,saint-die,22682
th,kui buri,19046
se,akersberga,26785
br,itacarambi,13084
th,tak bai,17241
mx,hunucma,22288
in,valavanur,14463
br,mamanguape,27607
de,hude,15858
ca,espanola,4682
ph,luksuhin,4614
lu,kautenbach,126
ir,astara,39067
gb,aberlour,828
bw,pilikwe,1375
nz,wellington,179240
in,bijbiara,24592
gb,stockport,139053
de,waldkirchen,10716
us,blacksburg,40183
ro,garbau,2609
mx,valle de juarez,4014
mk,klecevce,1505
ca,ville-marie,2831
us,hewitt,12981
ph,alanib,4207
no,moi,1705
lu,givenich,84
it,cornaredo,21091
br,ipatinga,228750
ba,olovo,3305
ru,kalach-na-donu,27522
in,ghansor,6597
er,teseney,3753
de,stade,45419
de,diedorf,10348
ru,savinskiy,7587
ro,sintea mare,3609
id,labuhan,33574
de,tostedt,13695
br,araguacu,7603
za,temba,47983
th,wichian buri,39272
fr,lunel,25598
us,seminole,16758
ro,roman,67820
ie,dundalk,33428
us,martinez,31948.5
ua,vradiyivka,9578
cl,vicuna,13496
co,cucunuba,1699
br,orlandia,44767
ru,staromaryevka,5869
ro,colonesti,2174
ph,makiwalo,4614
it,ladispoli,34995
in,chicholi,18866
il,hod hasharon,42996
hn,wawina,1481
ru,shemursha,3690
ru,pushkino,37190.5
ph,caruray,4115
br,macaubas,14598
ec,san gabriel,15112
de,frickenhausen,8917
ca,leamington,30428
us,lakeland,90761
ro,vorta,1071
hn,suyapa de lean,941
ee,are,408
us,cedar mill,13975
ro,cetariu,3819
gr,anthia,914
br,varzea alegre,21842
mx,cuautla,146186
gt,santa rosa de lima,5861
gb,rottingdean,21756
us,hesperia,73640
si,rakek,1966
gb,maud,673
be,meulebeke,10948
ve,la asuncion,35089
ru,orichi,7806
ru,neftekumsk,28464
ru,germenchik,4129
ru,achit,5036
jp,ichikawa,458249
it,isernia,21409
hu,sajokaza,3494
cn,fuli,59160
br,itaguai,100756
cr,san josecito,12195
de,neuwied,66901
es,silleda,9271
ro,sangeru,5271
ca,carnduff,950
us,east wenatchee bench,13902
ru,izobilnyy,40122
ph,rosario,6317.2
ph,barugo,6655
it,cassino,35683
de,recke,11867
us,redwood city,71969
ru,osinniki,48920
pt,baguim do monte,15850
lt,troskunai,480
be,herne,6459
am,gosh,994
de,anrochte,10981
sa,abha,142255
ro,faragau,1628
pl,otwock,42776
ph,lajong,2253
no,vinstra,2467
mx,zempoala,7625
in,palakkad,132740
id,trucuk,23584
gt,tiquisate,17814
br,santa fe do sul,25802
bg,balgarovo,2344
us,teaneck,40078
us,alpena,10718
hn,el suyatal,2027
ph,banisilan,5748
it,vieste,13440
au,casino,9539
bd,manikganj,85800
us,la vista,15695
in,tendukheda,12700
gr,akrolimni,1398
cn,yangcun,63756
us,hazel crest,14606
ua,teplodar,8502
rs,backa topola,16082
pl,kamienna gora,21743
ph,domalandan,15108
ua,yakymivka,12353
pl,dabrowa gornicza,130601
ph,manikling,2444
mx,cofradia,6495
il,jerusalem,714685
gb,canterbury,46978
us,midlothian,13900.5
ru,verkhniye achaluki,9393
rs,kosjeric,4200
ro,cristesti,4841.67
no,rokland,498
mx,cosamaloapan,28773
kz,temirtau,172809
br,santa leopoldina,2327
us,palm city,28165
ca,cap-aux-meules,1686
af,cah ab,23424
cn,manzhouli,54808
us,woodlyn,9944
us,gaithersburg,60062
ru,dyurtyuli,31088
ro,sancel,2735
iq,rawah,20649
in,bhandardaha,5079
cn,hulan,109104
ch,plan-les-ouates,8135
za,warmbad,90300
ru,velizh,8147
ru,krasnyy tkach,3166
ro,bradesti,4067.5
in,faridpur,71790
gr,ayios kirikos,1908
be,wingene,12887
wf,vele,309
us,east hanover,12194
ru,krapivinskiy,7909
ro,sirineasa,2571
de,sulzbach-rosenberg,20511
ci,abidjan,3692570
us,east islip,13854
ph,rebokon,2494
gr,mikrokambos,1207
gh,kumasi,1468797
am,sasunik,1959
ua,zahvizdya,3546
ro,tauteu,4377
ro,boiu mare,1254
pe,yanahuanca,6019
jp,obanazawa,20822
fr,epinay-sur-orge,9351
br,alexandria,9769
uz,nukus,230020
ph,talacogon,15581
ph,begang,2384
co,leticia,29666
br,ribeira do pombal,28236
ve,punta cardon,58933
us,dobbs ferry,11249
pk,jacobabad,170653
in,baruni,84889
hu,dunapataj,3693
us,jayuya,3587
ua,dubrovytsya,9285
pk,sohbatpur,8941
ph,jimenez,6662
mx,huajuapan,47846
jp,fukumitsu,19535
it,cortona,22705
gb,dailly,866
cf,boda,20621
cz,bechyne,5900
ro,sercaia,2988
mx,garcia,26950
it,trentola-ducenta,15215
br,acajutiba,14349
br,nova vicosa,56001
us,rye,10166.5
us,doctor phillips,10478
ph,punta silum,3613
ph,hernani,2159
mt,sliema,11318
in,jhinjhana,19713
gt,chichicastenango,77861
br,ariquemes,58102
bg,svilengrad,17378
cn,shangzhi,82419
cz,mikulov,7653
mx,tamasopo,3914
jp,oi,50594
it,castellarano,13323
id,klungkung,27837
am,mets parni,1934
cn,mata,81166
co,filandia,6851
de,baunatal,28338
be,hasselt,69222
uz,bektemir,26380
br,nao-me-toque,12556
br,juruti,13333
us,boulder,91521
ru,vizinga,6788
mx,zitlala,4974
it,surbo,13711
co,gamarra,7327
ro,babadag,10101
my,sekudai,159864
mu,arsenal,2599
in,gobindapur,11781
cn,chengde,449325
ro,tusnad,2084
ph,limbuhan,3190
ph,butubut,3193
de,altdorf,11709
br,miguel alves,10439
cz,frystak,3457
ua,yarmolyntsi,8583
ru,kagalnik,7939
ph,anakan,3825
gr,kontariotissa,2088
us,lufkin,33667
ua,torez,68037
nl,bunnik,14061
ng,ise,190077
hn,las animas,1117
ru,drezna,11387
ro,satulung,5334
ro,moara vlasiei,5912
ie,kanturk,1628
ru,kutulik,5390
mx,tixpehual,3334
es,beasain,12237
ee,linte,286
cz,opocno,3124
ch,horgen,18055
bf,kongoussi,26338
ro,horoatu crasnei,2789
no,blakstad,1944
mx,san jose el alto,5957
hu,many,2294
gr,angelokastron,1614
de,oschatz,16348
br,severinia,13212
pt,sao bartolomeu de messines,8381
gr,kato mazarakion,1005
br,varjota,16462
de,rehburg-loccum,11180
fi,keuruu,10942
sv,el rosario,5620
ph,barurao,2990
nl,beuningen,26178
hn,villa de san antonio,5390
at,herzogenburg,7866
fi,kristiinankaupunki,7712
ru,khasanya,10495
ru,arbagar,712
ro,zimbor,1262
ro,fantanele,4886
it,busto arsizio,79229
in,karimpur,9565
in,halisahar,128184
hn,concepcion de maria,923
de,weilmunster,9637
es,cartama,15604
ru,yakovlevka,4996
pk,kot radha kishan,45951
id,ubud,28373
br,passo de camaragibe,5523
pl,ustron,15637
in,maihar,37917
il,qiryat ono,24907
il,ashdod,202681
hr,beli manastir,8713
hn,sulaco,2760
ca,cap-chat,1466
ru,manaskent,5216
ro,mosna,2563
pt,pacos de brandao,4637
mx,sabinas hidalgo,32048
it,porto recanati,10233
gt,sibinal,1623
gb,paignton,49886
ro,fundu moldovei,4135
nl,rijnsburg,15297
my,nilai,36720
ml,niono,32621
gb,southampton,246201
es,tolosa,17830
br,montes claros,332384
ru,torbeyevo,9138
mx,sahagun,28648
jp,sakaide,57090
il,bat yam,130973
cn,shanghai,14608512
de,beckum,37914
ca,dunnville,6006
cn,weihe,71344
co,cajica,25000
ua,velyka bahachka,5707
pe,monsefu,25822
kz,karaton,8905
ru,rettikhovka,2712
ru,nizhnetroitskiy,3784
ru,babushkin,4578
in,gaurela,14593
gr,kombotion,2150
cn,chengdu,3950437
br,caico,54935
ua,belz,2386
ru,roshni-chu,4253
ru,vygonichi,5086
ph,saysain,2683
ru,primorka,3780
in,manikpur,14417
sg,singapore,3547809
mx,balderas,4621
in,jamadoba,34778
co,sora,508
nl,grootegast,12862
ru,pirogovskiy,6208
ro,orlat,3193
ph,trapiche,11539
ir,kangavar,53418
fr,hagondange,8935
cr,san felipe,24985
us,pampa,16257
us,south san jose hills,21779
ua,kuchurhan,3183
tv,tanrake,381
in,brahmapur,324753
hu,mandok,4566
cn,angangxi,59211
us,hibbing,16638
us,winchendon,12954
us,anchorage,276263
cn,tangjiazhuang,79489
ro,valcelele,1811
in,punjai puliyampatti,15068
in,khanna,117146
in,jaynagar,20498
br,santo antonio do sudoeste,11723
de,lohr,16297
za,somerset west,183503
ro,bradu,5091
id,boyolangu,32287
br,cerqueira cesar,14261
be,bouillon,5347
us,morris,12582
ca,wawa,3463
ca,the pas,6055
za,hoopstad,12663
lt,gargzdai,15951
hu,tiszabo,2000
br,queimadas,15442.5
uz,iskandar,27636
us,hermiston,14951
ru,mikhaylov,12907
nz,tuai,280
ao,luena,21115
de,schwerte,50757
us,tomball,10080
rs,bela crkva,10586
ro,tasnad,9467
mx,coyotepec,19454.5
us,belfast,7052
ua,stryy,61404
td,sarh,102528
ru,vrangel,14981
ru,mukhen,4617
pw,ulimang,130
jp,mutsu,49221
it,san giovanni in fiore,17202
us,swansea,14291.5
ro,pucioasa,14971
pe,huancabamba,8591
lu,schoos,164
hu,kisszallas,2846
cn,tianpeng,60797
us,jennings,12721
us,agoura hills,22222
ru,kamenskiy,3617
in,tikri,13648
gr,fiki,1098
fr,massy,37529
co,espinal,56214
bd,shibganj,35965
no,gibostad,384
mx,zacualtipan,17090
in,biloli,14717
gb,yeovil,43733
fr,martigues,44437
co,garzon,29452
ru,rameshki,4110
so,bandarbeyla,13753
pk,dokri,14800
lu,nommern,272
ir,khonsar,21148
bg,godec,4551
in,birmitrapur,27882
fr,colomiers,29888
ci,ndiekro,11794
us,virginia beach,449386
nl,bemmel,42751
mx,ixtiyucan,6513
jp,minakuchi,38986
gh,techiman,41315
ee,tootsi,1010
us,parkersburg,31564
ru,voznesenskaya,6990.5
in,karaikkudi,91916
br,pecanha,6903
cn,xiangxiang,87592
de,tornesch,13045
fr,saint-sebastien-sur-loire,27631
am,urut,1102
br,bezerros,51437
ru,petrovsk-zabaykalskiy,19843
gl,illoqqortoormiut,531
br,sertanopolis,13904
us,evanston,43284.5
ru,raduzhnyy,9514
ru,podgornoye,4425
ph,tapia,2720
gb,maybole,4447
af,jalalabad,200389
ua,luzhany,4520
ru,talovyy,5909
mx,los altos,4771
in,sarwar,17861
az,masalli,9603
ua,sholokhove,3097
nz,te kauwhata,1174
lv,ludza,10514
in,kalmeshwar,19387
gt,palestina de los altos,1657
gr,provatas,1275
am,meghrashen,1107
us,kirksville,16973
ru,novomyshastovskaya,9916
ro,coseiu,1298
no,fotlandsvag,248
jp,anan,55422
in,idar,31316
co,el pinon,7481
de,neckargemund,14111
us,homestead,35379
ru,yukamenskoye,4278
ru,kuvandyk,28707
mx,comala,9117
id,tambun,314271
gr,kaisariani,26126
cz,prelouc,9106
us,seabrook,10349
ug,bugembe,11598
mx,huimanguillo,26602
jp,sueyoshi,19986
br,ouro branco,26687
co,maicao,130351
ph,masalipit,2532
az,imisli,31381
br,juru,3796
us,southwick,9444
sk,sahy,8061
ru,verkhnechusovskiye gorodki,2427
ru,shimsk,3755
ph,panitian,7258
in,khagaul,51583
ua,chop,8587
ru,dubki,3116.33
pk,mithi,23432
pa,potrerillos arriba,1045
ke,kabarnet,10134
gr,samarina,839
be,rijkevorsel,10606
us,west babylon,43606
ca,deseronto,1897
cz,hlinsko,10538
ru,sechenovo,5151
ro,buza,1374
mx,la tijera,5691
cm,ngaoundere,231376
br,cruzeiro do oeste,15058
co,pelaya,11306
ve,barinas,284305
us,morristown,16581
ug,katakwi,8702
si,hrastnik,5800
ba,kiseljak,3447
co,guasca,3540
mx,coscomatepec,12920
ly,zaltan,16291
jp,yoshikawa,60511
gt,tamahu,1078
fr,antibes,75311
ru,karakulino,5052
ru,kaltasy,4454
mx,yerbabuena,4378
mg,antananarivo,1391506
ru,suleya,2920
rs,obrenovac,24257
ph,malamote,3098
mw,kasungu,42565
hu,balmazujvaros,18012
co,tello,4868
cz,zamberk,6128
tj,hisor,23981
ru,spassk,1556
nz,hawera,11069
in,tirukkattuppalli,12466
in,nurpur,24259.5
be,heron,4305
hn,la masica,4022
au,clifton springs,7413
ca,south river,1193
tr,dinar,35376
ru,igra,22033
ph,perez,4788
gb,aviemore,2545
cn,dalianwan,55841
at,ried,11511
tn,bin qirdan,13364
ph,barotac nuevo,11641
mn,darhan,72386
mk,sopiste,9460
mk,murtino,6658
it,sarno,31278
ee,koonga,303
us,fairview shores,14353
ug,kitgum,56881
ru,varnavino,3655
ru,serzhen-yurt,4773
ph,placer,8206
cd,isiro,127068
ph,santa rita,9161.67
lu,schleif,8
tj,khujand,144874
it,oria,15505
al,shijak,14138
tz,kibaya,5028
ro,batos,4107
mx,macultepec,6430
sa,umm lajj,31468
ru,syumsi,5582
ro,leordeni,6019
gt,san miguel duenas,8251
az,mugan,4410
us,grenada,14558
nl,barneveld,51158
mx,etla,7327
in,arukutti,17945
fr,ales,38661
ca,fairview,3312
us,platteville,9786
us,bell gardens,46119
ro,muntenii de jos,3826
ro,ideciu de jos,1955
ph,guinabsan,4358
ph,estipona,4351
ph,baculong,3655
pe,huaral,68606
hu,nagyigmand,3132
de,delitzsch,25160
ru,surok,3126
ro,moldova noua,13264
mx,leon,1114662
es,alfafar,19880
sk,sobrance,6262
sk,nitra,86329
ru,klimovo,14482
it,bitritto,10384
bj,nikki,54009
de,olfen,12450
eg,el badari,44132
bw,moshupa,19563
ru,pokrovsk-uralskiy,1592
mx,acazulco,5131
in,annamalainagar,8828
de,bad salzuflen,55348
cz,smirice,3131
co,santa rosa de cabal,57929
us,south venice,14467
ru,privolzhskiy,17979.5
nl,barendrecht,43123
id,ngawi,22412
hu,tiszalok,6122
br,arara,7641
us,lock haven,8777
us,wooster,25725
ru,serpukhov,128160
rs,zitiste,3297
ro,negomiru,3810
it,cirie,18882
ch,nidau,6932
us,north miami beach,39735
tz,maposeni,19472
np,ilam,17492
it,trebaseleghe,12137
gm,banjul,34598
fr,seclin,12061
cz,zdounky,2018
in,rajkot,1177434
in,merta,43761
gn,kankan,114103
gb,abingdon,37192
fr,frontignan,21511
ee,kostivere,790
rs,cicevac,5031
pt,sao joao da talha,18924
nl,druten,18544
gb,linlithgow,13863
am,spitak,15063
de,muhlheim,26753
ca,whitchurch-stouffville,11696
rs,lajkovac,3450
ee,papsaare,497
ee,kiisa,551
et,assela,60191
ca,vanderhoof,1462
us,christiansburg,18223
us,fox lake,10486
ph,cabano,5812
mx,monte blanco,7652
mx,cuauhtenco,6674
in,daosa,73039
gt,tactic,8723
br,santana do livramento,89696
us,traverse city,14425
ru,povenets,2539
ru,berdyuzhye,5223
id,wonopringgo,38430
gt,santa cruz mulua,2650
th,soeng sang,14138
ru,topolevo,4117
ru,srednebelaya,6148
ro,zavoi,4205
pa,gomez,1186
lk,colombo,648119
gt,san juan atitan,1870
br,arari,16777
tz,kijini,3720
pe,huaraz,87233
gr,epitalion,1953
br,bela vista,18127
nl,leerdam,21286
ne,tibiri,20019
it,senigallia,42180
gr,athikia,2058
vn,can tho,259608
ru,lermontovka,4479
ru,dyakonovo,4031
ro,izvoare,2121
pt,margaride,10652
ph,madulao,3378
ph,kalaisan,2494
gb,strone,502
cz,hulin,7576
uz,bekobod,86266
us,old bridge,23233
ru,kilemary,3903
br,indaiatuba,179914
br,ibipora,44791
be,machelen,12252
us,spencer,13008.5
sl,hastings,5502
ro,galateni,3175
lu,septfontaines,363
gr,khalkoutsion,2293
dk,fredensborg,8249
de,bad iburg,11790
co,luruaco,13237
br,ipixuna,5814
us,great neck,9628
us,coralville,17645
ro,costesti,5541.5
lu,munschecker,152
in,veraval,163336
in,sanivarsante,4432
gb,castle douglas,3631
de,bad munstereifel,19166
br,ipiau,38763
us,muskego,22889
ua,ripky,7708
tz,kilosa,91889
th,nong ki,13592
it,triggiano,26708
it,putignano,27994
in,tiruvidaimarudur,14184
az,kesla,17913
am,tandzut,1816
ro,rastolita,2193
ro,bradeanu,2864
ph,buluan,28025
jp,tachikawa,173696
jp,sano,82536
jo,madaba,82471
it,olgiate comasco,11261
de,dormagen,64129
ba,donji vakuf,7955
us,gresham,98851
ro,cerasu,5105
no,sjovegan,716
us,west carrollton city,13297
th,yaring,31111
it,camposampiero,11651
gb,bishop auckland,25665
dz,tazmalt,21497
ca,thunder bay,99336
ro,zimnicea,15228
mx,mitla,7547
in,antu,8317
cn,ganzhou,249071
ca,milton,23472
ru,kovrov,154226
in,colgong,24081
cn,taicheng,145440
us,huntsville,101559
mx,torreon,524084
mx,tasquillo,3583
jp,kameda,32765
ga,mounana,8780
fr,plan-de-cuques,10995
af,mehtar lam,17350
au,flinders,15000
us,san juan capistrano,35301
rs,veternik,21018
ph,dapa,8822
ir,mehran,11831
cz,tlumacov,2393
be,vise,17054
lt,joniskelis,1430
gb,macduff,3747
us,sunnyside,14208
ro,vartescoiu,3425
ro,redea,3217
pa,boqueron,1345
mk,zajas,12219
in,kapasan,19732
br,santo antonio do monte,22592
us,west palm beach,93620
ph,bulihan,7115.67
us,sylvania,19141
us,biddeford,21885
ph,iraan,5262
mk,blatec,2031
jp,otofuke,40945
it,turin,846489
us,west milford,26968
ro,gilau,7745
in,jamalpur,100791
am,rind,1368
de,konstanz,81951
za,thabazimbi,10365
us,buena park,79157
ro,svinita,1105
mx,coroneo,3177
mx,apaseo el grande,22636
gr,valtotopion,1106
de,wolgast,12539
in,lonar,21767
in,kasaragod,53313
gr,liti,3226
at,lochau,5209
es,ibi,25467
re,saint-philippe,5441
ne,tahoua,80432
lu,bavigne,132
gr,fili,2875
gb,droitwich,23589
fr,tarbes,45628
fr,clermont-ferrand,137364
ca,port hawkesbury,3564
no,lopsmarka,2302
cz,rokycany,14295
ph,bulasa,3419
mx,hidalgotitlan,3770
jp,tomakomai,174808
gb,darwen,32566
br,guariba,30464
ph,tagpangi,2980
ph,nambalan,2265
ph,balinad,3032
mx,tlapehuala,8651
it,potenza,68823
us,east highland park,12917
ph,bacalan,2060
lt,eisiskes,3810
ch,egg,8585
co,san luis de palenque,2032
co,la capilla,1375
us,brecksville,13427
us,davie,82605
no,brandsoy,474
kz,stepnyak,4929
in,jambusar,41596
co,aguazul,15670
az,tovuz,12626
us,sherman,37108
tw,chutung,92669
tj,altyn-topkan,4823
co,choconta,7592
us,saint paul,274792
us,independence,46133.3
tr,kula,31116
nz,manaia,902
lu,wahlhausen,246
it,altavilla vicentina,10643
in,madhoganj,10300
gr,markopoulon,4214
at,neunkirchen,11313
us,des moines,110924
tz,kisesa,29804
ro,letca,2185
pk,sanghar,62057
ph,estrella,3539
ph,canroma,2170
ph,bactad,3610
in,khargone,94995
fr,rouen,108101
us,boston,571281
ro,malaia,1886
jp,yokaichi,45339
jp,kashihara,126224
ca,dalmeny,1504
ru,sukhaya buyvola,3525
ro,logresti,3001
ro,holod,3493
ro,cornu luncii,7288
pl,miedzychod,10994
ph,kumalarang,6870
mx,huimilpan,3434
in,limbdi,41743
co,gomez plata,4097
be,waimes,6661
ph,jaguimitan,2461
in,tirukkoyilur,28340
in,sivaganga,42789
in,karsiyang,46431
de,bad reichenhall,16823
ru,fosforitnyy,4158
ph,baculongan,11742
mx,jojutla,20540
it,solofra,12419
us,upper arlington,31474
ro,santa-maria,3062
nl,anna paulowna,14379
cz,horni plana,2281
be,staden,10786
ws,lufilufi,1074
ug,busembatia,15889
ru,kurumoch,6443
mx,ensenada,256577
is,drangsnes,77
hu,csaszartoltes,2649
be,ingelmunster,10603
co,guatavita,1920
in,kashipur,103149
ua,stavyshche,7634
lt,juodupe,1989
in,virar,150419
gr,nea kerasia,1300
de,kempten,61800
ru,labytnangi,27067
ru,adamovka,7994
ph,sagada,2830
mx,allende,21214.3
in,parbhani,289652
us,parma,82565
us,bar harbor,6090
us,ottawa,15507.5
ru,kosaya gora,17619
ni,san rafael del sur,25184
mu,saint pierre,16414
in,ankola,14541
gt,guastatoya,13190
et,kofele,9643
us,davis,65806
us,hoover,66752
ru,londoko,1298
ph,sumabnit,4296
ru,vyborg,78634
ru,lesogorskiy,2989
ru,kizema,3644
my,sungai petani,228898
my,kulai,63765
gt,san juan chamelco,11389
fo,famjin,111
co,gonzalez,5634
cu,mariel,28987
dk,strandby,2518
ir,minab,70796
in,kunda,24951
sv,santiago nonualco,9490
sk,levice,37574
ru,zolotinka,548
in,murliganj,23846
in,jamnagar,492087
hn,danli,44805
de,feuchtwangen,12207
de,friedberg,28872.5
ru,syktyvkar,230142
ro,butea,3893
my,tampin,28240
it,copparo,18110
cz,hlucin,14341
be,steenokkerzeel,10566
us,oak forest,28122
ua,mlyniv,8228
in,khed brahma,29404
ge,khashuri,27814
cn,mudu,61902
pk,begowala,9258
no,fetsund,6480
kz,urdzhar,14826
de,neustadt,18920.4
tr,kulu,47061
ru,shatsk,7434
rs,stara moravica,5559
pt,aveiro,54161
ph,lourdes,3119.67
hn,las lajas,3011
gt,san miguel chicaj,12708
co,la paz,1135
at,feldbach,4877
ru,nalobikha,4451
ru,borzoy,4218
in,sandur,29016
in,kanor,13090
am,dashtavan,1762
tr,yalova,71327
sv,sociedad,1770
mx,atzompa,4176
in,kurgunta,8682
ph,hobo,3373
br,carnaiba,6019
co,gualmatan,2510
cn,mingshui,87113.5
ro,gornesti,5787
ni,el jicaro,9522
hu,levelek,2948
ro,lipovat,4403
in,mau,132688
id,perbaungan,157378
cz,lostice,3051
us,key biscayne,10122
ua,tatarbunary,10396
ua,bykivka,1911
ro,ardusat,2513
pe,huancayo,380098
mx,juchipila,6700
in,rahon,12486
us,blue springs,49767
ru,pinega,3620
it,campi bisenzio,39555
us,tenafly,14335
ru,torfyanoy,1775
ru,bogatoye,6391
ro,casimcea,3363
mx,homun,5423
cn,longkou,60444
co,samana,7781
cn,tanggu,535298
ru,baltay,3959
cz,napajedla,7573
ua,utkivka,1272
ua,antoniny,2592
tm,balkanabat,87830
ru,novyye gorki,2877
ru,novosilikatnyy,15241
ro,batrana,172
ph,cabagan,25304
no,vestbygda,1111
ke,kakamega,63433
hu,farmos,3793
gt,genova,3667
gr,vasiliai,984
gb,carlton,49687
ca,geraldton,2349
de,isny,14461
rs,lebane,10086
mx,tetiz,3774
lk,nuwara eliya,25780
hu,diosjeno,2746
gb,stafford,65290
ch,dietikon,22443
es,salobrena,10725
co,manta,1410
ar,libertador general san martin,49273
ru,kamennogorsk,6208
mx,atarasquillo,5660
de,willich,52100
br,paranavai,72849
lu,differdange,5295
us,north auburn,12841
ro,bozioru,1267
pt,silves,10917
pl,lobez,10609
nz,invercargill,47287
mx,frontera,43800
mq,les trois-ilets,5658
kz,saryozek,13930
ru,bazhovo,11537
ro,margineni,6014
ph,malabanan,3731
mx,ayoquezco,5302
ru,pinerovka,3602
ru,pevek,4832
in,gadag,162583
ht,verrettes,48811
fo,sumba,289
co,valle del guamuez,9969
pl,kutno,48323
ru,strelka,5555
ph,sandiat,4910
pe,huasahuasi,5169
mx,isla,24558
in,pratapgarh,25727.5
hu,nyirvasvari,1971
al,pogradec,25758
br,itaitinga,30939
br,jose bonifacio,27828
us,spring,38129
ru,tomsk,485523
it,giarre,27688
in,davorlim,11418
hu,cegledbercel,4710
de,harrislee,11600
ru,batayurt,4093
ni,camoapa,14401
gr,tsaritsani,2514
de,lahnstein,18572
ca,hantsport,1253
si,senovo,2404
ni,puerto morazan,5769
id,wates,22916
ee,sihva,362
es,utiel,12277
za,ventersburg,10698
us,acworth,19852
mx,los reyes,97433.7
hu,nagyrabe,2380
gb,strood,33381
co,venadillo,11311
br,assis,87473
us,hanover park,37083
ua,lazeshchyna,4008
ru,kazanskoye,5851
it,cernusco sul naviglio,27540
id,cikeruh,85328
ch,opfikon,13395
us,lithia springs,2012
ug,kasese,67279
tr,selcuk,29116
tr,malazgirt,26121
ru,ansalta,5654
rs,sevojno,7692
pl,krzeszowice,9978
lu,lorentzweiler,772
gb,cardiff,302142
br,pedro velho,6366
dk,lynge,4284
cz,lednice,2347
us,edgemere,9401
ph,mallig,3767
ph,laguitas,2181
mx,coyula,5408
si,celje,37115
mx,tepeyanco,3370
us,southglenn,42268
th,phuket,89072
ru,vysha,1061
pk,liaqatabad,26374
pk,isa khel,17588
ph,surigao,88581
us,englewood,22093
ru,gorkovskoye,5644
ro,vulcana bai,2972
ro,daia,3090
ro,ciuperceni,1800
ph,pilig,2336
mx,pichucalco,14220
mx,coatepec harinas,7243
it,tricase,17836
ie,mullingar,17262
gq,bata,173036
de,vechelde,16165
us,beecher,11971
ru,zaterechnyy,7835
ru,vinogradnyy,3250
ru,lomovka,3178
ru,bolshoye bunkovo,3412
ro,ardud,6357
ua,makoshyne,2596
ru,miskindzha,3611
ro,dragoesti,2930.33
ro,ceratu,3851
ph,panggulayan,2737
pa,pacora,55530
lu,mertert,1163
gt,zaragoza,9168
de,kreuztal,31720
de,osterhofen,12010
in,chatra,46849
de,bottrop,120829
bo,concepcion,6901
ru,ibresi,9113
pk,toba tek singh,69084
ph,cabaritan,9348
pa,divala,2493
it,conversano,24802
be,couvin,13518
no,kroderen,532
mx,nanchital,25983
fr,bretigny-sur-orge,23336
ca,saint-agapit,2048
ba,konjic,15950
za,rustenburg,124064
ua,oreanda,858
ru,chusovoy,50205
ro,ozun,4493
ro,cricau,2052
dk,starup,2091
ve,cumana,257821
ph,wawa,4056.67
it,sorrento,15308
mk,kumanovo,108471
be,theux,11587
br,sao francisco do conde,24615
de,erkner,11866
de,ribnitz-damgarten,17176
de,boblingen,46830
ru,ufimskiy,3260
in,surat,2894675
es,sevilla,686647
us,mounds view,12648
ru,kolodeznyy,5857
ru,firovo,2746
ro,urmenis,2253
ro,peretu,7816
lu,weiswampach,691
hu,gencsapati,2580
my,pantai remis,16318
lu,biwer,653
id,sukabumi,276431
ht,pignon,6766
hr,velika gorica,35073
cr,san jose,183243
br,ipameri,18607
co,toca,3946
br,boca do acre,14427
br,pedra branca,20072
za,glencoe,13547
tw,tsaotun,99423
se,lulea,45551
ro,ciorogarla,4968
mx,motul,21109
hu,urkut,2178
gt,santa apolonia,2346
de,hilter,10312
tz,mwembe,9032
rs,jakovo,6077
ph,dalupaon,3901
de,einbeck,28179
cn,kaili,151956
us,colonia,17669
jp,hakodate,275733
it,eboli,37120
bj,bassila,23616
ca,moosomin,2206
us,amherst center,34618
ru,khatukay,4538
ph,lepanto,2472
ph,causwagan,2225
cn,huangchuan,72663
cz,velka bystrice,2857
ca,kirkland lake,7776
us,bremerton,44053
us,lake shore,13170
ru,sharlyk,8072
ro,borcea,9546
ph,bulata,5151
mx,ojitlan,6043
mt,xaghra,3680
id,jatibarang,50911.5
ch,buchrain,5802
dk,randers,55780
us,alameda,70443
mx,san jose iturbide,16702
br,osasco,677869
us,university place,30873
us,georgetown,18275.2
ru,sebrovo,4496
nl,maarsen,39269
it,campobello di mazara,11225
de,bad tolz,17378
ru,uglerodovskiy,2986
ru,safakulevo,4189
mx,comonfort,22300
br,traipu,8427
cn,yongchang,94465
br,itatuba,4951
sy,duma,111709
ru,podgorodnyaya pokrovka,3123
pl,trzebnica,12212
mx,rosarito,66023
gb,rawtenstall,22115
vn,son tay,40636
us,siloam springs,14634
py,doctor juan leon mallorquin,7489
hn,santa fe,915
us,oak harbor,22031
th,lam luk ka,60700
ph,san policarpio,5616
na,swakopmund,25047
it,saluzzo,16080
de,duderstadt,22842
hu,domsod,5942
co,hispania,2468
us,casa grande,32138
ru,alakurtti,6293
pk,bandhi,8609
hn,cusuna,1441
gr,karousades,993
br,goianesia,47884
us,honolulu,384241
sz,sidvokodvo,1747
ro,durnesti,4144
mx,hopelchen,7021
it,vignola,22092
it,conegliano,36037
ro,mihalt,3601
pl,pila,75532
gt,zacapa,35349
co,rovira,6950
br,cubatao,118412
co,la primavera,3920
in,mukerian,22753
us,adrian,22704
ph,la paz,3048.25
mx,tepetitlan,4590
hu,murakeresztur,1969
br,guaratuba,18906
uy,nueva helvecia,10305
dk,middelfart,13596
af,jurm,12121
cf,kembe,22348
es,ceuta,71436
us,wilmington manor,8091
th,ban chang,28204
ro,timisoara,315055
pe,caraz,10976
my,kuala terengganu,285091
lu,heispelt,81
in,uri,6757
be,turnhout,39654
cz,vamberk,4794
be,celles,5471
us,torrance,144963
ro,namoloasa,2373
ml,goundam,8459
it,aprilia,67935
ge,tsnori,6613
ee,voore,321
mx,coxquihui,3716
hu,rackeresztur,3117
dk,sunds,3525
fr,bry-sur-marne,15911
mm,shwebo,88926
in,palitana,55916
co,cubara,1466
th,bang mun nak,15616
ru,uglezavodsk,1610
ph,daan banua,4036
kz,zaysan,17600
gb,ashton-under-lyne,43675
fr,romans-sur-isere,32933
cz,bakov nad jizerou,4684
pl,slupca,14476
ph,lalagsan,2941
co,el tarra,3336
ru,sosnovskiy,3339
pe,ilabaya,9534
hu,halaszi,2850
cz,vodnany,6546
br,santana de parnaiba,98991
za,aliwal north,44475
us,fairmount,10086
us,overland park,166010
ro,panaci,2308
in,gadarwara,41424
fr,uckange,7264
br,umuarama,89688
es,malaga,557875
jp,shimodate,63667
in,bajna,7674
us,providence,177595
ua,bekhtery,2909
ru,mosta,622
jm,portmore,102865
in,mawana,76981
hu,mindszent,7243
hn,ayapa,1559
fr,sotteville-les-rouen,29848
de,wolfratshausen,17190
be,sint-niklaas,69010
sa,mecca,1199659
ru,yertarskiy,1612
mu,grand bel air,1452
id,kaliwungu,48916
ro,balan,5662.5
no,vadso,5190
ba,blagaj,4715
ao,lobito,207957
cl,los andes,56859
es,tacoronte,22289
co,juan de acosta,8655
ru,udimskiy,2594
ph,sagbayan,4934
pa,el giral,1310
id,pangkah,113387
cu,aguada de pasajeros,23606
ua,vylkove,8916
ru,kolyubakino,2724
ro,vagiulesti,3113
ph,tinalmud,2217
ph,kinalaglagan,2397
pt,poiares,5514
ph,sarrat,5822
nz,riversdale,371
no,dovre,459
in,naldurg,17262
za,port shepstone,52804
ru,tungor,1322
ru,argudan,8250
mx,cuitzeo,7114.5
dk,videbaek,4052
bw,mopipi,3301
zm,serenje,8780
ru,kharovsk,11115
pl,bialogard,24265
ng,afikpo,71872
bg,bankja,8104
ru,oster,1894
ph,cavite,59161
mx,huazolotitlan,4506
in,pollachi,88221
ci,bondoukou,79013
us,loiza,4311
se,alingsas,22788
ph,progreso,3097
de,wadgassen,18787
br,sao tome,6137
ee,orgita,540
no,rjukan,3576
in,rameswaram,39964
br,ji-parana,100128
ru,bolkhov,11904
pl,sierpc,18866
ph,calauan,36580
fi,pori,76773
ca,north battleford,19440
tn,tawzar,34949
ru,abdulino,21195
gt,san francisco zapotitlan,13544
cn,yatou,91517
us,northglenn,32656
ph,adtuyon,3380
pe,satipo,15602
hu,nagykoros,26711
hn,lucerna,1452
gr,rafina,12745
us,rock springs,18226
us,durango,15022
ru,novyy buyan,3508
pk,ziarat,733
in,gobardanga,43812
br,aparecida,34237
us,vancouver,157517
td,guelengdeng,11379
si,ptuj,18141
rs,backo gradiste,5453
bf,bousse,11093
ch,wadenswil,19473
ru,kikerino,1995
ro,sandominic,6306
ro,lalosu,2606
kz,zhitikara,43107
ru,yadrin,10735
ro,calarasi,20576.2
ph,matabao,3570
kg,at-bashi,15227
es,alhama de murcia,18060
cz,volyne,3177
hn,santa cruz,1155.67
za,atlantis,60269
ro,gheraesti,6448
py,sapucai,1932
ph,salunayan,2758
br,rio piracicaba,10439
at,langenlois,7081
ru,dalmatovo,14526
ro,orsova,12350
ph,glad,5746
ph,binucayan,2875
fr,le mans,147413
cn,jieshou,141993
cz,desna,3534
us,east brunswick,48495
py,pozo colorado,1850
ph,malvar,29880
ne,say,10388
my,juru,12265
mx,matatlan,3064
it,san vito al tagliamento,13834
hr,makarska,13446
de,stockelsdorf,16449
us,schererville,27157
ru,ashitkovo,3285
py,san cosme y damian,2224
ph,punao,5997
mx,belen,5680
ch,therwil,8986
ch,ebikon,11473
sl,rokupr,11157
se,soderhamn,12022
ru,suna,2400
ro,caransebes,27521
mg,mahajanga,154670
it,villa san giovanni,13187
in,hungund,19037
de,quakenbruck,13170
co,pradera,44631
ua,chornobayivka,8954
ru,voskresenskoye,3819.33
jp,tatebayashi,81275
ir,lahijan,64959
in,dewa,14377
id,bengkalis,41705
gb,cupar,8822
cz,ricany,10928
us,buckeye,9039
ru,bilibino,5757
ru,asbest,74584
pk,shahdadpur,67275
jp,ijuin,25217
hn,rio blanquito,2458
br,caxambu,22701
be,amay,13307
ug,mpigi,11082
tj,jilikul,5434
py,doctor cecilio baez,1978
ph,navotas,3220
gr,pakhni,1110
br,serrana,39826
tr,sungurlu,37544
ro,hurezani,1826
in,hosakote,11692
be,gedinne,4416
ru,imeni tsyurupy,3926
mx,amilpas,8796
lv,subate,908
in,kollam,394198
de,uetersen,18155
us,hurricane,10275
ro,breasta,3867
ro,balta doamnei,2719
us,ruston,20686
mu,grand bois,7804
it,marostica,13401
il,qiryat gat,48946
dm,castle bruce,1997
es,inca,26595
us,homewood,21448.5
ro,fizesu gherlii,2614
pl,blonie,12195
pf,faaa,29389
mu,roches noires,5733
ca,coaldale,6317
ve,maracay,395412
ua,mukacheve,81632
ph,punay,6099
ph,olingan,7806
kz,tobol,7155
us,sappington,6426
tr,seydisehir,51114
jp,akiruno,82022
in,makhu,12885
ee,seljametsa,318
br,carlos barbosa,19106
ro,ungheni,4703.33
ph,mogpog,3192
it,vaiano,9514
it,rionero in vulture,13399
tr,gerede,28596
ru,zasheyek,983
ph,malbago,2614
ke,muhoroni,15217
gq,evinayong,8468
br,riachao,12428
de,laichingen,11063
jp,suita,351634
fo,ljosa,33
co,pueblorrico,5327
us,kyle,18035
us,hickory,40334
us,rialto,101523
pt,nazare,8993
et,bedesa,17529
de,schwedt,40005
uz,koson,59681
us,kansas city,442028
us,calabasas,21368
ro,costinesti,2500
in,jewar,29319
be,ternat,14569
cz,litomysl,10351
co,turbaco,56173
rs,barajevo,8828
ke,kangema,4319
jp,kannabe,40767
co,caceres,4987
ba,izacic,4089
th,chon buri,219190
pl,limanowa,14714
nl,didam,16927
mx,san luis,7872
gb,glossop,33243
br,junqueiropolis,13965
dk,vejle,51177
us,millington,10021
id,lumajang,123640
hu,kecskemet,106062
ht,petionville,108235
gr,zaros,2205
us,north augusta,19030
ua,krasnodon,49351
ph,da-an,2085
mx,temamatla,5150
mx,nicolas ruiz,3268
lu,welscheid,149
cr,parrita,3734
bg,elin pelin,4699
ru,pyatigorskiy,4997
ph,tunggol,3494.5
ph,caibiran,6461
in,jogighopa,2415
cl,san carlos,31517
br,lajeado,65408
cz,strakonice,23863
ru,sosnovo-ozerskoye,5840
ph,pasil,10109
nz,leigh,499
br,buritama,12712
ph,macabugos,2561
be,aubel,4119
co,puerto colombia,26228
br,minas novas,7365
lu,everlange,370
it,treviso,81323
it,albino,17387
ir,birjand,197004
zm,kasama,91063
ve,guasdualito,30860
us,mount lebanon,32730
in,yelahanka,116457
us,hannibal,17568
ru,slavsk,5248
ro,zimandu nou,4412
ni,san jorge,7001
in,gunnaur,20982
fr,tours,135143
ws,lalomauga,406
us,hartland,8786
ru,zavodskoy,12882
ph,mayaposi,2538
lt,pabirze,490
gb,falmouth,22222
ca,brandon,26234
br,sao sebastiao do paraiso,57239
za,bethal,101986
us,rancho palos verdes,42693
ro,scaesti,2294
ph,palauig,2944
in,chhoti sadri,17336
fr,fontenay-sous-bois,51077
it,biella,45636
in,chatsu,33100
fr,chateauneuf-les-martigues,11225
am,chambarak,6153
br,portao,21051
de,starnberg,22827
by,pastavy,20218
pl,chojnice,39407
ph,tagudin,3468
is,reykholar,117
gr,atalanti,5859
bg,kostenec,9660
ru,dubna,33312
gb,kilmacolm,3887
ru,pyra,1991
cn,shenjiamen,95433
ro,hodac,4892
no,fjellsrud,427
cm,melong,37216
cz,chodov,14661
ru,stalskoye,6535
ru,sherlovaya gora,13989
ru,kinel,34337
mx,ixil,3375
in,pathardi,24093
de,ronnenberg,23604
do,bajos de haina,66810
cl,vallenar,44895
de,kaiserslautern,98947
za,heilbron,55237
vn,ho chi minh city,3467426
lu,altlinster,115
de,elsdorf,21901
ag,freetown,623
cn,yebaishou,65536
de,tubingen,83815
br,sao goncalo do amarante,16982
az,sahbuz,2674
br,santa quiteria do maranhao,17180
ua,izmayil,82485
ru,zheleznodorozhnyy,8588.5
nc,la foa,2778
in,kuchera,21798
ie,ardee,4008
gr,moulkion,1316
ca,canmore,12289
us,westford,21587
us,thompson,9358
tr,edremit,40797
ph,paticui,2742
it,merate,14801
cn,yishui,94115
ee,tamsalu,2594
ua,pryluky,62822
ru,baley,13404
gt,sayaxche,8913
cz,hovorany,2212
co,villavicencio,321721
us,el monte,125372
pk,khangarh,19697
nz,winton,2193
ca,duncan,22199
tz,monduli,5694
si,sempeter,2893.5
ph,balagunan,4528
cr,santiago,8292
ru,barsukovskaya,5529
hu,ivancsa,2807
gb,aylesbury,74565
co,gutierrez,772
ca,peace river,5340
dk,grindsted,9414
be,lanaken,24771
us,indiana,14357
tn,sulayman,25634
th,that phanom,14424
ru,brindakit,15
pe,la brea,17773
pa,el uvito,858
mx,nextlalpan,12598
fr,villeneuve-la-garenne,21557
us,rockingham,7125.5
us,lodi,43528
us,goodyear,42738
no,rod,345
nc,hienghene,2219
in,manohar thana,10100
ru,zolotkovo,3655
lu,mullerthal,152
jp,ichinomiya,280333
it,piombino,34114
fr,mouvaux,13035
fr,lillebonne,10099
br,riacho de santana,12658
br,baiao,12316
am,alaverdi,13186
br,lagarto,45446
co,tibirita,920
ru,birsk,41015
ph,juban,4075
no,kirkenes,3314
ee,parnu-jaagupi,1341
ca,donnacona,8014
us,golden,17887
py,itapua poty,646
ro,spineni,2359
pt,ponte de sor,11062
pk,samaro,8784
ph,macayug,2432
nl,noordwijkerhout,14963
gr,faros,1195
gr,epano arkhanai,3913
cn,caohe,67370
id,sungaipenuh,95990
gb,burnley,73480
ga,fougamou,5649
co,angelopolis,1917
cr,san pablo,21666
co,el paujil,7619
co,versalles,3543
co,cumbitara,1091
us,idylwood,16805
ru,yershov,23682
ro,marasu,3453
ro,dragotesti,2607.5
pl,lubon,26431
ni,nandaime,18832
na,otjimbingwe,7717
gr,nea karvali,2380
fr,granville,13003
tr,osmaniye,202944
cz,velke porici,2272
de,simmerath,15981
ro,targu-trotus,5305
ph,macatbong,2727
no,bjerkvik,1207
mx,huixtla,29257
br,junqueiro,7740
gb,strathpeffer,893
et,shambu,15357
us,branford,29438
th,bo phloi,16786
sk,medzilaborce,6741
in,kariapatti,14398
in,ammapettai,14529
de,hohr-grenzhausen,9906
ws,safotu,1207
pt,horta,6572
br,acopiara,24562
in,bhopal,1600080
gb,galashiels,14351
fr,poissy,35663
be,avelgem,9106
ro,topalu,1891
ph,gabuyan,4402
nl,noordwijk,23908
in,sedam,35137
in,kalavad,26289
gh,kade,13315
fr,pantin,52147
br,pao de acucar,11497
ph,dapawan,2929
mx,zapopan,987555
lk,mulleriyawa,33540
in,lohardaga,53037
br,santarem,189053
uy,chuy,11287
us,devils lake,6811
ro,vorona,7992
nz,amberley,1105
mk,samokov,1429
fr,trelaze,11481
au,kyabram,6396
co,jerusalen,697
ca,wiarton,2481
ru,udelnaya,13199
no,askim,12488
my,kuah,30227
in,unjha,54623
br,inhapi,7550
ph,gatbo,2361
in,kendrapara,43847
br,araua,4747
at,deutschlandsberg,8049
us,lacey,33755
us,hanford,47648
tr,mimarsinan,31021
ru,chaltyr,14689
ru,bureya,5383
ro,gurbanesti,1640
nl,urk,17887
in,shamli,97976
in,kalavai,10057
co,san alberto,10628
de,werther,11910
us,blythe,22483
ru,shenkursk,5893
ro,orlea,4591
ph,ondoy,2041
lk,kilinochchi,13006
jp,komatsushima,42599
ch,kussnacht,11771
it,pontassieve,21423
ru,novokayakent,5991
ph,sampao,6953.5
my,kuala kedah,19232
it,medicina,14065
co,paramo,843
co,barranquilla,1380437
ru,klyuchi,7850.5
mx,puerto madero,9652
gr,anatoli,6422
gb,norwich,177636
fr,saint-claude,12169
us,larkspur,11667
ro,macea,6056
my,gurun,15965
ml,araouane,4026
hn,san francisco de yojoa,1946
ph,lumatil,2172
au,hervey bay,47561
in,dhola,8206
cz,luze,2601
ug,mbale,76492
tr,gumusyaka,6244
ph,cantoria,2552
cz,kelc,2569
us,berkley,14997
lu,grindhausen,25
id,kuningan,72090
gp,baie-mahault,30553
be,geetbets,5813
us,tracy,83216
ke,kajiado,11199
ke,eldoret,218472
in,sausar,26707
ie,new ross,6695
fi,nakkila,5792
ro,poienile de sub munte,9865
ro,miroslovesti,7072
pl,swidnik,40061
ng,iwo,250459
ml,nioro,72080
it,martinsicuro,15030
gr,megala kalivia,2092
dk,bramming,6726
us,norwalk,70012.3
ro,iablanita,2566
kz,novodolinskiy,5167
ca,fenelon falls,1979
de,roth,24959
bw,pandamatenga,1685
ru,kalinovskaya,8305
pt,olival,5715
ph,igbon,2367
no,grodas,386
lu,hollenfels,247
in,londa,6132
in,atarra,46173
cn,wuning,130387
us,ronkonkoma,19705
us,eastpointe,32682
ua,novoselytsya,5636.5
in,guwahati,899132
ec,puerto ayora,8996
cz,zirovnice,3043
co,norcasia,5976
us,fort pierce,37723
ro,dangeni,3094
pl,milicz,12169
do,quisqueya,17697
pk,sinjhoro,15971
nz,waitara,6319
br,medeiros neto,15255
sk,myjava,13142
ru,tekstilshchik,7430
ro,rosiori de vede,30774
co,sapuyes,2628
mx,sayula,18185.5
mx,santa teresa,4813
ir,bushehr,157778
de,nordlingen,19646
ba,pajic polje,4026
bd,satkhira,128933
ua,dunayivtsi,15836
mx,chignautla,9259
ir,meybod,51879
id,nabire,43899
br,bambui,18840
at,sankt polten,49000
us,madison heights,20820
pk,mehar,30430
ph,sampaloc,11590
gr,khimarros,950
pk,mehrabpur,35264
lu,clemency,1821
gr,perivolia,3320
ee,mikitamae,345
za,springbok,10438
us,newberry,10526
ua,hoshcha,5084
ru,zavitinsk,13198
ro,troianul,3502
py,caapucu,2284
pl,krotoszyn,29231
pf,mataiva,242
in,mundgod,17000
id,kadungora,77255
br,pirai,19105
us,potsdam,9666
us,ocala,49558
ml,tessalit,2787
us,rahway,26713
ru,parma,1319
mx,copandaro,3498
gb,buxton,21300
br,trairi,23135
us,prior lake,23790
ru,kiyevskoye,4727
de,lubbecke,27131
cr,santa ana,8031
ee,joesuu,393
pk,nawabshah,229590
pk,garhi khairo,13666
gt,san juan bautista,2625
gb,widnes,56098
fr,vitry-le-francois,16714
cm,ambam,8476
ch,villars-sur-glane,9379
ws,puleia,262
ph,kitango,2608
mu,clemencia,1835
hn,sandy bay,1072
gt,aguacatan,5457
gh,nkawkaw,41493
gb,portlethen,6841
cn,jianhu,72474
us,altadena,43226
ru,tayga,24328
ru,siverskiy,12076
mx,valtierrilla,11970
in,pendra,12638
gr,kostarazion,935
br,urucurituba,10180
au,traralgon,18226
af,farah,43574
at,wernberg,5070
ru,soloneshnoye,4716
ru,chagoda,7288
no,fagerstrand,2018
mx,emiliano zapata,21629.7
cn,tumen,78719
cz,dacice,7895
ru,poplevinskiy,667
ru,nadvoitsy,10780
ru,butka,3510
gr,valsamata,1008
gr,afitos,1428
cn,fenyi,58478
br,bariri,28802
cn,yuyao,114177
ro,milisauti,8399
gr,simi,2508
br,presidente dutra,30330
dk,kas,1990
ua,bohodukhiv,17817
pk,mian channun,76248
mx,omealca,3818
mm,kyaukse,50486
ca,carberry,1575
in,pappinisseri,34028
id,diwek,41719
fr,cugnaux,14348
au,yeppoon,10769
br,carapicuiba,361120
tr,inegol,134030
fr,thouars,10601
fr,hirson,10529
de,sassenberg,14507
ru,kazachka,1042
ru,boshnyakovo,1491
mx,cocotitlan,9599
mq,gros-morne,11026
it,pachino,22301
hu,janossomorja,5985
ru,batyrevo,5648
nz,matata,722
mx,huiloac,5247
il,ramla,63837
bd,sarishabari,81334
us,amherst,11734
ro,bulbucata,1682
jp,itoman,57185
us,mustang,15612
ru,zainsk,42045
ph,darapidap,2684
mn,ondorhaan,14724
in,chhatapur,23425
gr,korifi,1552
gb,wallasey,58794
bw,serowe,47421
ru,zelenogorsk,11867
ru,sylva,7655
mx,los reyes acozac,22133
et,hagere selam,5169
th,nakhon pathom,117927
ki,temaraia,2631
in,madhyamgram,161142
ro,mesesenii de jos,3017
mx,la paz,171490
mm,dawei,136798
it,albano laziale,37869
mk,capari,1311
jp,tobetsu,21818
co,tena,696
us,port chester,27990
us,denver,555981
ru,zhigansk,3237
ro,magherani,2681
ro,avrig,14032
na,karasburg,6055
mx,tetla,12465
bo,mairana,4298
sh,edinburgh,271
de,hilpoltstein,12968
co,armenia,158684
ru,srostki,3049
pk,mach,16932
ph,tutubigan,2030
hu,balatonboglar,5964
dk,tranbjerg,7307
bg,silistra,38166
us,atchison,10068
rs,vojka,5173
ph,montalban,134436
hu,bugyi,5412
fr,guipavas,13109
br,matelandia,10816
us,richfield,22120.5
us,rome,34763
ru,oktyabrsk,24726
rs,klupci,7366
nl,roermond,46558
it,francofonte,13398
fr,juvisy-sur-orge,12185
cn,dongli,110107
ru,ust-katav,25046
ru,mukhanovo,652
ph,aumbay,3397
in,chakrata,3349
ua,onufriyivka,4298
be,blegny,12745
br,medina,14686
br,capao bonito,37207
cl,machali,27595
co,garagoa,11102
ro,ghiroda,4857
mx,comalcalco,40992
in,dhupgari,41172
tn,sabibah,6291
ro,oinacu,3892
hr,sinj,11524
de,merchweiler,10795
de,hofgeismar,16199
ro,dumitresti,5292
ph,bagting,19206
kg,suluktu,15019
in,guruvayur,21418
gr,peplos,1037
cn,anqing,358661
bg,obzor,1864
us,marysville,17157.8
ph,pulupandan,27361
ph,bucal,3254
cn,dongzhen,98259
ro,corbeanca,3786
gr,deskati,3856
br,cafarnaum,12940
bo,chulumani,2953
de,ubach-palenberg,25957
us,south bend,103760
ru,orlik,2008
co,bojaya,1396
af,asmar,15708
us,las piedras,6655
us,evergreen park,20139
ru,yuzhnouralsk,38745
ro,ciprian porumbescu,6405
ph,angeles,298948
gt,san pedro carcha,12941
ru,cherdyn,5585
ph,pura,6929
in,tiruppuvanam,22519
id,pacet,328324
td,adre,11928
ro,sacuieu,1617
in,koregaon,25846
ca,sudbury,109724
pl,zawiercie,53159
lv,kegums,2372
ge,ureki,1625
ge,shorapani,1699
br,rolim de moura,37953
cn,dezhou,379555
tr,aksehir,64478
ro,cristolt,1516
mx,mezcala,4100
in,giddarbaha,39246
ee,soinaste,336
ph,nanca,2666
id,manokwari,53191
id,gombong,31965
gb,pontefract,28620
tz,mahenge,7768
tw,yuanlin,127650
ru,sursk,7623
nl,tholen,24399
tt,mucurapo,4342
ro,costuleni,4911
it,ovada,11898
it,guidonia,81837
ie,monaghan,5937
gb,chirnside,1176
br,careiro da varzea,1092
ru,tumbotino,7546
ph,pangil,19726
pe,puquio,10538
nz,whakatane,18602
no,klofta,6036
no,halden,22029
nc,tadine,8261
br,cruzeiro do sul,45517
ba,skokovi,3553
us,mount dora,10924
us,sedona,11299
ru,alabino,612
ro,apa,2842
mx,huhi,4367
mk,lukovo,1424
cr,batan,4584
ee,haabneeme,2077
de,freiburg,213920
us,harker heights,19049
nl,hattem,11676
hn,paujiles,1244
do,nagua,33863
bi,muyinga,71095
cz,prusanky,2087
mk,delcevo,17415
kz,zyryanovsk,44939
it,rocca priora,11117
in,ayyampettai,14704
gr,kirra,1348
de,herdecke,25954
ua,urozhayne,3404
mx,asuncion ocotlan,3848
mt,santa lucia,3760
ch,cham,13431
cd,tshikapa,267508
ru,novonukutskiy,3121
ro,matasari,5411
mg,ambositra,30353
id,pontianak,455226
de,eschwege,21546
ru,karabash,10390
ro,mehadia,4336
hu,soponya,1996
fr,dunkirk,71740
br,itapetinga,59723
ph,puro,4738.5
my,klang,879887
iq,sinjar,38437
in,piriyapatna,16101
hn,la libertad,3058.5
gb,neath,46126
co,bogota,7102602
es,vigo,286585
us,thibodaux,14410
ru,strelna,12477
ru,oktyabrskiy,10053.3
mx,zacapoaxtla,8771
gr,krokeai,1329
th,photharam,36248
ro,alexandria,49346
br,tabira,16926
au,geelong,150438
ba,tomislavgrad,7737
ch,reinach,7756
ph,bulwang,3462
mx,tarimbaro,5138
md,glodeni,12353
ke,maralal,20843
id,surabaya,2374920
et,gore,9352
ca,saint quentin,2207
de,pulheim,54209
us,commerce city,30707
ru,sirtich,4185
pg,kerema,5645
no,vikevag,531
ge,lajanurhesi,95
am,dsegh,2484
ru,beno-yurt,5642
co,turbo,50509
au,byron bay,6764
us,midwest city,54958
us,atascadero,27308
ua,zolochiv,16884
sv,anamoros,2655
ro,ilva mica,3431
ph,new washington,5731
gr,vasilikon,7039
fr,illkirch-graffenstaden,25023
dz,wahran,646025
ru,atamanskaya,3930
ro,lupac,2922
mt,san lawrenz,530
fr,longjumeau,20301
cz,tlucna,2307
tt,chaguanas,72158
ru,mugi,3377
ro,brasov,276089
gr,sapai,4506
us,delano,44757
ru,volokonovka,12413
ro,craiova,304144
ee,krootuse,417
co,cienaga de oro,17623
tr,agva,3492
ru,kazan,1104750
ro,matasaru,5722
pa,vista alegre,41786
kz,zhanatas,33495
id,subang,129009
hn,langue,3680
gr,taxiarkhis,1055
ru,oboyan,14434
ph,bongued,2684
in,pauri,26517
br,sao jose da tapera,12392
co,chiquinquira,45295
vn,tuyen quang,36435
us,naguabo,4643
ro,simnicu de sus,4380
ph,pangobilian,7178
ph,manambrag,2920
ru,nachalovo,4808
ph,socorro,7642.5
mx,providencia,4916
in,bettiah,127022
br,aracatuba,170028
ru,uglyanets,3647
ru,giaginskaya,15169
ro,mosnita noua,4268
ph,cainta,283177
mk,cucer,8646
jp,natori,75563
id,sumbawa,52655
ge,sukhumi,81546
us,reynoldsburg,33237
ua,volnovakha,23731
tn,matir,31005
ro,basesti,1586
pt,campo,6733.5
in,sattankulam,14085
br,picos,57496
us,the village,9979
ru,mukhtolovo,5615
hu,sutto,1998
br,balsas,68058
us,moreno valley,168629
ua,arbuzynka,7140
th,rong kwang,12087
sz,siteki,6153
rs,kisac,5395
fr,viry-chatillon,30479
pk,sialkot,477537
jp,wajima,24605
in,mangaluru,417423
cd,mbuji-mayi,874974
pl,radzionkow,17167
gb,bishopton,5029
cn,hengyang,759602
mq,saint-pierre,4125
de,xanten,21294
at,matrei,5076
br,costa rica,12931
am,lernapat,1710
de,selb,17172
cn,nanfeng,86129
ws,taelefaga,183
ph,nueva fuerza,2191
pe,saquena,4381
mx,ameca,35869
it,bagheria,55388
gb,aboyne,2236
cy,aradippou,13351
ee,karjakula,362
ie,trim,6781
gb,brodick,655
cn,jiangkou,59902
br,acarau,28389
ph,malbug,2292
in,kaimur,20156
cn,qixia,79106
ro,bragadiru,6386
ph,wangan,7621
gr,nea malgara,2476
ca,tottenham,5101
th,phayuha khiri,12271
ru,volgorechensk,17700
ph,tambulan,2162
gr,messini,6773
ee,tammiste,354
bg,karnobat,19902
cz,cervena voda,3214
ug,mbarara,79159
ph,kaongkod,2329
it,san benedetto del tronto,43767
gr,playiarion,4561
am,lorut,1101
ua,krasnosilka,4406
ru,losinyy,2189
ro,abrud,6122
mx,tzimol,4178
mx,tecamac,15244
gb,portree,1886
br,guajara,9776
ec,archidona,7309
us,oakton,32171
us,cloverleaf,26557
us,bangor,31534
ro,butimanu,2335
ph,carmona,55886
no,kopervik,6465
in,navapur,32323
in,anupgarh,33311
cz,trmice,2678
ph,tebag,2779
ph,imbatug,2480
mx,tepatitlan,83698
hn,san agustin,1357.5
hn,agua caliente de linaca,973
ee,koo,318
us,torrington,20741.5
us,douglas,10982.3
gr,limenaria,2503
br,ponto novo,7141
gt,rio blanco,812
bj,ketou,22341
br,igarassu,86458
de,selm,27596
ro,caianu mic,5340
in,sopur,63039
in,madhogarh,7791.5
tr,kumluca,30355
ro,glavanesti,3760
in,majholi,11554
ec,tena,17172
bw,bobonong,18136
us,mendota,8872
sk,pezinok,21343
ru,asekeyevo,5267
pa,el cope,1179
hu,nyirbogdany,3039
gr,panorama,16551
ca,listowel,6237
ws,saina,230
cu,consolacion del sur,69859
td,doba,24336
id,curug,191617
cu,corralillo,51900
ru,telnovskiy,207
ru,svetlyy yar,13131
ph,ambulong,9074
it,ercolano,53341
in,yaval,32883
dk,rodby,2379
br,pouso alegre,115203
br,bom jesus do galho,12476
pk,sujawal,27599
pt,lavos,4164
ph,bombon,4913
mx,villa de alvarez,95066
in,mehnagar,14898
id,sabang,24519
id,prabumulih,103476
et,nedjo,20170
et,dilla,47029
us,alsip,19302
ru,stavropol,363069
mx,fortin,20668
lu,brachtenbach,159
jp,shiraoi,20805
in,kenduadih,9033
hn,concordia,1272
gt,santa maria chiquimula,6837
de,friedrichshafen,58005
us,north bend,9620
us,key largo,12247
ro,rediu,5195
ro,deleni,5201
ph,camambugan,2265
es,santa marta de tormes,11998
br,penha,20097
ru,bogdanovich,32270
ro,topana,1220
pa,san carlos,810
in,turaiyur,32137
cl,calera,49107
br,carmo do rio verde,6053
la,pakxe,88463
be,ledegem,9102
uy,santa lucia,18022
us,meredith,6593
ph,bangahan,2728
it,cento,30001
in,karkal,25376
de,frankenberg,18092.5
ro,ormenis,3325
ro,moftinu mare,4242
pt,chaves,13066
ph,guio-ang,2652
it,albignasego,19835
it,adrano,36184
in,aldona,6606
id,curup,46246
hu,nadudvar,9135
dk,stilling,3655
zw,zvishavane,79876
ph,garcia hernandez,2643
ru,krasnoznamensk,3724
ro,poiana stampei,2315
pl,rawicz,21380
pe,papayal,5509
ar,rosario,1218497
de,stendal,37402
be,kruibeke,14815
de,ainring,9852
br,carauari,18059
py,san rafael del parana,460
pl,ryki,9619
no,holmestrand,6076
it,scordia,17742
in,losal,27966
id,seyegan,23427
gt,chisec,12038
ru,chastyye,4907
ph,cabuynan,2569
in,himatnagar,60638
gb,sanquhar,1987
bj,lokossa,86987
am,armavir,2752
in,bodinayakkanur,75687
nz,warrington,427
it,moncalieri,52820
in,karamsad,32382
gw,mansoa,7821
am,odzun,4524
us,lawrence,65914.7
no,tolga,651
mx,luis gil perez,5489
it,raffadali,14023
it,cameri,10236
in,ballarpur,92154
gh,koforidua,76669
ee,pisisaare,300
us,lisle,21665
us,shasta lake,10611
ru,pokrovo-prigorodnoye,5012
mx,cerritos,13453
ca,campbellton,12064
br,botucatu,113865
ru,yermolayevo,6354
ru,mikhaylovsk,34703.5
pt,teixoso,4703
nl,uitgeest,12293
it,marino,32905
ir,gonbad-e qabus,131427
in,ratlam,236868
in,pihani,30372
ec,puebloviejo,10335
ru,tynda,37336
ro,aghiresu,7071
nc,koumac,3153
mx,malacatepec,4234
jp,inuyama,73996
jo,sakib,11339
it,grosseto,72328
in,kundgol,17618
ba,tojsici,6587
ru,lisiy nos,2508
ru,dzhiginka,4079
mx,emilio carranza,5887
us,mitchellville,9135
hu,karacsond,3132
gr,paralion astros,827
am,griboyedov,1879
ru,kuznechikha,3227
ru,ksenyevka,3344
mx,octopan,12054
in,madanpur,12960
in,kemri,26729
cz,uhersky ostroh,4499
es,las palmas,365418
cn,zaozhuang,183665
mx,navolato,28462
ci,bingerville,83105
us,el cerrito,23192
ph,new agutaya,2464
za,upington,71381
pl,ostroleka,53740
ph,putlod,3481
mx,delta,5698
gt,san andres xecul,11884
ro,varsag,1493
ro,panatau,2835
ro,dornesti,4371
nz,tokomaru bay,495
it,san giovanni rotondo,27228
ch,unterageri,7248
br,petropolis,272694
ro,uricani,9924
in,kishanpur,6105
dm,roseau,16571
br,ibicui,10640
za,brakpan,305702
ru,priyutovo,20847
ru,baltasi,7009
in,babai,16177
hu,lajoskomarom,2365
br,ananindeua,433956
cz,chlum u trebone,2253
ro,vizantea,4201
ro,negresti-oas,13456
ro,poduri,7937
gr,skiros,1732
fr,annecy-le-vieux,20103
pt,covilha,17610
mx,tierra colorada,10202
gr,lagos,1535
ch,rothrist,7141
us,merritt island,37991
sn,passi,4521
ru,luza,11936
ph,medellin,11741
hu,doge,2181
ca,yamachiche,1255
ws,leusoalii,371
ru,bolshoye soldatskoye,2647
ro,tiganesti,5397
in,udala,11812
in,anuppur,18124
au,adelaide,1074168
br,capela do alto,11991
br,buriti,7025
ru,usolye-sibirskoye,86903
ru,lesosibirsk,65946
pl,kudowa-zdroj,10176
ph,limaong,3321
cy,guzelyurt,14836
be,verlaine,3600
de,miltenberg,9706
us,pico rivera,66332
ua,nedryhayliv,6031
pl,krosno,47784
in,kakrala,35694
gn,boffa,2332
fi,kouvola,31133
us,cheney,10292
tr,zile,55708
ir,agha jari,22019
in,sodpur,7038
do,mao,48297
us,exeter,10418
ro,mitreni,4831
ph,los arcos,2234
gr,athens,729139
fr,sedan,19997
us,saginaw,37926.5
ua,chaplynka,10224
ro,murgasi,2750
ph,ocampo,2841
mx,oluta,11489
lu,blaschette,465
br,anadia,9574
tw,ilan,92920
ph,boljoon,3313
nz,new plymouth,49169
it,teramo,49605
in,satana,34443
in,ghatanji,20786
in,bhitarwar,17681
cn,nanlong,63405
us,panama city,37633
ro,berbesti,5606
ph,los banos,95752
gr,ermioni,2856
fr,cenon,21483
cn,huicheng,125919
es,cambrils,23833
pl,mlawa,29398
in,balaghat,80368
hu,piliscsaba,6468
bw,tobane,1925
no,stamsund,1010
jp,maki,29042
in,dhone,39689
zw,mutoko,11380
mx,tenango del aire,5237
in,poladpur,5660
hn,monterrey,2234
br,barra do bugres,31313
bb,blackmans,623
us,sulphur,19570
ru,khani,903
gb,stuartfield,649
tz,mwanga,12846
td,faya,13400
ru,belaya rechka,3013.5
cl,lautaro,21579
ru,urdoma,4460
pl,strzelce krajenskie,9978
hr,pag,2714
ru,letka,2984
ro,chiheru de jos,1720
ro,blejesti,4149
no,grong,1073
md,orhei,49629
in,radaur,12329
ee,ahja,616
dk,norre aaby,2678
ro,letea veche,4893
de,haiger,20134
ro,targusor,2937
it,nola,32872
gr,zarakes,936
fr,la courneuve,35862
er,ginda,11560
br,itabaiana,41495
vg,road town,8449
tr,cayeli,24571
tn,zawiyat susah,8789
mg,vondrozo,19949
er,asmara,563948
ba,zboriste,4922
ru,ust-uda,5169
pt,santiago do cacem,7797
nl,cuijk,25012
in,khammam,170522
gb,weymouth,50253
gb,golspie,1381
de,waldheim,9150
ca,kindersley,4249
es,cambre,19445
cz,chotesov,2592
co,san estanislao,12596
ru,erzin,2952
mx,acanceh,9892
il,haifa,269961
hu,hodasz,3489
de,kamp-lintfort,39949
bg,gurkovo,2933
cz,prerov,48513
br,senador pompeu,16516
no,lorenfallet,944
it,domodossola,18887
hu,emod,5382
co,campo de la cruz,22804
de,mulheim,172779
ve,barinitas,34397
ph,new sibonga,2310
gr,nea mesimvria,2349
ws,lepa,172
us,berwick,9112
ro,movileni,3389.33
pe,santa rosa,10673
nz,waitati,534
in,ray,5949
in,adalaj,10423
fr,laxou,15264
cz,bolatice,4118
br,tome-acu,34054
ve,la dolorita,56846
ro,criseni,2390
jp,nanae,30008
us,marshall,16014.3
us,berkeley,54923
ph,lobong,3641
pa,el progreso,4292
in,jasidih,16339
cz,bela pod bezdezem,4937
us,dunwoody,35997
us,north branford,14454
sv,metapan,19143
sk,stropkov,10874
ru,galbshtadt,2001
pk,attock,85504
mx,cintalapa,33465
mq,ducos,17395
cz,brandys nad labem-stara boleslav,15375
de,schwabisch hall,36590
us,north bay shore,16023
ua,murovane,4251
tr,karabuk,97531
ru,yakhroma,12667
ru,bershet,3489
ph,caramutan,6525
es,salamanca,155175
de,dingolfing,18733
us,parkland,24913
tz,dareda,19876
ro,cosambesti,3482
pa,ola,583
no,harstad,19574
ch,einsiedeln,13188
ru,ussuriysk,157071
py,villa franca,459
gr,lidorikion,840
cz,holice,6192
us,white bear lake,24301
ru,spassk-ryazanskiy,8655
rs,ljig,3060
pk,gilgit,9891
in,vaniyambadi,90295
co,coyaima,3893
bg,belovo,4533
us,annapolis,36252
id,kanigoro,36467
gb,pontypridd,30420
de,alsdorf,46558
am,brun,1028
us,new rochelle,72786
us,melrose park,23054
us,san leandro,79904
ru,nikel,15596
ru,choya,1930
ro,sohodol,2038
ro,danicei,2459
us,hialeah,224840
us,los alamitos,11718
th,phayakkhaphum phisai,10212
ro,stanisesti,4684
ie,killorglin,1409
cz,kuncice pod ondrejnikem,1954
br,tupi paulista,10877
jp,nanao,45309
in,udaipur,26779.5
in,dhaulpur,102469
ca,kanata,93541
ro,dorohoi,30776
mx,tonala,217236
it,pescia,17868
id,cianjur,146883
at,bad goisern,7869
co,ubaque,1009
ro,godeni,3333
ph,bilwang,2808
us,elmwood park,21695.5
th,nong han,26120
ru,skalnyy,2069
mx,lampazos de naranjo,5104
it,lendinara,12477
cz,kobyli,2084
de,grafing,12469
br,sao pedro,27068
co,frontino,8603
us,renton,56141
ru,priyutnoye,5632
ro,totesti,1990
in,rajula,34655
fr,chamalieres,18853
at,schladming,4659
in,numaligarh,7386
de,kronshagen,11826
am,kamo,1340
br,sao gabriel da cachoeira,15232
ru,meget,8370
rs,krusevac,57417
ph,santa brigida,2541
no,hallingby,740
lt,venta,3270
fr,audincourt,15114
br,imbituba,43450
us,sabattus,4694
us,gray,7396
ua,masandra,6966
tr,erbaa,52213
pe,oxapampa,7777
de,asperg,12627
us,camp verde,10298
ru,gari,3134
ro,tudor vladimirescu,5412.5
mx,pihuamo,7613
hu,fulopszallas,2503
gb,keith,4396
co,concepcion,2016.5
ba,orguz,4371
cn,qianan,62337
ph,capalayan,2151
jm,cambridge,3930
nz,waitakere,166237
mg,taolanaro,45141
ir,semirom,27222
ir,abdanan,19362
de,dinkelsbuhl,11581
br,corbelia,12725
bf,tougan,17702
ph,longos,9092
in,sivagiri,16779
in,makrana,93911
hu,leanyfalu,2534
gr,manolas,1650
uy,la paz,22804
ru,alekseyevskaya,3754
ph,parang,15207.5
ph,cabalantian,3242
pe,paijan,21223
in,beswan,5897
de,geretsried,23377
ba,doboj,27234
us,tarpon springs,22935
th,bang racham,15313
ph,tagnanan,4171
ph,diliman,3792
mx,tepango,3376
mt,floriana,2516
in,tirumala,18015
us,allen park,28157
pe,sauce,7113
in,kanth,24886
ru,rasshevatskaya,5686
py,quyquyho,757
np,dhangadhi,92326
lv,ainazi,1278
gr,axioupoli,3368
us,mokena,19210
ru,golovchino,5356
ru,degtyarsk,15294
lu,altrier,190
in,pinahat,19513
fr,lisieux,23100
am,oshakan,4768
us,dormont,8716
no,hauknes,1860
gr,nestorion,884
ru,yasnyy,17360
pt,pacos de ferreira,6782
ph,victorias,86507
ph,tapon,5245
it,eraclea,13132
id,juwana,40178
be,deerlijk,11292
br,nova cruz,23166
cg,kinkala,13882
ua,yalta,42514
co,murindo,2372
br,esperantina,21044
au,northam,5858
de,blankenburg,15887
tw,matou,46728
jp,nishinomiya,468929
gb,friockheim,787
us,south lake tahoe,23925
ba,posusje,5114
de,sankt wendel,27162
mx,san nicolas de los garza,507837
jp,yuki,51575
ca,southampton,3549
de,bad sassendorf,11552
mw,luchenza,11958
us,cheektowaga,77387
ua,bolekhiv,10238
gr,nea ionia,67835
ch,meilen,11723
cz,bilovec,7465
za,kriel,15055
bd,patiya,51367
br,pedra,11197
ro,simian,6705.5
gb,rhyl,25874
de,georgsmarienhutte,32945
us,bucyrus,12768
ru,novoleushkovskaya,6853
ph,duran,3097
hu,tiszaluc,5551
br,santo andre,662387
tw,makung,51043
ph,caidquid,2162
an,the bottom,488
ca,rimbey,2227
us,american fork,23582
tz,chala,22624
it,sciacca,42902
us,apache junction,34904
nl,doetinchem,51907
jo,bayt idis,5151
hu,taborfalva,3509
ua,khymchyn,3124
ro,avram iancu,1806
ph,baras,11507
ru,grazhdanskoye pervoye,3097
pk,chichawatni,82787
hn,agualote,1759
de,spiesen-elversberg,14633
de,ladenburg,11621
us,burlington,23345.1
us,bellflower,75847
no,rorvik,2621
id,gampengrejo,49119
at,abtenau,5829
pk,diplo,11576
nz,okato,528
mg,andapa,20798
in,halvad,26207
in,chicalim,7787
ie,nenagh,6672
ch,kriens,26117
us,ramona,17373
ua,kodra,1685
ru,buinsk,10936.5
pl,chojnow,14209
ph,canaman,3010
be,amel,5221
br,araxa,82597
ch,schaffhausen,34445
pk,bhopalwala,17340
mu,riviere des anguilles,9927
tz,kiwira,21342
ru,gerga,3778
ph,mianay,3042
lt,ramygala,1637
cz,stare mesto,4399
gb,chapelton,760
cz,vendryne,3827
ro,breznita-motru,1760
it,valenzano,17960
in,barmer,89493
de,neu wulmstorf,20988
tz,sepuka,25657
ru,sorokino,6203
co,convencion,9915
us,deming,14748
ro,ocna sugatag,4147
it,forte dei marmi,8177
hn,san juancito,895
fo,gjov,53
tz,mtambile,6797
ro,atel,3576
pt,barreiro,51279
id,magelang,111470
sd,babanusah,29637
ro,grindu,1986.5
ng,okrika,133284
lu,ospern,276
jp,tagawa,51608
in,kharela,13800
id,mataram,318712
id,balikpapan,433939
be,zoersel,20642
br,cordeiropolis,25639
ro,suseni,3617.67
py,horqueta,10533
mx,valle nacional,6701
gb,north shields,39747
co,san gil,33592
de,tauberbischofsheim,13276
br,vitoria,312662
us,aliquippa,11074
mt,lija,2471
in,barjora,12296
hn,corinto,954
gb,wellingborough,49783
cn,laiwu,124108
co,ulloa,2621
zm,chama,4061
ru,sura,2275
ro,zabala,4729
ro,nicseni,2878
mx,ocampo,4463
ma,wazzan,64118
dk,frederiksberg,3142
br,cachoeira do sul,74696
br,ananas,8874
tz,lugoba,16902
ph,kimaya,3944
in,banganapalle,25325
in,annavasal,7861
br,sao desiderio,7295
au,tamworth,38552
br,riachao do dantas,4615
de,lubeck,213171
us,warsaw,13003
pt,estoril,23375
in,vaikam,22810
ca,steinbach,9607
us,westbury,14198
pk,pasni,33114
pe,punta de bombon,6364
no,dale,995.667
ru,bolshevo,10133
ph,iraga,3937
it,concorezzo,14646
ie,westport,6200
fr,hem,19497
cn,zhoucheng,87949.5
us,cromwell,13750
ro,turulung,3815
pt,arrentela,30156
in,perumpavur,27108
in,araria,67482
cn,kashi,274717
am,anushavan,1532
ua,tomakivka,8006
ro,crangurile de sus,3428
pa,remedios,976
it,valeggio sul mincio,12015
gb,kintore,1688
fr,maisons-alfort,50249
cn,baisha,57417
tr,burhaniye,38102
ph,tampocon,3768
ie,abbeyleix,1711
gb,warrington,81238
ca,attawapiskat,1366
co,planadas,9710
cz,teplice,50972
za,bredasdorp,14936
ph,quisao,10989
in,safipur,24804
hu,kartal,6017
us,dyersburg,17329
us,chickasha,16772
us,north atlanta,44493
ru,rylsk,17211
in,karimnagar,228770
ru,nezhinskiy,3991
ru,lovozero,2963
ru,arkhangelsk,344603
ro,maieru,7259
ph,liozon,3245
it,terranuova bracciolini,12026
gb,bowmore,852
fr,champigny-sur-marne,71985
ru,tabory,2062
no,elverum,12585
mx,valle de banderas,5656
kz,mamlyutka,9328
hu,komadi,6091
br,santa rita do passa quatro,24579
br,tupaciguara,24398
ru,lopatinskiy,14219
ru,eldikan,2050
gb,maidens,530
be,florennes,10723
ph,telabastagan,25935
in,sri madhopur,30283
gb,crewe,70456
co,chalan,2897
gt,el estor,15516
ca,estevan,9904
be,pont-a-celles,15909
br,pitimbu,7862
ec,canar,9900
cz,policka,9149
us,rindge,6049
ru,bolshevik,2786.5
ro,maldaresti,2033
gt,patzun,18319
be,fleron,15994
us,rockport,8972
mx,los zacatones,5913
mx,boca del monte,4434
id,leuwiliang,191992
hn,santa ana,2315.5
au,queanbeyan,32249
ua,brovary,88505
mx,san pedro abajo,5581
mx,axochiapan,17568
in,asifabad,21216
fr,sainte-maxime,13291
cn,shancheng,74459
ge,makhinjauri,2736
am,aghavnadzor,1588.5
br,sao jose dos pinhais,229988
ph,ichon,3821
mx,tahmek,3596
mx,paso del toro,4139
hn,guaymitas,2321
br,pianco,10482
ro,radovanu,5065
ph,santa rosa sur,2295
lu,senningen,378
gr,tholos,854
bf,nouna,21144
us,euclid,50123
ru,kunya,3429
nc,farino,260
in,kurali,25332
bd,habiganj,88770
de,mettmann,39371
ru,almetyevsk,142727
jp,omama,21286
in,bankura,133979
de,bedburg,25224
de,vallendar,9055
cn,nanchong,204368
pt,beja,23906
pk,rawalpindi,1743599
pa,chitre,43967
mx,ometepec,17801
in,panvel,128056
br,piacabucu,9862
cy,ypsonas,7349
zw,chiredzi,13030
ph,bantilan,5406
ph,ajuy,8695
na,aranos,3431
es,laviana,14321
za,koppies,11445
sk,tlmace,4305
in,kodumudi,13053
am,baghramyan,1690
br,portel,21315
ru,chernoyerkovskaya,3856
pt,queijas,8828
no,ulsteinvik,5150
co,suaita,2691
id,banda aceh,250796
hn,utila,1834
de,melsungen,14122
hn,cololaca,1014
gh,wenchi,30389
br,itapicuru,4994
za,vrede,14622
rs,veliki crljeni,4565
pe,salitral,5409
in,majalgaon,47848
gb,pitlochry,2551
at,wolkersdorf,6416
de,lauda-konigshofen,15138
br,lagoa nova,5984
nc,voh,2168
ru,krym,4475
in,rajapalaiyam,124179
ie,ballyshannon,2683
hn,yarumela,3059
fr,villejuif,46913
az,susa,18663
at,zell am see,10046
tr,silopi,74833
ro,ceru-bacainti,367
lu,medingen,102
il,kefar tavor,2323
ca,altona,3613
ru,tara,26986
ph,magdiwang,2716
pe,paita,56404
pa,alto del espino,3672
it,naples,981284
fr,chateaudun,14786
br,afogados da ingazeira,25060
pk,darya khan mari,8974
mm,twante,46516
in,thakurganj,15955
de,rostock,196833
us,downey,111862
ua,krasnopavlivka,7495
ru,kamyzyak,16191
ph,tacadang,2402
it,paullo,10758
us,americus,16817
ph,balugo,4685
nz,kerepehi,537
ke,sotik,2600
in,mallur,10525
gt,uspantan,4617
br,tres barras,14855
be,herve,16544
za,dundee,84430
ro,sofronea,2527
ro,lehliu-gara,6538
ph,panugnawan,2154
in,chinnammanur,39217
ch,ruschlikon,5246
co,puebloviejo,13524
de,eberbach,15526
ph,bacon,5010
gt,jocotan,4829
es,llanes,13084
co,gramalote,3577
us,big spring,24122
de,horstel,19979
cz,miroslav,2998
us,lochearn,25672
ru,shalazhi,5319
ph,josefina,3152
gh,mampong,39732
us,livermore,80347
pk,sann,8834
jp,sennan,66460
ua,kozhanka,2584
ro,insuratei,7309
mx,tepezala,3868
ge,vale,4734
gb,inveraray,568
de,frondenberg,23499
ro,rogova,1464
in,kiri buru,9720
in,amlagora,19038
dk,rodding,2769
cu,madruga,33798
us,maywood,21432.3
ro,teaca,5954
pa,horconcitos,877
ca,murdochville,1139
ua,luhyny,4561
es,oviedo,198250
ca,bathurst,18179
be,merksplas,7963
ua,solotvyn,3803
pt,castro marim,5089
ph,siay,2351
mk,bogomila,1223
it,rovato,15569
ca,orillia,30179
ru,serdobsk,36652
ru,sentyabrskiy,3071
mx,zaragoza,8920.8
hu,fertod,3396
cn,jining,354542
es,culleredo,22560
tw,chunan,71204
ru,satis,1867
in,kopaganj,33543
gr,anoixis,6482
am,garni,6827
nl,kapelle,12114
de,paderborn,143096
bs,duncan town,70
hu,tiszafoldvar,11873
co,tibacuy,1028
ru,polotnyanyy zavod,5679
ro,vintileasca,2155
in,jamkhed,29591
br,petrolina,194653
ro,craiesti,1011
pl,warka,11048
mx,telixtlahuaca,9000
hu,pakozd,2721
fi,aanekoski,13406
pt,aljustrel,5334
it,carrara,67228
hr,zupanja,13842
gl,ilulissat,4413
gb,dorchester,16879
be,beloeil,13405
az,xocasan,5089
us,cedarburg,11220
th,kranuan,13475
ru,borovichi,56572
ph,mabilang,2229
ph,agay,3977
gb,ashford,62787
br,nova londrina,11042
us,ionia,13647
lu,welfrange,154
bw,werda,2149
br,morro da fumaca,13952
do,higuey,123803
cl,chillan,150396
ru,dugna,783
ro,vladaia,2185
ph,roxas,58511.5
ph,lambontong,4338
ph,gambang,3370
ao,soyo,67553
us,fenton,12236
ru,ivdel,19380
ro,mediesu aurit,7122
mx,ocotitlan,4774
cu,minas,20863
ro,prim decembrie,9537
py,altos,4763
lu,oberwampach,183
it,san giustino,11138
in,bhiwani,190868
gr,palaiopirgos,1035
cl,yumbel,11111
it,castel san giovanni,12316
ee,uulu,524
de,regenstauf,15078
us,tuckahoe,43931
ro,poieni,5719
mq,basse-pointe,4037
in,jaitaran,21405
in,firozpur,102138
us,germantown,40515.3
sy,jaramana,189888
ru,nikolayevka,9296.33
pl,rawa mazowiecka,17770
mm,loikaw,17293
in,palani,66091
ru,abatskoye,8195
ro,straoane,4049
ro,mangalia,39620
it,besana in brianza,15703
in,paliyad,10862
in,kharakvasla,23677
gr,menidion,1110
gr,koimisis,1490
br,americana,196026
th,chon daen,17567
nz,wellsford,1986
ru,vzmorye,758
ru,nurlat,34452
pa,santiago,45358
mx,tanhuato,8454
mk,zletovo,3340
in,bishnupur,4429
us,mercer island,22476
lt,moletai,7243
it,mantova,45959
gh,hohoe,30120
ca,williams lake,14168
es,punta umbria,12578
ca,lloydminster,22677
ru,shaygino,1095
pa,el espino de santa rosa,1048
mx,valle de santiago,60531
be,stavelot,6646
se,kiruna,17806
ru,sabnova,3598
ph,magallon,14619
ph,labney,2150
jp,sakata,100446
hn,erandique,1882
hn,balsamo oriental,1465
az,sabuncu,20996
us,kernersville,21007
ph,cambaly,2083
mx,yaonahuac,4191
it,cologno monzese,47871
ir,langarud,68153
gb,stroud,30600
us,edgemoor,6036
us,san dimas,36422
th,ban bung,26113
ru,belorechka,265
ro,sanzieni,4634
jp,nakajo,26671
in,mamallapuram,12415
gr,pagondas,695
gr,kristoni,1195
de,neuenhagen,16111
cn,shaowu,112585
tz,mabamba,14140
si,pivka,2051
in,puranpur,39992
fr,alencon,28505
ca,castlegar,8715
ua,markivka,7087
ph,pudoc,2455
gr,ayios athanasios,4033.5
co,granada,13042.3
pt,agucadoura,4520
in,palia kalan,38551
hu,devavanya,8796
au,bunbury,26370
ua,zhashkiv,15264
ru,verkh-chebula,5224
ru,karavayevo,7472
ro,bichis,1023
pl,bukowno,10874
de,wallenhorst,24279
cz,vitkov,6312
us,phenix city,28427
ph,amungan,12357
pe,chiclayo,582597
no,drobak,11261
mx,jamiltepec,9928
hn,camalote,1319
gr,kato assos,1617
gb,middleton,45589
cz,pruhonice,2008
be,juprelle,8354
ca,foam lake,1138
us,west lake stevens,21047
us,mastic,16155
gr,metaxades,818
ee,kollino,301
co,chimichagua,16746
ph,jugas,2072
mx,la libertad,4393
in,mahaban,9515
in,balasinor,35151
fr,behren-les-forbach,10010
cr,grecia,12677
co,puerto boyaca,27311
ro,macin,10295
ro,celaru,5326
mx,tlanisco,5411
mx,bacum,3830
in,siruguppa,47921
in,naigarhi,9392
au,benalla,9020
tz,katerero,18430
ru,petropavlovskaya,5159
ru,kosino,2330
ru,kenzhe,10636
rs,sabac,55114
ro,barnova,3925
us,sugar hill,15348
us,macon,94273
ru,ryazan,520177
pk,jaranwala,119820
ph,daragutan,2336
ng,aku,73748
ga,cocobeach,1653
br,sao jose do belmonte,14211
sl,kabala,18754
no,svarstad,575
jp,kamakura,166019
gr,khora,2544.5
de,wulfrath,22549
ca,millet,2142
us,bohemia,9944
sk,zvolen,44502
nl,mierlo,10309
it,enna,30785
it,codogno,14558
gr,skalanion,1012
br,conceicao do rio verde,12402
us,mobile,190274
ru,kalanguy,2679
ru,duvan,3710
ro,cocorastii-misli,3416
mk,zelenikovo,4020
jp,chigasaki,231660
be,zomergem,8158
br,almirante tamandare,89500
br,uarini,2796
br,rio bananal,4814
ba,sarajevo,696726
us,new kensington,14028
ru,novoye atlashevo,3515
pt,alhandra,7226
mx,frontera comalapa,14917
ca,port perry,7652
at,klagenfurt,90610
cu,san cristobal,59582
ws,vaitele,5631
ro,videle,11813
pt,lavra,9633
it,acireale,51967
hu,erdokertes,5996
ph,agutaya,4989
in,ayodhya,53298
de,geeste,11456
ba,vitez,8140
cn,ningan,66549
us,brown deer,11911
us,north potomac,25972
ru,primorsk,3521.33
nl,den helder,59607
jp,muramatsu,19712
jp,mombetsu,26895
hu,jaszapati,9806
pa,siogui arriba,1102
mx,nunkini,5556
in,mursan,12311
co,arboleda,1736
es,villena,38150
cn,xuchang,449258
sn,richard toll,91500
ru,sheremetyevskiy,6411
my,bandar maharani,127905
ve,caracas,1815681
us,wilsonville,16134
ru,ishim,67763
mx,general teran,7487
in,bithur,10603
fr,chantilly,10772
ru,visimo-utkinsk,843
ph,tuding,7491
ph,iriron,3926
ph,dinagat,2600
ph,bahay pare,9726
mg,ankazoabo,25961
li,eschen,4008
it,modica,56282
gb,ebbw vale,18345
am,dimitrov,1212
us,sheboygan,48591
ru,mursalimkino,2527
pt,torres vedras,24443
ph,tupang,2213
ph,consuelo,4186.33
li,schellenberg,1004
fr,velizy-villacoublay,20426
am,aparan,5670
br,tabatinga,19923.5
us,burkburnett,10629
us,boone,12861.5
tz,sikonge,27113
ru,krasnoselkup,4025
br,novo lino,5538
br,exu,10875
ee,viru-jaagupi,376
bg,sabla,3603
us,pensacola,54104
ro,ciupercenii noi,5949
re,saint-louis,47884
pt,canedo,6159
ph,minien,6111
ph,hibaiyo,5209
ph,bangan-oda,3456
nz,nelson,60481
mx,tuxtla gutierrez,481143
es,ferrol,78689
br,farroupilha,57651
tr,kesan,44668
ru,burayevo,8963
in,wadhwan,66469
br,lajedo,25262
us,griffith,16684
ua,alushta,30271
ro,focuri,6030
in,patharia,18360
gy,lethem,716
co,pauna,2663
ph,cutcut,7143
it,tolentino,19055
in,karanpura,21606
us,east hampton,9540
ua,mala bilozerka,5717
ph,sampiro,2465
ph,cabayaoasan,2798
pe,carhuamayo,9163
nc,ouegoa,2092
mt,san gwann,12346
ke,mombasa,799727
fr,beausoleil,13268
us,miami,198115
ru,rodionovo-nesvetayskaya,6188
it,muggia,13470
gr,agra,983
gb,bebington,56803
br,camocim de sao felix,10270
sl,mange,2980
ru,poselki,3069
pt,oia,7118
pa,el cortezo,1103
gb,cowdenbeath,11350
ee,aravu,144
af,sar-e pul,52138
co,cimitarra,11267
us,farmingville,17142
us,college,11413
se,motala,29715
ru,vysokogorsk,463
ru,itatskiy,4235
it,misilmeri,25692
gr,marathopolis,877
gb,coldstream,1823
br,presidente venceslau,34026
us,stowe,4846
it,novi di modena,10896
it,albenga,22761
gb,ardrishaig,1261
fr,les mureaux,31406
de,plettenberg,28247
ua,stanislav,4726
rs,backo petrovo selo,7129
pe,pacanga,8789
pa,gariche,900
in,holalkere,15481
in,amreli,99748
fo,anirnar,18
ht,grande riviere du nord,8826
cz,vysoke myto,12173
ca,alberton,1147
cn,qinnan,55975
us,coffeyville,10150
sk,banovce,21328
ni,matiguas,9769
in,afzalgarh,27756
de,waldbrol,19660
br,sao manuel,33588
de,eppelheim,14647
tn,radis,44298
ro,tibanesti,7662
ph,los angeles,4054
mx,san agustin,15107
co,lenguazaque,2555
de,burgdorf,30288
cz,jindrichuv hradec,22646
us,brownwood,19534
ru,tyarlevo,1523
ru,frolovo,40882
ru,beloyarskiy,12438
lk,monaragala,10236
in,akodia,11280
co,repelon,18686
ph,buluangan,12249
hu,sajobabony,3113
ee,tostamaa,639
br,upanema,6704
us,hondo,8410
us,lamar,8514
to,pangai,1737
au,innisfail,10144
br,paranagua,141014
ph,anislag,4061
no,hemnes,611
in,kantilo,8862
br,matinha,6851
cz,opatovice nad labem,2171
ro,rosia de secas,1660
cn,xihua,66848
br,muzambinho,16254
ua,krasni okny,5461
ru,krasnyye baki,7810
es,albolote,14355
es,miajadas,10733
br,santa cruz cabralia,19549
us,woodhaven,12917
us,new bedford,94083
us,natick,32276
ph,tagusao,2961
ph,manat,2679
ph,libas,2629.8
it,muggio,21561
it,lonate pozzolo,12316
bf,boromo,13240
bf,orodara,18635
br,campos,387422
ua,lenina,1228
ru,semkhoz,2838
ru,koryazhma,42628
jo,yarqa,5146
it,codigoro,13147
in,koppal,60873
ru,verkhniy lomov,4390
ru,gavrilovka vtoraya,2699
rs,sremski karlovci,9255
no,lervik,2284
at,seeboden,6221
de,bad nauheim,30369
ru,urusha,4252
ru,unecha,29028
ru,ilinskiy,3437.33
ro,miroslava,8127
ro,beba,1586
id,tidore,46146
de,runkel,9794
us,richland,44869
sd,kutum,9849
ru,cherkasskoye,3434
in,tohana,59753
hu,zamoly,2194
gt,flores costa cuca,11716
cz,sadska,3153
cz,kutna hora,21474
ua,lenine,8297
ro,colibasi,3823
ph,manay,12473
it,negrar,18134
in,daboh,18299
gr,iraklia,3424
cn,zhengjiatun,93666
tj,kofarnihon,42909
th,sawang daen din,16825
si,rogaska slatina,4724
rs,bogovina,1201
hu,nyirkarasz,2395
gr,aspropirgos,32712
gb,kyle of lochalsh,734
fi,ulvila,12314
ci,gagnoa,125647
co,cajamarca,9310
es,villablino,12250
pa,las cumbres,69130
mx,concordia,7262
ke,ngong,9519
jp,toyokawa,120538
it,pulsano,10191
in,konch,52778
gt,nenton,2478
ro,vrani,1215
lu,lenningen,338
am,gogaran,1088
cn,hohhot,774477
in,desur,5312
be,herenthout,8379
tr,antakya,154881
ro,remetea,4654.5
co,la celia,4940
am,gladzor,2080
ru,utamysh,3714
rs,celarevo,5554
nl,borsele,22723
it,solaro,13435
us,sun valley,24009
ru,uglekamensk,6461
ru,belaya kalitva,47521
ro,cezieni,2187
mg,ambalavao,28027
br,sobral,157998
cn,mingyue,58872
br,jardim do serido,9520
be,meerhout,9346
cn,liyang,72276
br,itabira,99498
yt,mtsamboro,7725
tr,mersin,612540
ru,abadzekhskaya,4010
ro,frumoasa,3093
mx,timucuy,3532
in,cuncolim,16124
bg,sandanski,26282
us,thornton,104658
ru,zapadnaya dvina,9963
pa,celmira,950
mx,acolman,4998
fr,chenove,15551
br,caiaponia,10947
co,la uvita,1708
tw,suao,43156
sk,vranov,23246
in,turuvekere,14116
cn,guangshui,154771
br,passagem franca,7376
ru,murmino,3506
ph,baganga,10106
it,savigliano,21161
de,straelen,15531
np,lalitpur,183316
jp,nagareyama,156003
cz,dobrichovice,2863
at,bregenz,26928
be,sint-martens-latem,8303
sn,podor,6984
se,landskrona,27889
hu,mad,2589
fr,torcy,24189
at,marchtrenk,11666
ru,rybnoye,19159
in,bansda,12702
gr,agrinion,43526
br,bento goncalves,90854
at,stockerau,14831
th,pattani,49084
pl,tomaszow mazowiecki,67197
mk,negotino,19516
it,quartucciu,12145
il,ramat hasharon,35556
gr,kalamakion,20655
br,augusto correa,16280
cn,shangrao,318769
re,sainte-marie,31638
lt,daugai,1279
in,indri,15955
hu,mende,4250
co,san roque,5576
ru,aysha,3086
rs,petrovaradin,14787
ph,bantogon,5379
in,salimpur,18766
gr,karpokhorion,1059
br,guarabira,43750
ro,dulcesti,4856
no,lindeberg,550
br,ribeirao bonito,10877
au,maryborough,13863
cn,haian,72654
us,chantilly,48492
ro,terpezita,1952
ro,gostavatu,3373
pt,sao joao da madeira,22079
hu,tomorkeny,1944
gb,east wemyss,1856
cz,velvary,3001
cn,wuchang,94786
no,kvalsvik,261
it,portoferraio,10102
in,tekari,19065
in,kudchi,19274
dz,warqla,150611
ar,tandil,100127
ua,prudyanka,1924
ro,apateu,3622
no,orje,1744
tw,kuanshan,10245
ru,komarovo,1039
kh,sisophon,23215
it,chieri,33804
id,cibitung,198119
cz,bustehrad,2343
tw,hsinchu,413683
jp,zama,134674
br,cascavel,154766
br,farias brito,11288
de,moers,109167
uz,salar,26494
mx,motozintla,19092
be,bornem,19997
cv,ponta do sol,4001
us,wilmington,49449
pk,dipalpur,74662
ph,lanipao,4114
ph,carig,2924
ir,damavand,29147
gb,cumnock,9189
ec,pelileo,16572
ph,gupitan,8235
gr,lepenou,2170
ru,ust-ilimsk,100272
ph,cagmanaba,2773
ph,bien unido,5304
gr,sokhos,2748
fr,pertuis,19530
ru,psygansu,6885
ru,kosikha,5612
ph,topdac,2289
mx,chiltepec,3294
mk,veles,57873
br,capim grosso,17322
zm,kaoma,14214
ru,novomalorossiyskaya,5867
py,piribebuy,10337
pt,branca,5632
pt,albufeira,15851
pa,chilibre,33536
nz,maketu,1083
ng,apomu,71657
mx,ursulo galvan,5200
lu,flaxweiler,358
in,bardoli,57814
bf,kaya,39130
us,seven hills,12046
id,serpong,80189
id,cicalengka,158211
hu,mocsa,2265
fr,aulnoye-aymeries,8864
de,brackenheim,15031
br,camanducaia,17823
us,azle,10504
ph,kabugao,2337
in,daryapur,35784
us,emporia,26545
rs,ostruznica,4005
ro,seini,10382
hu,balatonszarszo,1992
gb,workington,20618
ee,ardu,559
us,pleasantville,19039
us,belgrade,7452
ru,romny,3413
pe,rio grande,4710
no,disena,280
mx,caborca,52899
mu,bois des amourettes,1986
de,bad soden,21418
ru,terekli-mekteb,7799
gt,san andres semetabaj,2552
fr,ozoir-la-ferriere,22320
br,caninde de sao francisco,11053
ee,alavere,427
us,saugus,26668
ru,spirovo,6640
ge,ochamchira,15517
al,maliq,3735
cz,horovice,6570
cn,nanhai,80290
us,east haddam,9042
ro,zemes,5171
ro,visinesti,2372
ke,kilifi,46124
ru,lyubytino,3225
ro,smulti,1611
py,villa oliva,772
ph,herrera,2198
gr,khalandrion,74211
gb,kilmarnock,42905
us,glendive,4699
tj,proletarsk,16441
ir,orumiyeh,602443
ca,haileybury,10991
cn,ningbo,719867
us,austin,350910
ru,galashki,6928
py,ybycui,4629
mx,monterrey,1122912
hu,gorbehaza,2626
hr,osijek,88141
us,clayton,13346.5
in,rangapara,18740
gl,ikerasaarsuk,116
br,jacarau,7035
br,flores da cunha,20522
br,santo amaro,46749
ru,kusye-aleksandrovskiy,1895
ro,semlac,3727
ph,tingloy,2646
pa,macaracas,2192
hn,la trinidad,1097
gr,sidirokastron,5825
gr,ierapetra,12536
sk,liptovsky mikulas,33509
ru,kremenki,11994
ru,baranchinskiy,10970
ph,baraoas,3556
kh,pousat,52486
jm,bamboo,4264
it,noale,15512
us,michigan city,31903
ro,ceatalchioi,744
py,yabebyry,217
ee,vaida,1016
am,ghukasavan,2113
ca,lac-au-saumon,1198
ee,habaja,345
ru,yelabuga,72644
ru,leningradskaya,38712
mx,huetamo,21899
es,galapagar,28271
br,apodi,16757
de,cleves,49448
th,thung song,28223
lr,gbarnga,45947
ir,mehriz,36723
de,augsburg,261842
de,wennigsen,14122
gb,houston,7031
am,ijevan,14737
ua,uyutne,3710
tr,kirac,27970
ru,bolshoy log,3726
ph,lagasit,3147
br,itarema,10330
co,toledo,5195.5
cn,changzhou,949018
cf,baboua,9034
tz,sirari,24317
nl,waalre,16596
ua,kiliya,21754
it,lonigo,15001
ch,malters,6303
us,needham,29125
ro,berzasca,3014
il,elat,46707
br,rio negrinho,41915
cz,revnice,3047
us,barberton,27099
us,lancaster,44927
ro,tandarei,12231
it,bitonto,58242
cz,rychnov nad kneznou,11721
us,north druid hills,21320
ru,satka,49384
ph,naile,2221
ru,shakhunya,21529
ro,devesel,3529
pk,pattoki,70457
mx,guerrero negro,11479
it,venaria reale,37806
it,mazzarino,12483
hu,szakoly,2925
ec,portovelo,9708
us,streator,13960
tr,bozova,21513
tj,bustonkala,4068
se,umea,74005
pk,kadhan,6854
ph,new leyte,2788
co,tocaima,10235
be,plombieres,9596
ru,tavatuy,559
ro,drobeta-turnu severin,102347
ph,nagsabaran,2533
jp,anjo,168664
in,gaya,423737
za,volksrust,43382
pk,dajal,17629
no,tanem,970
jp,kiryu,110221
fo,hestur,44
cf,bangui,684190
de,dorsten,80180
ua,orikhove,3000
sk,sturovo,11708
ro,baleni,2696
it,villaricca,28190
hn,puente alto,1385
br,guararema,23572
br,cachoeiras de macacu,46178
eg,marsa matruh,62049
nl,nuth,16257
jp,taketa,16361
hn,el tizatillo,798
au,carnarvon,7392
tz,lulindi,7807
pe,orcotuna,4218
lu,uebersyren,616
de,nurtingen,41002
us,fitchburg,31474.5
us,old saybrook,10627
se,strangnas,12555
ro,vitomiresti,2678
in,mannarakkat,50921
fr,cran-gevrier,17317
es,ermua,16761
br,seara,10976
ua,shyryayeve,7018
ru,lvovskiy,11808
pt,castanheira de pera,3331
ph,bugaan,3907
ph,bailan,2885
lt,vabalninkas,1177
bd,muktagachha,24687
us,canyon rim,10062
ph,san nicolas,7634.7
mx,atequiza,5579
br,guapimirim,31202
de,lauterbach,14665
ph,dingalan,7316
it,artena,11564
us,conyers,12528
py,san juan bautista,10935
pt,bougado,21680
nl,rotterdam,603851
lv,grobina,4203
am,tsaghkahovit,1551
us,clark,14628
ro,dolhasca,11025
pa,los boquerones,1038
my,kulim,170931
et,shakiso,34116
co,marquetalia,6224
us,sonoma,9773
ro,crevedia mare,4927
lu,garnich,824
gr,trilofon,4362
ge,vani,4266
md,soroca,38232
co,chiriguana,15181
be,melle,10687
ru,totskoye,7161
ru,shirochanka,5853
ro,sura mica,2311
ph,tagaytay,52883
no,indre arna,6202
hn,atima,1703
es,salou,16075
us,aguas buenas,4576
hu,kapolnasnyek,3224
hn,tepusteca,1638
ma,casablanca,3609698
it,locorotondo,14294
in,damnagar,17767
hn,agua azul sierra,1079
ch,martigny,14413
de,wegberg,29931
ch,bussigny,7317
ru,shentala,6595
hu,besenyotelek,2847
gl,qeqertarsuatsiaat,261
ca,gull lake,949
pk,jauharabad,46542
jm,bull savanna,6962
in,mataundh,8592
br,marechal floriano,5869
dk,christiansfeld,2709
us,bullhead city,37989
ua,hulyaypole,16442
se,molnlycke,14653
ru,spiridonovka,4387
ru,kashirskoye,4564
bw,otse,6275
cv,mindelo,69441
us,westmont,28464.5
ro,nucet,3355
ph,motrico,2947
it,san ferdinando di puglia,14792
in,bobbili,52849
co,itagui,281858
br,santo estevao,27280
ee,ilmatsalu,512
us,saint louis park,44071
sa,safwah,43946
no,manger,820
mx,copoya,5287
in,bhilwara,326454
sn,sedhiou,20756
in,dhampur,49978
gy,skeldon,5859
am,arevik,1988.5
cz,kozlovice,2811
de,bad pyrmont,21741
tz,kasulu,37347
sl,makeni,53930
ro,tulucesti,7503
nz,lumsden,463
la,phonhong,10122
gn,faranah,9349
de,soltau,22108
co,pacho,16698
us,south jordan,37141
ro,teius,7112
pl,pisz,19232
no,langevag,726
in,begampur,9832
br,sao miguel do iguacu,15434
ro,zorlentu mare,1176
lu,contern,1083
in,sahaspur,24454
gr,kokkinokhoma,1934
ca,kelvington,941
at,ferlach,7661
be,bekkevoort,5714
us,snyder,10600
ph,mariveles,84569
ni,chinandega,128616
at,kitzbuhel,8818
ad,sant julia de loria,8020
ru,sitniki,1321
ro,stanceni,1523
pl,wejherowo,44083
pl,szprotawa,12786
mx,maneadero,17861
gt,salcaja,11720
au,port augusta,12133
cn,yichang,476725
cz,cesky krumlov,14404
ru,berdyaush,5631
mx,tinguindin,6303
cz,bystrice pod hostynem,8748
es,cordoba,311186
br,laje,4708
ru,kraskovo,11832
ro,buciumeni,3631
pt,benavente,8932
ph,cuyo,7549
hu,uri,2718
hu,nagykata,13322
co,paya,336
us,hugo,10125
ph,pogonsili,2214
no,svelvik,3972
br,santa rita,66560.5
ru,ilinogorsk,8291
ph,labayug,2874
ph,atok,2092
mx,fresnillo,105492
mx,cuitareo,4300
cl,arica,186000
am,margara,1360
pt,eixo,5978
lt,skuodas,7726
et,ginir,16760
tr,yalvac,39165
in,parichha,7399
cz,veseli nad moravou,12245
at,kottingbrunn,7184
bo,coroico,2361
de,heide,20309
py,isla pucu,1529
nl,schinnen,13365
in,sorab,7088
in,satara,112802
fr,amilly,11965
ba,vitina,4384
de,grimmen,10764
br,barra da estiva,12618
ca,parksville,21150
us,haysville,10012
si,ormoz,2198
si,jagodje,2143
pl,makow mazowiecki,9978
ph,busilac,2814
jp,niihama,123061
jp,nagoya,2191291
it,cerignola,58888
gr,kipseli,2096
gb,droylsden,23689
bw,mogapinyana,1515
ua,petrove,8252
ua,hryshkivtsi,4427
ru,razumnoye,15529
no,askoy,17352
jp,aioi,32394
hr,metkovic,13941
ph,buliran,3114.5
mx,tempoal,12558
ma,marrakesh,942631
it,nonantola,13544
it,casale monferrato,35337
hn,dulce nombre,3590
fr,clermont,10368
ee,vana-voidu,517
ua,dubno,37690
pk,kot samaba,22952
no,birkeland,2209
hn,taulabe,4660
es,mostoles,212504
us,avon lake,21004
sk,trnava,69785
ph,malbang,2448
ph,bacong,3689
hu,kevermes,2401
hn,esquias,1339
de,bietigheim-bissingen,41979
be,sombreffe,7452
ph,kanlagay,2211
no,myra,549
bg,bracigovo,4600
cz,pacov,5210
ru,mishkino,7260
ru,egvekinot,2248
ro,oarja,2851
ro,farliug,2186
pk,chawinda,23598
gr,anayennisis,990
br,chorozinho,9755
ru,sogdiondon,566
ro,sandulesti,1856
ro,mogosesti-siret,4044
ro,hoparta,1355
ph,gabao,3600
de,diez,11065
ee,tsirguliina,515
cz,vnorovy,3065
ws,fasitoouta,2098
ua,oster,6794
ph,talalora,2186
in,bagaha,103866
cz,ceska lipa,39398
de,wiesmoor,13180
do,jimani,6567
br,viradouro,17172
us,birmingham,125299
pa,la estrella,945
no,myre,2004
hn,san buenaventura,1452
gt,chahal,5100
fr,elancourt,30088
us,stoneham,21796
ua,borova,6952
ru,kharp,7298
ph,maigo,7235
ph,gloria,6137
ni,mateare,15067
ke,chepareria,1073
co,montelibano,34162
us,holtsville,17914
ru,kamskiye polyany,15077
ph,gabas,2255
kz,mikhaylovka,15132
ir,kamyaran,61647
id,dampit,23094
hu,karancslapujto,2845
de,herzogenaurach,23229
de,zeven,12577
de,niederkruchten,15697
bo,puerto pailas,2675
gb,clacton-on-sea,54674
fo,tjornuvik,66
no,kjopsvik,964
ml,san,24813
bf,ouargaye,30726
za,saldanha,68288
us,fond du lac,41860
us,danbury,78565
ru,bolshaya martynovka,6813
gt,panzos,18302
gb,farnworth,25680
ru,cherkessk,117157
ro,vulpeni,2669
ne,madarounfa,9792
mx,xaltepec,7353
it,camaiore,30860
in,jintur,42423
ca,fort nelson,4207
be,wavre,32112
br,ladario,15790
us,moscow,21865
ph,hinatuan,10055
de,kurten,20588
us,lorain,67920
us,oak park,39076.5
ua,olyka,3074
tn,qurbus,3581
ru,pyatigorsk,142868
ph,vargas,2777
in,nimbahera,58089
br,mangaratiba,27023
us,grandview,16782.5
ru,anapskaya,13965
ee,rakvere,16736
za,ekuvukeni,14331
ro,siret,9247
in,narwar,16949
in,champua,9488
gr,rodos,56128
gb,mintlaw,2673
bb,oistins,2285
co,caqueza,7958
vn,hong gai,148072
mx,tlaxco,8890.5
br,jucas,14822
in,nambutalai,7914
bo,el torno,15544
de,straubing,44504
cz,rychvald,6743
de,hessisch lichtenau,13394
ua,mala vyska,12644
sn,kolda,80632
de,waldshut-tiengen,22648
us,maple heights,24961
ru,maykop,158453
ro,intregalde,860
ph,macalelon,6042
pa,la pintada,1938
gr,miki,1130
ph,dimaluna,3187
mx,cenotillo,3176
in,bagar,15671
dk,lojt kirkeby,1975
br,vacaria,56766
us,pleasant prairie,19458
us,blackfoot,10810
tz,matui,20242
sv,santo tomas,14581
ru,maykor,3236
ph,san carlos,27389.2
mu,brisee verdiere,7374
in,mayakonda,6445
hu,kondoros,5793
tw,sanhsia,100698
ru,odesskoye,6025
ro,marzanesti,4326
ro,calnic,2959
in,wai,32960
hu,zamardi,2211
gr,agras,855
dz,aflu,84998
cz,mutenice,3655
zm,chingola,148583
ru,balakhninskiy,1675
ro,valea nucarilor,3968
lu,bilsdorf,121
cn,jinsha,95647
cz,nova paka,9259
us,kenosha,93982
us,hays,19883
cn,zhuanghe,80384
bd,bhandaria,30222
ru,magnitogorsk,413357
ro,uda,2567
ph,bongabong,3888
us,martinsville,13245.5
ua,tokmak,34926
ru,korenevo,7319
ph,palkan,3591
jm,mandeville,47116
fr,bellegarde-sur-valserine,10815
br,aruja,72078
br,duque de caxias,818339
us,pittsburgh,319494
ph,bambang,22831
fr,plaisir,35407
cf,bimbo,55849
us,gillette,23101
us,el sobrante,13790
ru,kurchanskaya,6358
ph,mahanub,3872
ph,cabungan,3059
pe,subtanjalla,9137
mx,santa ana,10277
lu,roedgen,337
hn,el rancho,1101
fr,tinqueux,10137
fr,annoeullin,10442
es,alcaniz,13884
de,groditz,8086
bo,jorochito,4013
ro,valea danului,3089
it,bracciano,15003
fr,gentilly,15639
ro,ileana,3805
ie,kenmare,2023
us,wood river,10971
ru,tyazhinskiy,13716
ph,puerto bello,2887
in,pondicherry,227434
id,tarub,75740
fr,carpentras,27734
de,hoyerswerda,43267
ua,partenit,6021
tr,babaeski,26737
py,limpio,96238
pg,kainantu,8509
pe,cajabamba,13546
br,blumenau,293955
ci,aboisso,48148
ph,dagumba-an,6635
jp,takahagi,33576
de,wilnsdorf,21498
us,dolton,24779
lt,siauliai,130594
is,litli-arskogssandur,130
in,nakur,23086
gb,hinckley,45130
us,miamisburg,20031
ru,khurba,5537
ro,rusca montana,2023
it,faenza,54919
at,gratkorn,6806
br,itai,22305
ch,eschenbach,5167
uy,carmelo,18713
ro,valea moldovei,5814
cn,xichang,126787
pt,sobreda,11145
gr,kanalion,2458.5
ca,ayr,3841
cn,jinchengjiang,104138
my,papar,19277
gb,glenrothes,38734
de,weeze,10371
bg,pomorie,12941
be,courcelles,29473
pt,amadora,178856
ph,taywanak,3093
in,palasbari,4714
cu,sagua de tanamo,18282
co,tamesis,6407
us,schiller park,11471
ug,kanungu,12886
rs,josanicka banja,1145
pt,estombar,8590
ph,minapasuk,6885
pe,huanuco,148466
lu,holtz,196
fr,aix-les-bains,26688
de,teningen,11939
co,bucarasica,783
cz,usti nad orlici,15194
ph,luklukan,4335
nl,geldermalsen,26526
kz,oskemen,319082
in,kundarki,27200
ch,wollerau,6891
be,gistel,11084
ru,rakhya,3140
pl,bytom,189186
in,ranibennur,99113
in,kishni,9853
fr,auxerre,37515
de,rehlingen-siersburg,16121
bg,klisura,1708
za,fort beaufort,58469
us,midvale,27264
tz,tabora,145291
br,gararu,2977
tw,kangshan,97102
ph,quinapondan,3471
mx,jalpa,14503
gb,rhymney,7089
dk,esbjerg,72206
cr,atenas,7014
us,butte,31056
pl,hrubieszow,18605
cl,san bernardo,249856
de,kleinmachnow,18306
us,punta gorda,18306
pe,san miguel de cauri,5350
ge,khoni,10796
br,sao francisco do sul,36225
br,taquaritinga do norte,13379
th,phon,14596
us,kingsgate,11873
ru,alekseyevka,12633
iq,bayji,36574
es,san roque,24198
ee,libatse,488
cn,nanjing,3087010
sk,puchov,18833
in,bargarh,68676
al,perrenjas,4015
co,san francisco,3304.67
th,nakhon sawan,99176
br,uniao,15678
ru,bodaybo,15934
ro,poboru,2367
pl,bytow,16724
jp,nakama,46746
in,kovur,35607
in,arnia,9662
br,coremas,11897
ru,novokuznetsk,539622
pt,senhora da hora,28929
am,merdzavan,2702
br,campanha,12507
us,price,8069
us,marathon,10060
ru,uzlovaya,58458
ro,bradulet,2130
ro,atid,2797
pt,arruda dos vinhos,6170
it,rapallo,29379
in,husainabad,26187
de,havixbeck,12249
bd,narayanganj,223773
ru,kamyshevatskaya,5201
gr,thivai,22028
gb,ardersier,930
cz,zidlochovice,3075
be,morlanwelz,18233
co,saldana,9237
de,ratekau,16031
co,tarso,2700
ru,prirechnyy,103
ph,cabangan,3092
in,kartarpur,26703
ee,roela,596
us,lombard,42836
pa,quiteno,1146
ng,kontagora,98763
jp,kisogawa,32586
ua,vasyshcheve,5862
ru,lyuban,4494
ro,contesti,3754
it,sassari,119187
hu,besenyszog,3460
fr,montigny-le-bretonneux,38264
jp,hamamatsu,605105
cl,la ligua,24857
ca,saskatoon,198957
us,tualatin,26476
nz,otautau,745
mx,san jose temascatio,4827
lu,surre,190
it,follonica,21460
it,casal di principe,19983
in,nahan,27547
br,neropolis,21870
ro,putineiu,2822
ro,dagata,4861
ro,bosorod,2224
ph,new corella,20574
mv,felidhoo,541
iq,tikrit,42616
hn,la sabana,1524
ua,shchors,11857
pt,feira,16376
mx,papalotla,12152.5
lv,tukums,18348
de,muhlhausen,36287
be,brunehaut,7592
pt,santo tirso,14021
hu,ersekvadkert,3762
es,san bartolome,14185
us,maumee,14441
in,pipar,34633
ie,listowel,4143
no,eina,652
in,bokaro,418578
gb,stoke-on-trent,260420
ch,moutier,7476
br,picui,10779
pk,sharqpur,31853
nz,kurow,422
nz,dunsandel,438
it,chieti,51194
hn,san jose de pane,958
hn,agua azul rancho,1043
rs,donji komren,5969
ro,chiliile,774
ng,offa,113841
mq,le robert,23815
fr,lourdes,14671
br,itatiaia,12571
br,aurora,10757
us,gantt,13870
ru,novovyazniki,5611
pa,la palma,1564
be,braine-le-chateau,9627
ch,bad ragaz,4786
ua,razdolnoye,7871
ru,staroaleyskoye,5037
ro,balcani,7958
gb,taunton,60433
be,zemst,21096
br,juazeirinho,8846
ee,antsla,1468
th,phra pradaeng,171333
us,bozeman,33178
us,ansonia,18959
is,hjalteyri,41
hn,toyos,2530
de,korntal-munchingen,18358
vn,my tho,122315
ru,meshcherino,4207
pk,kharian,81459
co,segovia,39938
us,melvindale,10492
tz,newala,38164
ru,belyye stolby,5563
ph,toledo,156915
ng,emure,90646
hn,salama,2278.5
br,urucui,12243
de,schwelm,30470
za,scottsburgh,23949
us,streamwood,37625
ru,ivot,6294
ro,tuglui,2969
mx,zumpahuacan,4450
hu,nagyhegyes,2683
us,bothell,30615
ua,yuzhne,23085
ro,bilciuresti,1824
ph,abra de ilog,2971
nz,egmont village,479
mx,saltabarranca,2959
cu,zulueta,6141
us,riverbank,18775
rs,stanisic,4748
ro,scoarta,4973
ro,icoana,2281
in,madurai,909988
id,ambulu,27503
cn,bayan,55186
us,muskegon heights,11689
sn,kebemer,21409
no,bergen,214154
de,friedland,10472
us,blackstone,9163
tr,samsun,394261
ro,vatra moldovitei,4653
ph,taburi,2501
in,arantangi,35624
ee,lelle,431
be,tielt,19299
us,sebring,10030
ru,novyy khushet,7912
lk,anuradhapura,60954
hn,el higuero,1052
gr,mileai,577
gb,new scone,4355
co,socha,3353
us,benbrook,21590
ro,gorgota,5459
in,chakulia,14953
hu,kocs,2655
fr,langres,9416
us,beaverton,82648
ph,bacoor,356987
no,berger,1134
mm,kyaikkami,48100
it,mercato san severino,20954
it,cabras,9249
be,namur,106284
et,kemise,23888
ru,vladikavkaz,317372
ph,koronadal proper,4352
ph,aguisan,11798
mx,chilpancingo,165257
am,shaghat,1011
co,purisima,7043
cz,mikulcice,1899
pk,mianwali,89596
es,tomelloso,31320
th,kuchinarai,20532
ro,pir,1738
ph,paitan,2706
pa,capellania,2252
in,rajpur,231974
ba,rogatica,4946
us,zionsville,11170
mt,mqabba,2891
ee,tihemetsa,894
az,qusar,16022
ee,loksa,3463
us,nampa,73064
tr,goksun,34260
ph,lagawe,6820
it,maddaloni,38099
de,aichach,20935
es,alginet,12754
es,ponferrada,61134
cn,baoji,438295
ph,abis,2603
br,rio bonito,35997
br,saubara,15669
es,cornella,86420
se,arvika,13666
ru,nyandoma,22179
pe,jaen,52730
mx,zimatlan,10014
jp,hidaka,52912
ua,kosiv,7992
ph,balutakay,2817
co,hacari,1502
bd,panchagarh,48536
ca,saint-fabien,1157
us,mount prospect,55303
ru,mundybash,5870
pa,taboga,983
mx,acatic,11582
it,empoli,45971
de,buhl,29434
ru,borzya,30421
no,vanse,1941
in,nautanwa,32590
cf,bozoum,36548
br,santo antonio do amparo,16730
de,weilerswist,16515
co,el zulia,13521
br,uberlandia,563545
ru,chuguyevka,13354
ph,ochando,2615
lu,dalheim,1364
hu,szilvasvarad,1885
de,neufahrn,18487
ua,velyka oleksandrivka,7281
tz,mwadui,23298
ro,valea sarii,2093
ro,curatele,2670
ph,vallehermoso,10179
br,manaquiri,9986
br,rialma,9270
si,trebnje,3162
lu,moutfort,1171
in,vaghodia,14606
co,sabaneta,34173
al,roskovec,6657
se,vallentuna,26733
ru,verkhniye tatyshly,6341
ru,pudozh,10605
ru,krasnoyarskiy,3218
co,liborina,2373
ec,babahoyo,76279
ba,gornja koprivna,4600
ph,panalipan,2679
ph,nabulao,7059
lk,eravur,22979
be,binche,32030
cd,kabalo,29857
tn,manzil salim,2856
ph,biliran,4699
jp,kusatsu,127681
in,saundatti yellamma,40095
ba,zivinice,8679
cz,osek,5005
ci,guiglo,63528
tz,vikindu,23307
se,karlstad,57779
ru,prigorodka,3140
ru,germenchuk,9285
ch,oberengstringen,6106
ee,orissaare,1065
es,siero,47199
cz,odry,7415
ru,romodanovo,9646
ru,lipovtsy,6581
in,bagepalli,24033
al,konispol,1349
de,morsbach,11743
tr,marmaris,33749
ru,kumukh,2658
ru,karabulak,34512
pl,kepno,14813
lu,alscheid,50
km,mitsamiouli,6104
us,whitman,14495
ru,bayevo,5134
ro,valea lunga,4148
ph,catmon,7811
mx,xoxocotlan,61848
gr,gouvia,874
us,oakley,26774
ru,staryy oskol,226980
ph,bayuin,3069
nl,naaldwijk,28916
in,pardi,27425
in,mulgund,18930
gn,beyla,14053
bo,riberalta,74018
ph,siquijor,10259
ph,liberty,2247.5
nl,oostburg,18437
id,mlonggo,33543
pk,shinpokh,1111
ph,sagana,2397
fr,gif-sur-yvette,22774
co,tolu,27390
am,areni,1718
dk,gjellerup kirkeby,3627
cz,zlutice,2854
at,bad ischl,14267
ca,matane,11826
us,bourne,34065
pt,valbom,14443
ph,magbay,3248
no,hasvik,392
ch,dietlikon,7121
es,villarrobledo,23663
hu,rabapatona,2497
ph,linoan,2952
no,borkenes,1458
mx,tlancualpican,4293
in,dabra,60842
in,kalyani,93193
hu,pusztavam,2521
hu,gara,2656
gt,poptun,16963
cu,san luis,36993
cn,xingyi,119000
ru,kromy,7098
ng,bama,118129
mx,jocotepec,16459
jp,otsuki,31226
in,elumalai,14456
in,chengalpattu,65695
in,begusarai,103071
br,tiete,32062
sk,hurbanovo,8153
pt,unhos,10711
de,dortmund,594255
ru,temiraul,3331
mt,nadur,3933
at,eberndorf,6089
nl,emmen,112333
lt,panemune,313
it,ittiri,9593
us,east stroudsburg,10828
ph,miranda,8040
ir,mashhad,2307254
ro,galgau,2718
my,teluk intan,63357
in,gopalur,3324
in,chaklasi,38434
fr,dourdan,10036
hu,gyorszemere,2964
hn,carbajales,1102
fi,valkeakoski,20376
do,pedernales,11071
bi,muramvya,18039
cn,nancha,121367
cz,slavkov u brna,5858
ee,veriora,549
tj,buston,13043
ru,stanovoye,5211
hu,okany,2930
gr,vasilika,4519
us,university city,37634
us,champlin,23364
ru,russkiy,5080
ph,labnig,2983
mx,bochil,10383
be,schoten,33622
tw,yuli,30038
tj,dusti,8700
sv,ayutuxtepeque,25426
ru,tpig,2823
ro,pesceana,2017
pe,cutervo,14565
mx,soconusco,5082
mx,jaltenango,8880
gt,jalapa,44896
ru,verkhovye,7964
ru,mesker-yurt,11147
ph,pangabuan,2098
ru,ushumun,2808
mx,caucel,6396
gr,thimiana,1483
br,sao jose dos campos,613776
no,hagavik,1375
it,corsico,32168
es,cangas,24460
us,myrtle beach,25310
ph,gumaus,2346
mx,tiquicheo,3446
lu,reckange-sur-mess,571
jp,narita,100644
in,honavar,18393
br,carlos chagas,13206
br,alvaraes,5527
pk,chambar,12747
mu,riviere du rempart,11675
ru,rozhdestveno,4033
pl,chrzanow,39973
md,dnestrovsc,12072
gr,vasiliki,1388
ge,tsalenjikha,8881
fo,hvalvik,183
cz,libochovice,3659
us,oxford,15874.4
mx,tzintzuntzan,3233
hu,pazmand,1985
gr,itea,3041.5
uz,paytug,25597
us,fallon,8126
us,stratford,51268
ru,praskoveya,11420
ro,babana,2809
lt,virbalis,1281
be,sint-pieters-leeuw,30446
cl,santa cruz,33283
ru,bogatyr,1098
ph,alac,3430
ir,piranshahr,61420
id,mendahara,56269
hu,bekesszentandras,4103
ru,dubovka,12082
ph,alad,2543
id,prigen,24164
br,uniao da victoria,48741
sl,zimmi,3145
ru,ekhabi,507
pl,paslek,12267
ph,alae,5121
jp,motomiya,22705
jo,jawa,11859
in,kumhari,38351
br,bom jardim,12527.3
ru,kankunskiy,95
ro,iclod,4351
ph,tumbagaan,2261
in,jaysingpur,46946
gb,kilsyth,9662
co,cienega,1172
ru,volovo,4071.33
md,cimislia,15441
hu,taszar,2013
dk,malov,8513
no,veggli,307
mx,almaya,4810
in,mahoba,89179
fr,sainte-foy-les-lyon,21206
cz,hodonin,27600
us,gautier,24891
us,cathedral city,52991
us,sierra vista,41378
ru,bogatyye saby,7209
ro,cugir,24734
ph,mabitac,12398
mx,caltenco,4761
bf,banfora,63883
ee,lihula,1457
be,dinant,12875
mm,yandoon,40092
br,piracicaba,342216
am,aramus,3214
de,ottobrunn,19254
es,cartaya,13854
us,pataskala,13888
mx,chalco,164003
hu,budakeszi,13248
ua,perehonivka,3354
ro,pestera,3496
ro,napradea,2961
ph,lawang kupang,2616
it,giussano,23745
bw,ratholo,2377
au,inverell,8561
us,republic,10423
ru,muzhi,3209
ro,poiana sibiului,2748
jp,nakano,42708
de,kevelaer,28148
be,geraardsbergen,30807
br,tres passos,17286
gr,stirion,1056
cn,qiongshan,87657
br,nova era,15595
ru,khotynets,4182
nz,turangi,3401
us,arvada,101732
th,na wa,12989
ru,staroye drozhzhanoye,3338
ru,chebenki,3496
id,majalaya,226720
de,espelkamp,26684
br,bela vista do paraiso,14332
cn,yinchuan,475101
sk,skalica,15013
pe,laredo,24802
mn,ulaanbaatar,844786
ir,rudsar,47506
in,tawang,4831
fr,tonneins,8951
br,ceres,18760
de,vellmar,18464
ph,paulba,2468
pa,la mesa,1677.5
mk,kamenica,8114
in,janakpur road,15071
de,alzenau,19083
br,centralina,9497
my,semenyih,80576
in,ramchandrapur,9665
br,obidos,24971
ru,uvarovka,3136
pt,alges,19326
it,potenza picena,15044
id,babat,27039
gt,tajumulco,4226
ee,sillamae,16672
dk,nibe,4376
ru,lukino,3619
la,xam nua,38976
in,indi,34078
cn,zhaodong,154406
ye,zabid,52589
ph,talahib,3117
ba,mostre,4009
in,muri,12658
ht,mirebalais,9088
gr,terpni,2132
gr,khrisokhorion,1866
co,bagado,4561
ci,jacqueville,14743
us,ellicott city,66215
ua,toshkivka,4926
ph,jandayan,2815
pe,abancay,55299
mx,chapala,20323
co,guaitarilla,6280
in,singanallur,31239
gb,dronfield,20942
be,alken,10933
ru,volno-nadezhdinskoye,6604
ru,mednogorsk,30676
ph,cagamutan,2688
lu,canach,955
id,malang,746780
hu,bokony,3310
fr,pontoise,28186
ba,kobilja glava,3666
us,king of prussia,18489
sv,chirilagua,6393
ph,maravilla,2253
cn,lanxi,73117
ru,sertolovo,43626
ru,krasnozavodsk,11694
ru,aleksandriyskaya,10279
gb,alford,2237
sd,umm ruwabah,55742
gt,solola,44443
tr,dortyol,56542
sz,mhlume,8654
ro,tetchea,3105
ph,uyong,2728
ph,caluluan,4121
fr,revin,8770
fr,garges-les-gonesse,39285
cm,bogo,16952
at,enns,10816
br,tavares,4939
us,tucson,518907
ru,levikha,3452
jp,gushikawa,65252
in,kombai,13209
us,port washington,13023
rs,presevo,13537
ro,cilieni,3556
pt,peniche,15661
hr,varazdin,41808
ru,vypolzovo,1982
ru,rassvet,4109.5
ru,nebug,3698
rs,vranjska banja,6159
no,vikedal,407
bg,sevlievo,23574
br,igarape,21427
br,humberto de campos,5208
ws,levi,125
us,pierre,13879
mx,mecatlan,4509
lu,koetschette,125
it,salsomaggiore terme,18565
gb,mangotsfield,36427
ee,eidapere,325
ee,narva,66980
co,ospina,2747
br,francisco beltrao,57618
us,rio grande city,13690
us,vega alta,12036
it,cagli,9068
ch,flawil,9878
ve,san carlos del zulia,56595
in,etah,120020
id,cileunyi,111570
gr,palaion ayionerion,997
pl,wagrowiec,24428
ph,cigaras,2775
br,silva jardim,16889
ro,ramnicu sarat,38526
pk,nowshera,96806
ph,putiao,2303
lu,hemstal,79
in,chabua,7623
hu,mosonmagyarovar,30359
dk,neder vindinge,1900
vn,vinh,107130
ph,monpon,2189
mu,camp de masque,2721
gb,hastings,89100
be,hoeilaart,10272
ro,burjuc,997
bg,jambol,75290
de,steinfurt,34478
za,howick,28726
us,faribault,22633
us,swampscott,14447
ph,guinsang-an,3847
in,rajura,28883
ba,malesici,3764
us,egypt lake-leto,46140
us,gilbert,170829
in,sillod,51046
bf,bogande,9916
ca,plessisville,7186
ua,buchach,12082
ro,tatarani,3986.5
nl,capelle,66878
co,caloto,6479
cz,novosedlice,2143
us,greenwood village,13338
ro,vlad tepes,2584
in,zaidpur,33400
cz,frenstat,11348
us,lunenburg,16520
tn,manzil kamil,8314
ro,scortaru nou,1483
mx,la trinidad,4385
lu,wormeldange,786
hu,gyenesdias,2796
mx,chicomuselo,4956
mq,le marin,7944
it,manerbio,13349
in,beliator,6014
cn,wanxian,188980
ru,klichka,2514
rs,sremska mitrovica,39286
ro,ocna mures,15316
ph,baybayin,2451
in,vadamadurai,15886
de,bischofswerda,13577
tr,zonguldak,100281
ph,salimbalan,2746
ph,moalboal,6831
gb,bedford,86659
do,barahona,77161
au,mandurah,73369
br,francisco sa,13997
ru,knyaginino,6923
mx,tequila,14265.5
gr,mournies,6879
bg,tutrakan,9472
au,kwinana,20087
mx,san cristobal,3989
id,poso,47115
es,zafra,15199
in,ghanaur,6091
gb,rushden,26307
cn,jilin,1881977
sl,barma,6921
jp,fuji,240017
fi,kirkkonummi,32921
es,terrassa,187770
ph,cabcab,2613
mx,amealco,7827
pe,llata,4606
gt,la union,3606
gr,kolkhikon,2010
cu,campechuela,25069
th,damnoen saduak,23296
rs,ub,6068
ro,tataranu,4904
ro,poiana marului,4926
gp,vieux-habitants,7729
de,geesthacht,29853
ru,kholm-zhirkovskiy,3726
nz,omarama,304
no,sorvaer,198
ni,nandasmo,6417
cn,fuyu,106926
ro,marpod,840
nz,riverton,1651
jp,yonezawa,94487
it,caivano,36860
hu,herend,3385
cz,tuchlovice,2211
at,frohnleiten,6629
de,stadtlohn,20726
us,oak ridge,27125
ph,tambak,2474
mz,manica,25488
mq,le francois,19683
it,misterbianco,46600
br,taubate,251647
br,puxinana,3210
tw,tienchung,46310
ro,techirghiol,7083
ch,gland,11194
br,tres pontas,43750
sk,gbely,5223
ru,divnogorsk,30018
ph,banaybanay,8304
mk,berovo,13847
us,bethlehem,73710
us,hamburg,9656
ro,vanatori,4540.2
ro,telciu,5314
ph,uacon,3377
br,paracambi,36099
be,faimes,3349
ph,taguing,2081
no,hell,1003
ca,thessalon,1464
tr,terme,28411
pl,pszow,14028
id,sungairaya,47736
de,usingen,13469
be,willebroek,22808
de,monchengladbach,264969
sv,nejapa,5390
no,finnsnes,3942
in,doiwala,8248
gr,thirion,753
be,edegem,21839
cl,rio bueno,15456
ru,uglich,37733
in,haliyal,21627
hn,san jose del boqueron,1432
bw,ramotswa,21451
pe,vichayal,5687
mx,cuencame,8876
in,dinhata,42401
hn,lagunas,986
cz,vyskov,22549
ru,alkhan-yurt,8879
in,vijayawada,874684
in,palasa,65892
hu,kormend,12368
ph,betwagan,2132
pe,otuzco,10180
ie,bailieborough,1703
gb,dawlish,10676
co,nocaima,2475
cn,donghai,188602
ru,sorsk,13035
ru,podlesnoye,4149
pe,bambamarca,13411
mx,tecolutilla,9779
in,sangamner,67315
cn,haibowan,218427
de,breisach,14083
rs,dobanovci,8217
pl,grodkow,8654
mx,magdalena teitipac,3777
gm,sukuta,15131
gb,killin,666
es,el escorial,12131
us,zanesville,24976
fr,vaulx-en-velin,36564
fr,chaville,18166
fo,runavik,503
ee,maardu,16630
us,reisterstown,24447
ru,pyatovskiy,2986
ru,isakly,4417
pt,penafiel,8065
kz,temir,2560
id,blitar,132431
de,zwickau,99343
us,wilkinsburg,18036
ph,pinugay,5666
in,babugarh,7156
id,weru,139013
co,san juan del cesar,26849
ru,kalinin,3423
ru,atyashevo,5935
ph,polloc,3140
kz,bestobe,7188
kg,ozgon,40364
gr,profitis,963
ee,jarvakandi,1471
co,la vega,4587.5
ua,lukiv,3043
mx,actopan,15348
it,riva,15389
ir,zarand,58987
gt,san gabriel,4033
no,nesna,1194
in,pawai,13085
gb,rugeley,22937
cm,obala,30012
us,east ridge,19588
us,lake forest,48873.5
ph,azagra,4688
gp,petit-canal,8554
cz,rajec-jestrebi,3548
ec,jipijapa,35901
mx,tlaxcalancingo,20363
gr,xinon neron,1176
gb,newtownards,28878
am,vedi,12192
co,puerto guzman,4094
tr,sivas,264163
ru,pravokubanskiy,2971
ph,guimbal,7232
mx,chiconautla,7844
jp,hamura,58201
ch,la chaux-de-fonds,36971
us,monterey park,63193
ua,kalyny,5627
ru,digora,12000
pk,kashmor,33734
fr,sallaumines,10544
us,la habra,59654
ro,rozavlea,6076
pk,dullewala,48680
ph,cabiguan,2270
lu,wilwerdange,268
ls,teyateyaneng,25149
ws,lona,218
us,albert lea,17605
th,bang phae,29548
ro,gherghita,3968
in,vejalpur,121618
co,yolombo,6033
us,north creek,26410
in,pallapatti,20283
br,natal,763057
ph,kisolon,8105
ng,umuahia,264680
gb,port talbot,35180
az,turyancay,307
ba,tesanj,7549
cz,vlcnov,3016
ph,alejal,8075
br,sao gabriel,55435
cn,guangzhou,3152825
us,crawfordsville,15066
ru,vatutinki,9502
gr,mikron monastirion,1518
bs,clarence town,1751
br,braganca,57164
br,curitiba,1718433
tr,iskilip,19840
ru,zilair,5872
ru,krasnogorskoye,5605.5
nc,pouebo,2281
ro,pristol,1774
ph,himaao,3865
hu,peteri,1970
co,el doncello,13082
br,taperoa,8487
br,agua preta,16444
us,new providence,11935
mx,san jose del castillo,10280
fr,laon,26340
br,jacarei,213114
co,villagomez,779
es,bembibre,9978
us,portage lakes,8899
ph,cuevas,2243
ph,binalan,2276
nl,heerhugowaard,51004
in,dugda,20402
hu,nagycserkesz,1907
fr,gien,14842
za,barberton,67971
mx,zinacantan,3742
mx,la pila,5149
br,castro alves,13869
tz,chake chake,21687
ru,pelym,3647
ru,kharitonovo,1402
mx,teocaltiche,22646
mx,jitotol,3278
in,amroha,176271
za,viljoenskroon,55025
us,ennis,19518
ph,san alfonso,3386
mx,molango,3929
id,majenang,38898
gt,san jose,9723
fr,chatenay-malabry,31708
co,policarpa,2377
ru,surkhakhi,16215
ph,tambulig,7488
no,midsund,438
in,bodhan,73946
gr,pirgos,11768
ve,la fria,27077
us,tahlequah,16146
us,daphne,18581
ru,leninskaya sloboda,29
pg,kieta,3611
mx,libres,13326
jp,sasayama,47205
in,kurara,12731
ro,micasasa,2384
ph,lipa,213525
lu,breidfeld,49
cn,jiaozhou,165026
de,prenzlau,20922
br,feira nova,12985
co,barbosa,18540
rw,gitarama,87613
no,klaebu,2992
ni,bocana de paiwas,4975
ml,koulikoro,23922
hu,gonyu,3021
co,soledad,342562
be,roeselare,56016
co,sucre,8952.33
us,corsicana,26037
pl,mogilno,12465
gt,soloma,10692
de,heiligenhaus,28312
br,xaxim,21376
us,bath,9363
ru,zheleznogorsk,97902
ru,ivolginsk,7109
ru,dzerzhinskiy,41146
in,phalodi,46792
in,kurandvad,21389
in,kerur,17930
de,greven,35732
cd,mushie,33060
at,sankt johann im pongau,10887
co,tona,627
us,seguin,24000
ro,garbou,2402
it,maglie,15295
au,young,7501
ru,rubtsovsk,161067
pa,agua buena,1069
hu,jobbagyi,2329
gb,forfar,13237
gb,arbroath,22291
ga,tchibanga,19365
pe,sullana,162493
lt,kavarskas,755
is,flateyri,299
fr,hennebont,13423
co,nimaima,604
us,trinidad,9156
ru,dulyapino,1456
ar,venado tuerto,71794
az,quscu,408
ua,poltava,317845
sn,goudomp,10098
ro,brahasesti,8214
jp,nichinan,44243
iq,balad,42227
de,neutraubling,12645
be,tinlot,2236
co,santa sofia,1058
co,tenerife,8476
ru,verkhniy naur,5036
ru,rochegda,2362
ru,dachnoye,4579
rs,uzice,55670
ro,gura vaii,6075
fi,turku,175944
br,januaria,34812
ca,blind river,2966
bj,aplahoue,19862
br,jaguarari,22617
co,pedraza,3677
de,schwalbach,16437.5
us,south miami heights,35571
pt,camara de lobos,32209
ph,morong,32853
ph,malicboy,6224
nl,apeldoorn,157763
cn,jiujiang,258807
es,alcudia,14436
ua,eskhar,5349
ph,dadiangas,432571
ph,cayhagan,3363
lu,nospelt,766
jp,fukiage,28334
ir,hendijan,20703
ca,redwater,2284
ch,zuchwil,8815
sd,gogrial,38572
ph,patin-ay,7263
ca,bobcaygeon,3015
de,sigmaringen,17023
tr,kemalpasa,30427
ru,strizhi,3881
mx,tepotzotlan,44519
cz,konice,3019
co,roncesvalles,3918
ro,romos,2824
pk,bozdar,9175
ph,saguing,5073
ph,bulacnin,7985
gr,agnanteron,1859
co,la argentina,3082
es,reus,97508
br,ampere,14275
ru,ozerki,4327
ph,songculan,3335
in,serchhip,20246
us,lyons,10667
us,poway,49635
ph,inabaan,2830
jp,ogaki,150572
cz,stribro,7748
by,orsha,125347
de,durmersheim,11742
nz,christchurch,363925
cz,neveklov,2432
us,menlo park,29071
tz,mugango,10550
sd,wad madani,332752
ph,bolila,2125
in,zamania,32011
es,granollers,57382
am,taronik,1874
ro,farcasesti,3857
ch,schubelbach,8292
ws,ulutogia,195
ke,mwingi,11219
jp,yotsukaido,86703
in,dharangaon,33721
br,palmares do sul,8393
ro,valea mare,2703.75
ro,dranic,3032
pl,piaseczno,36279
ng,nnewi,194002
au,emerald,9399
ro,epureni,3241
ro,bolintinu-din-vale,11700
pk,uch,23992
ph,ormoc,92345
lu,grosbous,656
lk,moratuwa,185062
in,vandavasi,31533
in,bijnor,84601
gb,omagh,18463
eg,deshna,54197
cn,beihai,289568
ru,pargolovo,11962
ru,likhoy,3102
lu,munshausen,147
ua,starokostyantyniv,33897
ru,noybera,6821
jo,safut,6645
in,khamaria,15034
hn,corozal,2261
co,jerico,4307.5
am,aygedzor,2535
be,beerse,16208
ru,malinovoye ozero,4101
ph,belance,2233
is,eyrarbakki,594
fo,hvitanes,104
cn,erdaojiang,60831
co,envigado,163010
si,idrija,5784
ro,panticeu,1985
in,raisinghnagar,29628
de,nohfelden,10666
ru,ladushkin,3928
ru,glebychevo,3243
rs,omoljica,6490
mu,petite riviere,5331
de,tangermunde,9686
ru,kashin,16599
ro,armenis,2613
iq,panjwin,27219
gt,nahuala,27076
fr,bourg-en-bresse,40856
ee,lahte,487
ua,poninka,7642
gr,kolindros,3590
dk,soften,2030
au,maningrida,1391
co,morales,4423.5
cz,bystrice nad pernstejnem,9030
cz,novy bydzov,7170
us,winooski,6249
th,bang lamung,39620
ph,caramoan,3471
lu,soleuvre,4988
in,sapatgram,11714
bg,simeonovgrad,7509
ro,reviga,3337
pk,kotri,72700
nl,wassenaar,25317
in,fatehabad,43988
in,anupshahr,25308
hu,biatorbagy,8632
au,morayfield,10261
ph,guadalupe,8518.33
it,marsala,80755
it,barrafranca,12737
br,martinopolis,18488
ru,opochka,13548
mk,cegrane,12523
il,nehalim,2061
de,hirschaid,11514
pe,motupe,13743
hn,pimienta,8761
gh,akwatia,20451
ga,moanda,30151
tz,babati,34292
ru,surgut,152535
ph,ayugan,2613
it,canicatti,32514
in,nipani,60356
dk,ebeltoft,5888
br,tres coroas,21051
cz,boskovice,11356
tm,farap,14502
th,thap than,16615
in,candolim,9198
et,mendi,25267
ca,sherbrooke,129447
us,palos heights,12821
ro,targu carbunesti,8646
ph,bayanan,3579
ie,mallow,9495
bg,mericleri,2233
ru,uryupinsk,41645
de,herrenberg,31401
dk,jelling,3059
bw,sehithwa,1614
jp,musashino,137480
it,soverato,9884
hu,polgardi,6564
ht,carrefour,439590
us,bluffton,9463
sk,lipany,6130
nl,nederweert,16284
jp,hakone,13939
jp,ashiya,88574
in,siwana,22067
at,eisenerz,5987
es,cehegin,15959
ph,la hacienda,3726
pa,las tablas,8570
in,barnala,105024
br,aragarcas,16781
de,kirchlengern,16557
sm,acquaviva,1530
ru,ashukino,6310
in,bhojudih,9110
br,adamantina,31079
de,niederzier,14648
ru,revyakino,3220
re,entre-deux,5788
ph,gutad,2623
cf,birao,11833
us,medfield,14846
ua,ruzhyn,4993
ua,chornobay,8053
re,sainte-suzanne,20531
mm,mogok,90854
gb,luton,193670
vc,dovers,525
ro,armasesti,7243
no,lundamo,1102
ni,el sauce,8559
mm,monywa,182034
ki,rungata,1414
it,gavirate,9910
id,ciranjang,77755
ge,tsalka,1572
co,chinchina,68513
br,malhador,5574
ph,recodo,22475
ph,cabugao,4594.33
no,sogne,7728
mk,radovis,24983
mg,miandrivazo,20631
co,labranzagrande,902
cz,prosec,2089
br,paraguacu paulista,39120
cz,pardubice,90853
us,ankeny,33916
ro,loamnes,3231
in,siwani,18016
id,maumere,47599
co,certegui,2855
sr,wageningen,4229
ru,gvardeyskoye,7200
pl,wloclawek,120339
ph,panganiban,2698
mx,ayutla,8160.33
mw,karonga,34211
us,shreveport,196980
sv,santa ana,176671
ch,la tour-de-peilz,10835
at,landeck,7351
be,ardooie,9161
ru,nevel,17833
ru,loukhi,5764
no,sande,934
fr,colmar,66637
mx,chilapa,23665
gb,waterlooville,64350
ru,yessentuki,81016
ru,shkotovo,5221
ru,bolshaya chernigovka,6269
pl,koscierzyna,23361
pe,quilmana,7109
ng,potiskum,86003
in,sheopur,62422
in,maksi,20096
gt,cuilco,1677
gr,nemea,4344
br,juazeiro do norte,225234
us,ames,56606
ru,borskoye,9119
ro,botiz,4779
ph,bingawan,3657
gr,vitina,906
br,cruz,8723
ro,siria,8004
ro,petrila,25234
in,padrauna,47186
at,lienz,12270
be,walhain,5992
us,perry hall,32530
ua,staryy krym,7851
ph,pedtad,2278
mx,santa clara,3953
fi,sipoo,19430
au,pakenham,10602
co,turbana,10236
ru,never,2344
nz,kawakawa,1399
mx,almoloya,4030
ba,prnjavor,7098
ng,igede,87282
my,ayer tawar,20185
gb,crosshouse,2418
fr,firminy,17356
ee,vara,406
us,shelby,16358.5
ph,tambo,2854.33
ph,patnanungan,6901
nz,kaitangata,851
in,thanesar,138288
hu,oroszlany,20271
hu,izsofalva,1871
ro,aricestii-rahtivani,8764
mw,lilongwe,646738
lu,hagelsdorf,19
gl,ikerasak,286
ro,seaca,2302
ro,lipnita,3716
cd,bolobo,27860
us,blue island,22923
tw,yungkang,240214
ru,bolshaya glushitsa,10055
ro,lapus,3769
ph,lanao,2875
ph,colacling,2965
lu,enscherange,174
lk,kadugannawa,1216
in,saligao,5804
us,pennsauken,36332
ru,lomintsevskiy,4666
ph,matiompong,2317
au,leopold,6120
br,monte alegre,14742
am,sis,1135
ru,barsovo,5710
ro,bujoreni,3830
ro,berzovia,4031
cu,cueto,26527
au,ulladulla,9250
us,quebradillas,5620
ph,calancuasan,2453
no,pollestad,467
mx,chiapilla,4141
in,tinsukia,89377
ec,lomas de sargentillo,7542
cz,lysa nad labem,8461
br,araguari,96567
us,soquel,5096
ph,lanas,2412
hu,romhany,2421
ru,khanskaya,11297
ph,lanat,2178
ph,cervantes,2654.33
ml,kolokani,48792
mk,vinica,18218
in,sohna,33363
hu,kemecse,5029
es,lena,13377
vn,thai binh,53095
ne,bilma,2292
fr,lievin,33588
br,taquarituba,21493
bg,trojan,22431
ua,porohy,3004
ru,shugurovo,2243
ro,tulnici,5803
ch,kreuzlingen,17233
be,sint-truiden,37859
us,kodiak,6148
ua,drahovo,4262
si,crna na koroskem,2346
pt,pedroucos,12553
ng,lere,93289
ng,jimeta,248166
lu,obercorn,4666
in,digras,41557
zm,zambezi,7075
us,amarillo,181766
us,saddle brook,13130
ph,igcocolo,2297
il,kefar shemaryahu,1774
br,jardinopolis,34719
bg,kozloduj,10602
br,queimados,135742
us,newton,27252.8
my,parit buntar,27322
mx,salinas,13973
de,langenhagen,49958
de,werdau,24299
ru,rovenki,9867
it,cosenza,67380
br,vigia,29229
hn,el escano de tepale,1026
gr,pilos,2135
gh,tarkwa,41345
gb,staveley,25719
de,kirchheim,26063
us,johnson city,36804.5
ru,koygorodok,2924
ro,puiesti,5050
ro,francesti,5490
ph,cabannungan,2147
mx,jilotepec,7430
jp,ujiie,30366
in,raichur,225981
gr,servia,3390
am,vahan,1153
cz,nyrsko,5088
cz,uhlirske janovice,3172
pl,nowogard,16703
hu,morahalom,5445
ca,sainte-claire,2565
ws,malie,2189
tr,eskisehir,515155
ph,agpangi,2150
it,noto,24049
ie,arklow,10622
fo,glyvrar,425
de,heusenstamm,19257
us,seattle,569369
us,west fargo,17590
tg,tabligbo,13625
ru,voyskovitsy,3896
mx,san dionisio del mar,3281
lu,hautbellain,151
br,canapi,4219
bg,etropole,11024
cz,zelezna ruda,2009
us,mountlake terrace,20445
us,reidsville,14768
ph,manga,2322
it,cutrofiano,9105
hu,jaszkarajeno,3125
ca,port hope,11765
cn,jiaonan,75656
ru,asino,27070
pl,zabrze,192177
ph,malinta,3374
mx,san marcos,8188.25
in,bhikhi,15960
be,hoegaarden,6110
ro,sucevita,2584
pt,castro daire,4744
no,eggkleiva,235
gt,san andres itzapa,18263
de,twistringen,12675
us,old town,8134
ru,krasnoturinsk,64209
mx,el llano,11794
hu,verpelet,4016
hr,korcula,3141
gr,provaton,766
gb,newburn,41347
gb,kippen,990
br,paranaiba,32218
dk,tommerup,2072
ua,vyshneve,17825
ua,artsyz,15761
mx,nogales,102897
gr,eratinon,920
gm,farafenni,36831
de,plattling,12590
hn,urrutia,799
br,buritizeiro,25104
ph,buliwao,2380
in,bharwari,16413
et,asasa,23794
ni,waslala,5611
de,bad sackingen,16483
br,santo antonio do taua,8921
de,lugau,7779
ws,saaga,490
tn,duz,28127
ru,krasnaya gorbatka,9225
rs,mol,6649
lu,redange,1164
in,kagaznagar,60163
ca,saint-germain-de-grantham,2145
au,lemon tree passage,5865
ru,gunib,2576
br,dores do indaia,12859
bf,yako,23080
ch,thonex,13018
br,arroio dos ratos,13405
cz,horni jiretin,1908
us,lawrenceville,29368
ru,petukhovo,12367
ro,ocland,1383
ro,baba ana,4234
nl,haren,18775
in,gyanpur,13468
tz,igurubi,10083
ph,torrijos,3002
lu,michelau,281
in,wer,18269
ca,moose factory,2060
ad,la massana,7211
tz,rujewa,29228
ro,pietrari,3257
ph,eustaquio lopez,14408
mk,bitola,86528
kz,semey,292795
pk,khairpur,124650
ph,ubay,3799
ph,pidsandawan,2481
lu,saeul,316
ca,hope,4598
us,suisun city,27219
rs,donja vrezina,4676
ph,laguindingan,3120
it,alba,30860
id,makasar,1321832
hn,el pescadero,909
gb,newbury,33065
gb,heanor,23122
fr,vienne,30651
us,san marcos,58216.5
ru,seryshevo,11718
pk,mirwah,12140
in,khopoli,64465
in,bangarmau,37429
hu,szob,3065
br,sao domingos do maranhao,18275
ua,ahrarne,3326
ru,tatishchevo,7377
ru,shemordan,5887
gh,berekum,36409
co,san pedro de uraba,11095
ru,yelniki,5549
hu,szod,3059
ar,eldorado,62823
ru,yagodnoye,4685
my,gua musang,19734
gl,nuuk,14799
co,puli,596
de,schluchtern,17362
ru,severo-kurilsk,2286
rs,tutin,9224
ro,joseni,5635
it,atri,11904
in,karari,14404
cd,lodja,68239
ru,ust-kut,48203
ru,rossosh,64324
ug,iganga,45023
ro,vaslui,69226
ro,cornetu,5063
mx,tenochtitlan,5603
hu,szalkszentmarton,2982
hu,nyirbeltek,3021
es,madrid,3102644
ro,duda,5037
mx,tampico,309015
in,siuri,64665
id,mojokerto,112570
co,nataga,2232
ru,konosha,12383
in,badarpur,11033
hu,aszalo,2008
ba,zavidovici,14380
ph,minoyan,7771
no,tau,2507
ie,kildare,6380
gb,cleethorpes,32017
ru,pavlogradka,6148
ro,agas,6619
br,vitoria da conquista,253144
ru,kola,10282
ph,hamtic,4816
cn,qingdao,1642245
us,canovanas,8437
se,nassjo,15954
ru,nizhnyaya tura,23835
pe,pangoa,6667
nz,karitane,427
mx,catazaja,3223
in,phaltan,53206
ph,bogo,23562
gr,mesolongion,12702
se,oskarshamn,16613
ru,spas-demensk,5114
ro,miercurea sibiului,3981
ro,balcauti,3384
pk,johi,16311
fr,arnouville-les-gonesse,12543
ca,saint-augustin,3961
ca,barraute,1180
fi,joensuu,53389
pe,catacaos,57903
lu,hunsdorf,413
it,borgo san lorenzo,16628
ir,tabas,49999
ru,redkino,11507
hn,el porvenir,2424.75
br,osvaldo cruz,25747
cr,los chiles,3342
mx,chapulco,4394
hn,ocote paulino,1697
us,oconomowoc,13757
ro,joita,8616
in,pipili,15302
in,jaunpur,169589
gb,gardenstown,700
br,contagem,627132
pa,sabanitas,12872
am,berd,8374
us,poplar bluff,16488
nz,clinton,343
sl,yonibana,3354
ru,zlatoust,191369
ph,bariw,2070
it,atripalda,11361
in,pithapuram,52715
in,navelim,12470
hu,halmaj,1869
co,argelia,3718.33
us,rolling meadows,24003
tg,niamtougou,21534
mx,yecapixtla,14431
hu,tass,2963
gn,fria,9326
am,arteni,3086
zm,kasempa,5622
us,hull,11324
tr,salihli,88950
in,garhshankar,16471
be,geel,34697
ru,karpushikha,1497
ro,mileanca,2985
ph,lumbangan,7071
np,pokhara,186410
ht,dessalines,12313
gh,swedru,46950
co,ituango,10770
ws,siupapa,53
au,lithgow,11129
py,caacupe,21697
in,sanand,35035
cr,desamparados,39276
sv,guatajiagua,5273
no,hammerfest,6730
mx,monclova,195772
gh,begoro,23759
tz,chato,27776
sv,pasaquina,2149
ro,pomarla,2964
it,capoterra,25572
ir,bam,99276
be,geer,2682
ca,outlook,1989
ph,padapada,3016
pe,ica,247687
np,jumla,9073
ke,witu,5380
ve,cua,182925
us,port lavaca,11743
ru,vengerovo,7073
ro,somcuta mare,7584
mx,ixcatepec,3655
hn,agua dulcita,1017
gr,orkhomenos,5920
fr,wattignies,14474
cn,changping,93174
ru,udachnyy,15266
ro,livezeni,3704
ph,sapang dalaga,2742
jp,hiji,27864
gb,elgin,21236
am,yerazgavors,1285
co,pinchote,674
us,ironton,11209
ru,pokanayevka,723
ru,plesetsk,10870
mx,palo alto,4610
jp,moriyama,68585
gr,khoriyion,928
br,visconde do rio branco,29010
ru,pavlovka,5077.5
ro,luizi-calugara,4596
in,siddhapur,54317
de,calw,24220
us,auburn,25332.3
ph,laguit,4533
it,santa maria a vico,14211
in,khambhat,81334
dk,marstal,2265
be,aalst,77534
be,lobbes,5467
pa,llano marin,1264
hu,tiszanagyfalu,2010
ru,ishnya,3297
ph,vista alegre,2709
ph,general luna,5027.67
in,bahadurganj,31408
am,samaghar,2343
fi,kemi,22629
ru,ageyevo,5934
ro,marca,2890
mg,morondava,36803
ee,kehtna,1579
cz,dolni bousov,2362
es,muros,10252
sd,doka,19821
ro,bradeni,1470
in,nidadavole,44176
in,khaga,13339
in,fatehpur sikri,30029
hn,el transito,1025
gt,san francisco,3873
dk,asnaes,2441
ru,gusev,28690
ro,boianu mare,1403
ph,langcangan,8706
cn,qinggang,64182
dz,constantine,450126
es,linares,56982
br,canhotinho,12074
br,jaciara,22739
us,fairbanks,31351
ru,tengushevo,4010
gr,varda,3307
br,indaial,44360
us,green,23894
ph,minalin,13528
ly,tukrah,23164
in,jansath,19469
gr,ormilia,3436
dk,gorlev,2269
us,battle creek,54088
rs,badovinci,5402
pl,myslowice,75281
pl,gorlice,28609
br,ipanema,11705
ph,bontoc,10440
mx,tomatlan,6121.5
lu,oberanven,682
ir,varamin,179620
dk,nakskov,14081
co,sasaima,2948
nl,bergen,22973.5
zw,kwekwe,116332
us,greer,20703
pl,olesno,10236
in,hosdurga,24687
bg,burgas,188554
us,elizabeth city,18015
us,fortuna foothills,30680
ph,carot,2939
br,porto,6535
at,wilhelmsburg,6718
ro,urechesti,4927.5
ro,sihlea,5354
in,khudaganj,12638
ht,limbe,32652
dk,aabybro,4849
am,tsaghkaber,1207
de,burscheid,19579
de,bad wurzach,14288
tr,serik,36945
ru,golubitskaya,4138
ph,tumalim,3692
id,karangampel,31232
ee,triigi,291
ca,saint-felicien,8088
de,kummersbruck,10458
us,glendale,152096
es,villaviciosa de odon,24958
nl,geldrop,28877
my,raub,40027
lv,valka,6589
lu,reuland,196
in,sairang,5760
hn,el plan,2176
no,grimstad,9581
us,rohnert park,41314
sl,sawkta,3327
it,desenzano del garda,25974
br,pocos de caldas,146590
uz,tuytepa,19985
us,lockport,21668.5
sk,strazske,4474
pe,bellavista,10824.5
gl,saqqaq,169
br,pesqueira,41896
de,lohmar,31802
tz,kwakoa,7514
sn,waounde,13688
ro,cajvana,7236
ro,baia de fier,4328
no,orsta,6425
no,hylkje,1801
na,opuwo,4857
jp,hatsukaichi,77342
gb,callander,2782
fr,soisy-sous-montmorency,17214
br,prado,15466
es,leon,127480
be,heers,6689
wf,vailala,451
ru,bolshoy lug,4391
ru,smolenskaya,8130
ru,lysogorskaya,10219
nl,haaksbergen,24493
km,mutsamudu,23593
tr,erzincan,114087
sd,tambul,10489
py,luque,209836
ph,mabuttal,2342
jp,otake,30151
jp,kikugawa,32500
br,matias barbosa,12072
us,el reno,15643
ma,nador,157665
hu,szada,3370
de,angermunde,18200
bo,santa rosa,4517
br,altamira,70890
ph,maujao,2310
br,sao bento do sul,77598
es,armilla,15934
by,slonim,51435
za,kathu,9219
ru,uglegorsk,12669
ru,staropavlovskaya,3081
ph,nagpandayan,3140
au,burpengary,8280
us,hammond,48347.5
ph,tampayan,2839
ke,meru,47226
id,bojonegoro,86578
hu,szecseny,6446
us,mercedes,14227
ph,katubao,4177
jp,shiojiri,67160
ee,kambja,722
ba,sturlic,5013
us,castlewood,25271
in,ambur,109883
cz,dolni lutyne,4752
br,jataizinho,10014
mu,dagotiere,6915
af,sahrak,15967
ru,evensk,2024
mx,chiautzingo,7176
in,kakching,30420
de,wardenburg,16019
au,buderim,15228
th,dok kham tai,23824
nz,north shore,207865
in,manjeri,89209
ee,salme,576
es,berga,15860
so,eyl,18904
gt,san manuel chaparron,2570
br,barao de cocais,22387
ua,valky,10099
ro,gaiseni,5455
gt,santa cruz verapaz,5656
us,pflugerville,29541
lu,longsdorf,80
it,zogno,9607
in,hodal,44304
id,ambon,355607
ws,sagone,776
us,west islip,28911
ru,voloshka,1562
in,saidpur,14498
in,chanderi,32552
de,spremberg,28444
ag,swetes,727
us,pascoag,4716
us,west springfield,28335
ru,talmenka,19904
ru,bolshiye saly,3250
ph,patabog,3149
ph,mileb,2758
mx,san bernardino,5204
hn,guata,1217
hn,barra patuca,2759
br,alvares machado,21642
ua,nyzy,2819
tz,korogwe,33919
ru,tatsinskaya,11258
hu,tata,23868
fr,menton,29199
es,ejea de los caballeros,16586
cz,zasova,2738
us,kendale lakes,61791
ro,domnesti,4787.5
mx,villanueva,11138
ru,temizhbekskiy,3811
ph,manticao,7956
ph,ballesteros,5591
gr,analipsis,1259
es,calatayud,18623
ph,caditaan,3126
na,warmbad,6700
mx,zozutla,5933
mx,san juan tepa,5139
in,mon,18743
gh,teshie,144012
de,bernburg,32859
br,sao joao da barra,20606
us,colesville,20606
ro,mirosi,2789
ph,magnaga,7644
in,dundwaraganj,46319
cm,monatele,11327
ru,bolshoy tsaryn,4936
ro,cotesti,4780
mx,apodaca,352246
pa,tubuala,1061
in,revadanda,10415
in,chanasma,15573
do,duverge,13405
dk,farso,3271
br,monte azul paulista,18117
ru,dikson,1113
ro,breznita ocol,4002
ph,guiguinto,76613
bg,bobovdol,7222
bw,lehututu,1942
uy,san jose,37606
us,sedalia,19772
ro,hamcearca,1624
gw,gabu,14430
gr,ano komi,1547
us,cape canaveral,10101
ru,ulkan,5701
fr,strasbourg,273506
co,san fernando,1615
ru,arkhara,10430
ro,podenii noi,4644
mx,santa maria del monte,5299
mx,atlatlahucan,7554
de,burladingen,13249
ru,kuzovatovo,8607
ne,dakoro,19799
mx,acala,12954
de,bad zwischenahn,26641
br,pirpirituba,8355
ug,amudat,1873
mx,vicam,8837
it,melito di porto salvo,10602
fr,canteleu,15157
bg,suhindol,2407
be,zele,20236
ph,canaway,3712
br,monte alegre de sergipe,6816
ke,nyahururu,31982
gr,vamvakofiton,1161
de,stuttgart,591688
ro,agapia,4517
lv,riga,742570
fr,allonnes,11707
br,ibate,29550
us,new port richey,17154
mx,nacozari,11872
hu,tamasi,9682
br,mongagua,45931
de,leutenbach,10718
br,lapa,25621
us,corte madera,9154
ru,shagonar,11415
pl,janikowo,8942
pk,mirpur khas,215739
br,iaciara,9207
ua,krasnyy luch,90004
ru,chinar,4665
it,spilamberto,11472
ca,wabana,2362
br,paraisopolis,13563
pl,glucholazy,15120
mm,moulmeingyun,39115
in,vemalwada,22920
ca,logan lake,2190
br,pontes e lacerda,29383
us,port saint lucie,119371
ru,baykalovo,6043
ph,sumalig,3118
ph,matingain,4130
ph,binabalian,3298
in,vallam,14935
gh,bechem,14391
br,juquitiba,13961
ph,malangas,8473
gt,la gomera,23460
se,balsta,13495
ru,chufarovo,2671
pk,rajo khanani,7683
nl,hillegom,20955
in,yairipok,8798
ph,palarao,2409
ru,barysh,18547
in,chuari khas,3431
in,chotila,15197
gr,tinos,4573
ee,somerpalu,413
dk,ronde,2213
ph,pantihan,5182
mx,uman,28473
ru,bolsheustikinskoye,7571
pf,mahaena,960
in,baikunthpur,10485.5
ao,ondjiva,10169
br,patos,92577
ee,kohtla-jarve,46060
mx,san juan del rio,118178
gb,clydebank,29867
au,cessnock,16394
us,winfield,10778
us,citrus heights,89430
pt,linda-a-velha,20895
ph,mapulo,2828
pf,anatonu,247
hn,san lorenzo,22291
hn,lepaterique,2090
fr,chamonix-mont-blanc,10061
us,vienna,12947.5
tw,homei,88185
pl,ostrzeszow,14447
mx,iguala,112111
gb,balmullo,1085
ch,pregassona,7491
us,somerset,18223
ru,novyye lapsary,7582
ph,guijalo,2604
in,makum,16226
il,rosh pinna,2492
hu,nyirmeggyes,2757
gr,prokopion,1108
gr,limnai,862
ba,serici,3663
us,grand forks,48426
us,los angeles,3877129
pl,lubliniec,24133
gr,theodoriana,999
co,cachira,2097
us,cheshire,29443
ir,bijar,53875
in,guna,153705
bg,kocerinovo,2431
br,patrocinio,71964
ws,mulivai,449
us,schertz,28417
us,minden,13376
dk,herning,30329
ru,yugo-kamskiy,7779
br,camaragibe,148966
us,orinda,18251
ua,bryanka,51920
sl,giehun,3368
ru,palekh,5616
ph,mandili,4532
mx,imuris,6117
mx,angahuan,4864
bo,trinidad,84264
pf,papara,10361
do,la romana,208439
cn,tangshan,2054526
de,sinsheim,35740
ru,novoyegoryevskoye,6168
ro,galicea,4054
jp,fujimi,108462
in,batala,145479
cz,steti,9152
br,mineiros,38951
ru,apsheronsk,40452
lu,beidweiler,227
be,gerpinnes,11977
cn,babu,65603
us,charlton,12764
tz,kilindoni,12409
ru,turgenevo,5168
ro,ilieni,1826
ph,bugsoc,2871
mx,isla mujeres,12491
gr,aitolikon,4323
ba,otoka,6595
de,heidenheim,50684
us,bainbridge,11714
ru,tavricheskoye,13063
ru,barabash,3603
pg,bulolo,16042
pe,tambo,5054
fr,raismes,13554
ca,sarnia,82998
co,chinacota,9667
in,lakshmeshwar,35143
ca,marystown,4558
af,kholm,64954
ru,vikhorevka,24918
ru,aginskoye,8784
id,salatiga,172664
id,kudus,92166
id,biak,40907
cn,hunchun,77028
vn,da lat,131382
ru,yekaterinogradskaya,3841
ru,tuim,4669
in,tilhar,57048
il,nahef,10077
ph,macalva,2874
es,lepe,20176
es,valencia,769897
us,levittown,45150.3
us,tustin,68728
se,sodertalje,59977
ro,prigor,2880
mx,zapote,4401
lt,jurbarkas,13103
us,canby,15459
us,derby,16280
ca,sutton,6680
ru,novichikha,4460
mx,magdalena tequisistlan,3890
ke,moyale,16246
ir,shahr-e kord,129167
in,barwadih,7402
gr,toumba,970
gb,dundonald,2399
de,brunswick,245259
ru,vyazemskiy,15248
km,domoni,14508
jo,kafr yuba,11730
fo,skopun,464
fo,kunoy,70
sl,rotifunk,6331
ru,tlyustenkhabl,4964
ro,blajani,1248
my,taiping,217658
gb,stretford,41954
tr,duzici,50850
ru,shelopugino,3416
in,narnaul,66053
py,felix perez cardozo,536
in,dongargaon,12507
hn,san matias,1251
sa,sakakah,93282
ru,molchanovo,6109
ph,talipan,4473
mx,nuevo san juan parangaricutiro,12300
in,narendranagar,4734
in,mahad,26667
id,srandakan,29532
ge,tskneti,4172
fr,gueret,13834
be,beauraing,8242
ar,santa fe,456044
ua,kazanka,8010
ru,staronizhestebliyevskaya,10478
gr,perni,913
fr,saint-paul-les-dax,10850
ru,bira,4176
ng,abeokuta,593140
gh,winneba,40754
ca,saint-georges,21416
br,candido mota,28145
cn,liangxiang,76744
us,croydon,9967
ro,botesti,3321.67
in,ulundurpettai,19835
gr,thermi,14373
za,bethlehem,83658
us,huntington station,30484
us,sunset,17956
ua,ladyzhyn,21393
tr,can,26216
ru,zharkovskiy,4833
ru,velikodvorskiy,2218
ru,ryzdvyanyy,7602
no,nordvik,364
it,samarate,16128
ru,mokshan,11652
ph,janopol,5297
lu,buschdorf,387
jp,takahama,40502
id,sleman,56216
fo,hellur,30
br,mancio lima,7086
de,birkenfeld,10444
br,monte santo de minas,16617
us,casas adobes,77904
hn,guacamaya,1250
fr,roquebrune-cap-martin,11416
bd,chhagalnaiya,39339
uz,guliston,53418
pt,tramagal,3821
es,lorca,85756
in,amguri,8496
br,chapada dos guimaraes,13657
co,salamina,12121
zm,mungwi,6821
mx,conkal,6395
lu,folkendange,21
in,maham,19385
us,avenal,16727
in,anantapur,240469
in,alirajpur,26446
bg,lukovit,9020
ua,romny,48570
lu,putscheid,38
jp,chichibu,58508
cz,stara paka,2015
bo,llallagua,28070
us,fort lee,37839
us,mason city,27802
ph,isabang,3497
gb,ilfracombe,10486
de,feucht,13585
us,brooklyn,11037
us,jaffrey,5784
ro,parva,2611
nl,bergeijk,18255
gb,stornoway,5423
de,parchim,19146
de,eislingen,20343
us,raton,7073
ph,sagasa,3952
in,amethi,12207
hu,melykut,5766
gb,shipley,28544
br,nova floresta,8623
de,ludwigsfelde,24823
es,torre del campo,13235
tr,cay,34225
tn,bu salim,20310
th,na klang,31024
ro,ruginesti,4438
ro,gura foii,2319
py,pirapo,1757
in,akot,86924
be,hamoir,3500
cz,jihlava,50818
so,wajid,6666
pl,ustrzyki dolne,9610
mx,miacatlan,8253
il,azur,10338
be,hamois,6662
ph,zarraga,3253
no,tovik,208
ca,saint-alexandre,1139
ua,baturyn,2964
th,lamphun,41791
lu,berchem,863
ch,oftringen,10062
ru,atemar,4052
rs,senta,19891
ph,dulangan,4001
nl,velsen,68513
lu,niederdonven,324
it,gardone val trompia,11478
be,wetteren,22930
in,palakollu,57346
hu,dunavecse,4201
gt,san antonio sacatepequez,1623
de,rudolstadt,25773
us,rockledge,23511
ru,gritsovskiy,6568
ph,san narciso,13376.5
ph,dumalag,3039
it,olbia,44903
in,kamalapuram,14677
id,paciran,27072
ph,tawala,2695
pa,san miguel,751
fr,chatou,29450
at,bad voslau,11013
br,paratinga,10262
ru,glazunovka,6666
lu,nothum,161
in,kilvelur,7629
br,urucara,8603
aw,oranjestad,29998
be,la louviere,76668
us,dover,23378.5
no,sorvagen,477
no,oystese,1636
mx,valladolid,39663
fr,vincennes,44781
es,azpeitia,13854
us,alamo,17041.5
ph,subusub,6887
my,tawau,306497
lu,hosingen,811
in,shahkot,13578
us,north saint paul,11799
ua,prykolotne,2499
ru,zavetnoye,5321.5
ru,pokoynoye,9175
ru,pavino,2947
ru,kizlyar,29554.5
ke,wundanyi,12501
cu,san nicolas,14914
es,montijo,15199
rs,macvanska mitrovica,3862
pk,khewra,32619
no,trofors,797
ni,chichigalpa,38066
it,garbagnate milanese,29295
hu,tiszadob,3311
ca,carman,2948
pa,churuquita chiquita,1142
jp,kanonji,44364
gb,gretna,2692
us,westerville,34226
tw,huwei,63693
pl,legnica,106033
ph,binahaan,4843
il,kefar weradim,5559
gr,aiyinion,4275
de,luchow,9763
tz,issenye,7778
ru,buribay,4461
in,parlakimidi,45383
id,sumedang,206919
ch,steinhausen,8640
ro,coteana,2960
pl,zagan,26251
in,kangra,9159
ge,abasha,6222
ro,gradinari,2785.33
ph,san ramon,3101.5
ph,lugui,2308
ph,dalumangcob,9424
in,jobner,10829
hn,la ceiba,130230
br,porto calvo,17347
br,tramandai,34735
ph,sapang buho,3339
pe,jepelacio,7182
in,nayudupeta,45778
es,carballo,28409
bg,omurtag,8858
ua,balky,5717
tz,longido,9403
td,kelo,42533
ro,siretel,4046
mx,boca del rio,11099
sk,prievidza,52987
ph,pambisan,2844
ba,kljuc,7244
cv,tarrafal,6366
us,hinesburg,4441
us,ellsworth,7055
us,los banos,33317
ph,macalaya,3673
it,pontinia,14621
in,tiruvannamalai,138255
gm,serekunda,218790
us,el centro,38323
ua,khotiv,4569
ru,gereykhanovskoye,3418
in,gondal,101808
gr,skotoussa,1371
br,santo amaro das brotas,9302
us,pine hills,45530
ru,dankov,22914
hn,choloma,139117
ci,sakassou,15068
cz,nepomuk,3531
ph,quinagaringan,2153
ph,punol,2468
nl,heythuysen,12088
eg,cairo,7734602
de,lichtenau,11350
us,lares,7184
pt,sobreira,4219
bw,kasane,9250
ru,krasnoborsk,4838
ro,harsesti,2841
ph,lugus,7167
in,marakkanam,19734
am,ayrum,2174
ca,sainte-thecle,1340
us,cliffside park,22801
us,quincy,64449.5
ph,villaba,3266
ph,paypay,2758
ke,kangundo,10094
jp,yubari,12872
in,manglaur,46400
hu,tunyogmatolcs,2629
cu,holguin,319114
bg,straldza,5865
us,salem,44405.8
us,fairhope,15419
sk,turcianske teplice,7031
ir,khormuj,29886
dk,grenaa,14317
ru,gostilitsy,3563
pt,beduido,8201
ke,butere,11206
hu,onga,4697
de,biblis,8824
us,peekskill,24117
si,portoroz,2769
se,falkenberg,18407
jp,tama,147477
de,templin,19764
de,konigs wusterhausen,33872
ru,sasovo,29859
ru,mgachi,1632
ro,negri,3101
ph,buclad,2620
pe,ayacucho,140510
it,san giuliano terme,32516
gl,akunnaaq,107
br,sao jose de mipibu,15317
cn,leiyang,129116
mz,chimoio,256992
de,bischofsheim,12114
us,northport,20574
se,mjolby,11560
ru,kommunar,7741.33
it,parma,155693
br,itaberaba,47303
es,villacarrillo,11063
be,butgenbach,5516
my,pulau sebang,11879
gr,kastrakion,1042
fr,draveil,28638
de,barntrup,9666
cn,tongren,90593
cd,inongo,40110
br,guapo,10075
ru,orshanka,6750
ru,nytva,20526
py,mariano roque alonso,72023
pt,sao pedro da cadeira,4452
cn,weifang,394732
ru,novosergiyevka,13188
in,repalle,42972
in,kosgi,15455
us,kearney,28758
ru,yanino,4263
ph,guinayangan,2732
lk,hendala,56977
in,rangia,26389
co,susacon,1207
cn,zhongshu,91750
sn,kanel,5138
hn,naranjito,3814
ee,kardla,3763
ru,starodzhereliyevskaya,3106
my,sungai besar,26939
it,monza,120857
in,peddapuram,45972
ua,boryslav,36704
it,monfalcone,26331
it,catania,307331
id,klaten,126845
fr,tergnier,15296
am,sarigyukh,1096
ru,prochnookopskaya,4916
ru,pritomskiy,4261
in,bhimunipatnam,44848
us,haltom city,41556
us,mentor,49726
ru,mnogovershinnyy,2719
ru,miass,156563
it,venosa,11982
gb,high wycombe,80357
ca,hudson bay,1661
us,goldsboro,38243
us,fergus falls,14364
pt,gulpilhares,10660
mx,atotonilco el alto,27012
de,lugde,11448
se,eslov,15898
ru,uspenskaya,4682
ph,mapalacsiao,5419
mx,ario,14585
in,pavagada,32065
hn,pespire,3172
br,olindina,12317
br,sabinopolis,9713
es,ondarroa,9712
us,utica,58590
ro,talea,1184
mx,tochtepec,6050
gr,pikermion,1385
ru,kaspiyskiy,14045
ru,chunskiy,16199
in,gundlupet,27200
in,amroli,17082
de,laupheim,19111
ph,santa juliana,2962
in,mudkhed,20777
br,codo,83289
bw,palapye,30652
us,brandon,38853
ph,pandan,3251.67
ph,mambog,3726
in,tuni,52664
in,barddhaman,301754
cd,kabare,37031
cf,obo,14038
ua,manhush,8153
ru,lobnya,61772
ro,adunati,2239
in,usilampatti,30677
gt,santa catarina pinula,66351
es,verin,12663
tz,masasi,36034
tn,tunis,692816
in,yarada,3406
hn,mateo,1021
us,tipp city,9380
se,ludvika,13638
se,lidingo,30930
no,tjome,2376
in,chalisgaon,96389
de,rellingen,13856
us,millburn,20386
us,muskegon,40112
tz,dar es salaam,2698651
th,nong kung si,17001
ro,gramesti,3097
in,gulaothi,46652
za,dordrecht,9123
in,nokha,55915
gr,thasos,3339
gb,whitley bay,38055
de,herten,65367
be,lendelede,5393
us,damascus,12466
sb,auki,4336
in,khair,30176
gb,rosneath,901
cn,haicheng,161018
gb,brora,1095
de,leverkusen,159088
br,mar de espanha,9678
us,windsor locks,12138
ru,yelkhovka,3142
ro,slanic,6967
ph,simbahan,4712
lu,fingig,329
ar,puerto madryn,95547
ro,chetani,2844
mx,rafael delgado,7823
it,palma campania,14741
in,nasrullaganj,18267
ca,armstrong,4275
de,lollar,10206
ws,gataivai,1141
tr,bafra,92991
th,pa sang,15607
ru,onega,22693
ru,anuchino,4658
in,shahabad,42416
dk,bjerringbro,7390
ru,iskateley,6545
ph,aga,5218
in,khunti,31370
hu,tolna,12011
hu,nagykovacsi,4861
hu,kunfeherto,2281
bd,keshabpur,30930
ru,srednekolymsk,3459
ru,monchegorsk,49869
np,biratnagar,182331
it,reggio di calabria,181990
it,arenzano,11572
ir,ramshir,19456
hu,napkor,3786
gb,worthing,99110
de,korschenbroich,33588
co,toro,13764
es,villanueva de la serena,24006
id,pringsewu,124791
gb,lochgilphead,2272
br,matias olimpio,4012
ru,begichevskiy,2616
ro,hodod,3131
ee,kuressaare,14922
br,monte alto,41894
cn,shulan,77420
us,millbury,13606
th,ayutthaya,81962
ru,krasnokamensk,29545
ru,dolakovo,9994
py,san antonio,55759
ph,aureliana,2172
gr,yiannitsa,27818
gr,diavatos,1294
ro,radomiresti,3995
ro,cristuru secuiesc,9554
ph,cateel,6624
in,nawa,20046
co,miraflores,3815
af,qandahar,391230
in,kalamb,27287
eg,dekernes,137559
ph,mauraro,3753
mg,sambava,31522
it,monopoli,50064
bg,strazica,5006
pk,harnai,11067
mx,la piedad,70241
in,imphal,223537
gr,thesprotikon,1718
gr,elasson,7060
cn,handan,1358318
br,tres de maio,18278
us,green haven,19326
ro,salasu de sus,2748
pt,marinhais,5788
mx,tamazunchale,21532
in,kothapet,4266
mg,nosy varika,37152
hn,nueva armenia,1133.5
fr,chevilly-larue,19630
bg,petric,29956
ua,staryy merchyk,1709
ph,malidong,2301
lu,helmdange,638
in,chaupal,1701
dk,hellebaek,5243
cz,sobeslav,7252
us,greencastle,10092
mx,cancuc,4970
it,san giovanni valdarno,17245
gt,san jose chacaya,820
fr,andresy,12646
ru,voronezhskaya,8026
ro,sancraiu,1826
ph,taguisa,3147
mx,pahuatlan,3490
mv,mahibadhoo,2155
mk,izvor,1014
co,la llanada,2747
cm,douala,1338144
ru,kara-tyube,3359
ro,botiza,2949
in,bagh,7764
bg,zlatica,4881
ua,lozova,62311
ro,isalnita,3955
ro,barlad,67819
bd,gazipur,132249
de,hochst,10143
cu,esmeralda,20274
us,east brainerd,15114
ro,moravita,2368
mx,tenango,4715.5
in,farakka,21836
hn,jesus de otoro,6988
gr,palaiomonastiron,1182
dk,farum,11552
br,altinopolis,14616
lu,mullendorf,1024
in,mandalgarh,21570
id,simpang,36653
de,gottingen,123570
ro,tatarastii de jos,4228
ci,hire,30232
ro,nuseni,3221
it,rende,36400
ir,ardabil,410773
in,bicholim,15317
hu,nemesnadudvar,2041
gt,santa maria de jesus,15210
ch,kerns,5375
tw,chaochou,58795
dk,hurup,2770
br,miracema do tocantins,29181
kz,aksu,26489.7
hn,san jose de rio tinto,1071
gt,san carlos sija,6691
br,sao joao del rei,78593
dk,oksbol,2845
ru,yetkul,6163
pt,canecas,10977
lu,mamer,5017
hu,devecser,5140
fr,lons-le-saunier,18245
es,adeje,22245
de,balingen,34680
co,pueblo rico,4165
ru,smidovich,5720
ph,odicon,2439
mx,cancun,542156
hn,ocotepeque,8781
de,thale,13544
th,chachoengsao,49741
ru,bolshaya yelkhovka,4020
my,kudat,32397
br,ipira,27218
ua,krasnoarmeysk,68263
sk,medzev,3667
ru,zelenchukskaya,21117
ru,imeni sverdlova,9151
mw,monkey bay,11623
in,hindupur,133313
ci,bouafle,89344
ro,voicesti,1752
pf,anau,1413
mx,ozuluama,3733
lu,sassel,45
fr,limeil-brevannes,18658
jm,port maria,7906
in,sohagpur,23852
in,misrikh,15014
br,flexeiras,7783
br,ipaba,15971
br,cardoso,10556
be,zonhoven,19922
zm,limulunga,7461
ro,racova,3488
ph,telafas,2306
hu,bakonycsernye,3177
cn,yunyang,73922
ru,salekhard,38026
mx,el castillo,4107
lk,kalmunai,100172
am,malishka,4174
ee,taebla,990
us,royal oak,57570
th,si bun ruang,12842
ru,ulukulevo,4546
py,villalbin,375
mx,san diego de la union,6072
am,shirakamut,2008
ee,tarbja,355
pl,lubartow,22839
ug,jinja,93060
fr,paris,2110694
co,apartado,86439
de,karben,21718
al,memaliaj,4951
it,cutro,10102
ru,barvikha,4193
in,maurawan,14918
ca,whitehorse,19616
et,dejen,11739
ph,mahaplag,3866
ph,inayagan,6610
gr,sozopolis,925
br,almenara,29333
us,red bluff,14036
ir,babol,202812
in,phulera,22574
co,cumaribo,629
at,ebenthal,7809
ro,castra-nova,3601
ph,namuac,3037
jm,montego bay,82868
hu,balloszog,2753
gh,kpandu,22525
fr,romainville,24158
de,preetz,15540
cr,san rafael abajo,27424
no,ulefoss,2746
ba,ilijas,5854
za,bloemfontein,463084
jp,nishio,103338
dk,lunderskov,2687
at,linz,181163
cn,xiazhen,125667
us,fredericksburg,15744.5
ua,chutove,6274
in,viravanallur,19691
ua,frunze,3281.5
ph,buray,3863
am,darakert,2325
co,tarqui,4144
us,north providence,33835
us,centerville,14632
tn,manzil jamil,21542
ru,vidyayevo,5949
jp,himi,54511
id,delanggu,24440
gb,catrine,1974
fr,joue-les-tours,36725
pl,naklo nad notecia,19565
ph,new baclayon,3804
nl,breda,168934
mx,bucerias,9037
in,raxaul,47970
in,jalakandapuram,14530
hu,domoszlo,2105
gt,san antonio huista,5553
bo,puerto quijarro,10393
tr,samandag,38434
ph,maslog,3641
mk,belcista,2804
at,altach,6040
de,lobau,21398
us,enterprise,22572
ru,severnyy,4658.2
ph,puntian,2312
mx,yurecuaro,20833
ua,klembivka,3692
ru,vitim,3843
ru,solnechnyy,5754.67
ph,pulangbato,2320
cn,dingzhou,152934
de,erwitte,16097
cz,nove hrady,2588
us,plainview,23448.5
us,groton,14567.5
ru,ostrovtsy,3683
ru,dimitrovgrad,132228
ph,catungawan,3342
gr,agria,5519
es,daimiel,17466
ch,munsingen,11326
us,eureka,25626
ro,falciu,6178
ng,ikorodu,313468
it,taggia,12367
in,amloh,13860
de,sulzbach,18802
ws,sapulu,957
ph,sapul,2840
lu,michelbouch,116
ve,goaigoaza,49767
us,roseburg,20430
us,rio linda,11128
py,san estanislao,14751
pk,sadiqabad,189931
mx,lerdo,63533
ke,molo,27901
cu,cruces,24907
sn,saint-louis,176048
no,tyristrand,794
mx,la union,4097.5
in,gurdaha,13103
do,el seibo,23554
be,quievrain,6560
br,colatina,101193
vc,biabou,1050
ph,san diego,2969.5
ph,pag-asa,3507
ph,minallo,2490
ir,talesh,45309
in,chodavaram,25074
cz,haj ve slezsku,3299
de,werder,25913
de,nagold,23486
pk,miro khan,10590
gr,nea efesos,2006
ba,jelah,5291
zw,mount darwin,11963
us,chandler,234297
ph,cabitan,3468
mx,todos santos,4419
in,dalsingh sarai,21613
ht,jeremie,30920
be,brugge,116709
es,san pedro del pinatar,18460
us,lawton,91752
ua,bereznyky,3055
ro,valea calugareasca,10378
ro,rachiti,4333
mx,tancanhuitz,3039
it,mola di bari,23918
in,attur,58707
br,concordia,55368
ru,mys shmidta,657
ca,roblin,1903
de,langen,27220
za,christiana,17523
us,sidney,12267
us,vincennes,18257
us,cartersville,17703
ro,movila banului,2760
jp,kawaguchi,468574
gt,san andres villa seca,4988
fi,vihti,26280
co,arbelaez,5252
us,sweetwater,12312.5
ph,colonia,2423
it,ozieri,11924
es,zarautz,21303
br,inhuma,7056
us,tarboro,10601
tz,matiri,18830
se,oxelosund,10690
ro,varciorog,2314
pt,santa cruz do bispo,6230
nl,vaals,10679
nl,maasbree,12887
mx,ayometla,7591
md,cahul,43778
gr,nerokouros,4388
ch,belp,9594
ua,kodyma,9276
ru,zhireken,3766
ru,voronezh,840590
mz,quelimane,188964
us,east rockaway,10268
us,bemidji,13331
ua,vapnyarka,8443
tv,tonga,376
jp,sukumo,25784
hu,visegrad,1713
gr,pentapolis,1607
fr,le creusot,24836
ch,luzern,57269
ca,drumheller,6557
ph,madridejos,3998
ph,guyam,3050
fr,vendome,18006
de,glinde,16106
us,edison,102548
us,tucker,26597
tr,gebze,281585
ng,enugu,653436
my,kuala perlis,13917
br,coite do noia,2529
ru,sergeyevka,3760
br,sapucaia,71634
co,hobo,4445
za,kroonstad,103997
ua,nebyliv,3282
ru,purpe,9099
ro,afumati,4971.5
pk,chak jhumra,37212
ph,indang,41158
gr,atsiki,886
gb,dudley,199060
cz,usti,95556
cu,guines,68938
ru,votkinsk,98635
ru,bada,5149
ro,tatulesti,1324
ph,siocon,5071
ph,cabulay,2829
kh,phumi samraong,27858
at,bruck an der leitha,7339
bd,bheramara,38164
us,wichita falls,101212
pk,lakki marwat,36394
pk,bhawana,16217
nl,opmeer,11755
lk,haputale,4722
in,bharatpur,229400
co,puerto leguizamo,9098
ec,samborondon,24118
us,hopatcong,16267
tw,paiho,32064
ru,moskovskoye,5482
ru,ferma,3402
ro,brosteni,3915.67
us,clawson,12222
mg,ihosy,16990
in,sitamarhi,57101
ph,lasam,6352
no,hegra,637
nl,coevorden,35113
ie,tower,3099
bg,ivajlovgrad,4451
ro,prundu,4708
ph,lawigan,2571
nl,gouda,71684
hu,fuzesabony,8182
us,pendleton,16539
fr,leers,9741
br,campos sales,17648
au,caloundra,38714
us,brooklyn park,39339
ro,galautas,2618
it,guspini,13229
cn,xiaoshi,68994
cn,boshan,153596
us,lincoln,74135.8
ru,yuzhno-kurilsk,5413
au,whyalla,19646
es,marchena,18319
de,juterbog,13483
br,aparecida do taboado,17332
es,berja,14526
us,springfield,58907.9
ph,anahawan,2640
mx,teopisca,12096
mx,dzemul,3072
hn,liure,1022
ro,sintereag,3806
pt,ventosa,5215
in,nilokheri,17361
in,botad,117060
fr,luce,17295
ru,sonkovo,4431
it,veglie,14227
ph,samal,36627
br,cataguases,62619
us,shoreline,51657
us,parker,25790
ru,cheremukhovo,7270
ro,focsani,105114
ph,umanday,4701
mx,puerto palomas,5659
ca,chute-aux-outardes,2000
ua,rozhyshche,13280
ru,komsomolskoye,5538.33
ph,ugac,2208
jp,mikasa,12102
id,banyumas,48379
cn,hegang,743307
ca,hay river,3030
br,jundiai,321595
br,ponta pora,55765
ru,talaya,1054
ru,nikolayevskaya,3613
ro,balteni,4753.5
ph,ugad,2166
ph,santa fe,2515.6
pe,pimentel,15622
it,este,16790
in,mairang,12586
gb,peterlee,29979
dk,nyborg,15826
us,lake saint louis,14525
us,river forest,11238
si,muta,2410
mx,santa maria del oro,4653
in,nannilam,10180
gr,kato lekhonia,1751
de,monschau,13167
br,campo grande,366109
cz,valtice,3616
us,ciales,3256
us,toms river,119088
us,sudbury,17343
ru,gusevskiy,3473
ph,lucapon,5767
am,saramech,1111
ro,homocea,9869
pk,mingaora,227423
ph,kitaotao,3893
pa,llano largo,1077
mv,eydhafushi,2808
us,west lafayette,30950
km,moroni,42882
in,nadbai,23522
hu,nyirabrany,3940
fr,vesoul,17050
us,hattiesburg,48123
ru,sinyavskoye,3715
ng,azare,105695
in,rafiganj,26231
in,mandleshwar,12051
tr,cerkezkoy,67117
ru,yumaguzino,5353
us,manassas park,11323
ro,ghelinta,4702
ro,cehal,1976
nl,zoetermeer,114144
mk,zitose,2131
mk,demir kapija,4451
in,tiruvallur,48099
in,miranpur,27392
co,solano,2973
cz,kdyne,4879
cn,luoyang,526638
tz,matamba,10642
tn,nabul,60207
lv,limbazi,8974
it,cittanova,10282
hr,krk,3380
ua,kozachi laheri,3587
ua,borodyanka,12069
nl,harenkarspel,16422
in,kulpahar,18978
hn,taragual,1043
ru,starokorsunskaya,10915
ro,dobra,3632.5
pl,slupsk,98608
id,padalarang,124953
tr,mardin,71409
ru,narovchat,4340
pk,radhan,16787
jp,tomiya,42501
in,barhiya,43049
ie,carndonagh,1581
cn,nanding,85495
th,tha chang,9547
ro,livezi,3920.5
pf,moerai,1044
mx,naranjos,19689
mu,belle vue maurel,5088
bo,irpa irpa,2968
et,abomsa,15261
us,port huron,30978
ru,sukhoverkovo,706
ph,nieves,8617
jm,discovery bay,2536
in,nagari,25936
gy,mahaicony,2130
bd,dhamrai,38003
us,baldwin park,80566
th,samut songkhram,35065
ru,nizhniy cherek,3098
ru,mezhevoy,5538
ph,araceli,3111
jp,muroto,17601
in,ambala,146797
fr,toulouse,411145
fr,maromme,12302
us,cedar grove,12457
tr,ergani,52710
ru,varlamovo,3264
ro,davidesti,2816
in,pullampadi,10288
in,kota,264452
in,murwara,195877
hn,la criba,1001
gr,palaia fokaia,2824
am,tazagyukh,2248
pl,leszno,63565
gr,kontokalion,1798
dk,framlev,3067
ru,lyubim,6057
ro,ostra,3145
mx,acambaro,56265
lu,essingen,18
lu,angelsberg,292
jp,furukawa,76313
it,polignano a mare,16462
in,virarajendrapet,15978
us,baraboo,10907
us,lake mary,14599
ru,dombarovskiy,9556
ru,alekseyevsk,3082
ng,sapele,161692
br,guara,18263
ao,benguela,151235
us,mound,9354
us,largo,39869
sk,svodin,2649
za,stanger,59901
ph,santa cruz,15203.9
ph,logon,3644
jo,kitim,5771
cn,jidong,58520
ua,bila krynytsya,1029
in,narasingapuram,10875
br,taquarana,5288
us,farmers branch,26468
it,bibbiena,12123
hu,koka,4376
gr,khalandritsa,949
de,kolbermoor,18488
us,brattleboro,13373
ng,yola,96013
mx,tecamachalco,26227
jp,suibara,20392
hu,szirmabesenyo,4697
es,loja,20750
de,welver,13142
cz,okrisky,2014
cn,hami,137072
ca,vallee-jonction,1216
tz,mbekenyera,11794
tn,wadi maliz,2148
ro,belciugatele,2322
ph,tipolo,2361
ph,calasgasan,2447
hn,apacilagua,1251
gb,northwich,42113
de,klingenthal,8984
us,parkville,31362
tz,uvinza,24650
re,saint-paul,99309
ph,suclayin,5734
it,san marco in lamis,16109
ba,bosansko grahovo,5642
br,caldas novas,63681
us,la mirada,49963
ro,sirna,5331
ph,pinan,4512
in,qadian,21016
gh,shama,20946
ro,milcoiu,1276
ro,bretcu,3866
lk,chavakachcheri,121897
in,sahaswan,60959
gr,khrisokhorafa,1302
ca,bridgetown,1063
us,wyckoff,17124
us,huntington,27928
ua,sarata,5035
ru,motygino,6625
ru,kubanskiy,3200
mx,apatlaco,12530
in,nabagram,34731
in,betul bazar,9641
hu,nyirbator,13434
am,zorak,1390
bw,maunatlala,3361
us,yakima,88405
ru,tula,468830
py,san jose de los arroyos,5118
no,tangen,475
mx,ostuacan,3183
cz,probostov,2229
ve,quibor,41533
us,goose creek,31399
in,shahpura,21037.5
ie,bandon,5493
gr,sofikon,1799
ch,affoltern,10415
be,spa,10756
ba,mala kladusa,6033
vn,ca mau,111903
us,hebron,9298
sn,gossas,10244
rs,nova pazova,18986
ro,greci,3446
ro,dobrotesti,5096
ph,evangelista,2585
ph,cebu,758597
nl,de bilt,43179
in,bahadurgarh,153666
hu,rakamaz,5197
dk,vaerlose,12842
ru,rybnaya sloboda,7190
ru,chertkovo,11012
ro,laslea,3147
in,naspur,15374
in,abhayapuri,15803
us,patchogue,12030
tz,mbeya,291672
jp,tahara,38177
fr,cernay,10614
tn,susah,163704
rw,ruhengeri,86737
ru,usisha,4442
ro,varadia,1483
ro,marga,1263
jp,hino,97273
be,bertogne,2852
tn,lamtah,5382
np,birganj,133244
fr,ramonville-saint-agne,11732
us,batavia,22003
ro,grebanu,5457
pa,ancon,9170
in,mangan,1464
cz,bojkovice,4747
ph,santa teresa,4019.33
mx,ixtapa,9494.33
md,ungheni,39709
in,tenkasi,65501
in,haldwani,139512
us,colorado springs,373072
pl,bydgoszcz,366452
ph,tapayan,3240
ph,lumbayao,3125
pe,tacna,280996
jp,yorii,38718
in,bharthana,41059
gm,sabi,7738
ee,kanepi,638
ro,miresu mare,5054
pe,san pedro de cajas,5784
in,bhadrachalam,45661
fr,montargis,15048
fr,la fleche,15559
us,rathdrum,5725
ua,zakupne,1398
pt,figueira da foz,12050
ph,paluan,4549
us,palatine,67828
in,kaliyaganj,51753
in,chidambaram,58655
in,amanpur,10363
pl,bierun,19659
ph,sillon,4042
pa,calzada larga,1427
de,wildberg,10186
ru,verkhnyaya khava,7870
mx,calnali,3600
br,urucuca,24414
co,tota,774
es,azuaga,8435
lb,jazzin,13477
in,sikandra rao,42233
in,kanodar,11954
br,paragominas,69616
de,sindelfingen,61686
us,alderwood manor,16875
ru,vostok,3115.5
ru,tonshayevo,4357
ru,kolosovka,5759
ph,makiling,4441
nl,wijchen,40392
kn,charlestown,1538
ru,zakamensk,12250
ro,roesti,2280
ro,baia de cris,2987
ph,panayakan,2298
mx,tarandacuao,7256
it,scafati,48113
it,ficarazzi,10829
co,ipiales,77730
be,aubange,14932
tw,tali,190564
ro,lopadea noua,2931
ph,rio tuba,8943
ru,rodnikovskaya,8925
ru,bavly,22982
ro,chirnogi,8022
jp,kobe,1528487
in,virudunagar,73280
hn,trinidad,4276
gr,kastaneai,1213
fr,longuenesse,12570
ph,pakil,10693
gb,urmston,41198
at,imst,9225
ro,cujmir,3733
ph,solana,2984
ph,cotabato,179445
no,sviland,340
my,sandakan,392332
mx,jaltipan,28525
ke,webuye,22508
in,sirumugai,20066
il,jaljulye,7580
fr,montelimar,32631
de,bocholt,73872
ru,tymovskoye,8030
pa,santa rita arriba,1960
mx,tonaya,3475
gb,sunderland,177965
br,ituporanga,13038
br,salto,98389
de,lilienthal,17851
ph,candiis,2323
in,kasauli,5215
br,matinhos,32008
de,dillenburg,24772
us,palm desert,48531
ru,vereshchagino,22451
it,nardo,31294
fr,beauvais,56526
br,jucurutu,11535
br,recreio,8882
tz,namanga,12049
ru,sokolskoye,6570
gb,monkton,668
br,sao leopoldo,209233
ru,gorelki,7655
it,frosinone,49775
br,pocinhos,7803
bg,dimovo,1145
ch,sulgen,3081
us,rockville,60646
se,koping,16617
pt,custoias,19406
cz,celakovice,10086
cn,hangu,208369
cz,dolni bojanovice,2870
cl,graneros,23301
tz,bagamoyo,82578
pl,zambrow,22857
mx,atenco,16159
it,salemi,11937
ee,sooru,294
cu,alacranes,5843
at,sankt georgen,4180
tw,lotung,70627
ph,san mariano,8611
fr,avon,14436
fi,uusikaupunki,16226
et,addis abeba,2757807
ru,vsevolodo-vilva,3539
ru,akhtubinsk,44552
ro,vadastra,3631
pt,milheiros,4342
pf,uturoa,3668
ro,sieu,3103
ph,igbaras,5974
pe,tumbes,109599
mx,agua verde,4192
in,parli,94871
hu,gyongyostarjan,2463
hu,balastya,3564
fr,stains,31921
br,matao,72469
tz,sokoni,25822
tt,princes town,11000
th,kathu,34835
ph,tagbina,10673
in,kamakhyanagar,15820
gr,nikaia,48941
de,waltrop,30150
al,cerrik,14269
us,west little river,32252
us,russellville,24972
ru,amursk,46383
ro,palatca,1368
in,mahabaleshwar,13599
ca,gibsons,6821
ph,solano,36208
it,novi ligure,27115
it,lerici,10684
ph,potong,2498
ph,bayanga,5087
lt,kupiskis,8264
id,cibadak,229745
gt,chiquimulilla,12578
ro,danes,4759
it,cerro maggiore,14181
in,simga,12945
vu,vila,35903
ph,munai,2113
jp,otsuchi,16497
gp,saint-claude,10135
au,katherine,10142
br,maringa,311727
ci,dabou,95057
us,blacklick estates,9172
ug,hoima,39644
lk,maharagama,66575
be,wasseiges,2471
co,almaguer,3120
us,little ferry,10790
us,sarasota,53327
tr,emet,23824
jp,fukuyama,383302
de,memmingen,41210
ch,aesch,10396
tj,shakhrinau,5385
sl,kenema,70680
ru,krasnaya zarya,1802
ph,mabalodbalod,2494
jp,hashimoto,57115
ga,oyem,30870
fr,oloron-sainte-marie,11007
ca,bassano,1388
br,nanuque,37825
cz,vranovice,1918
ca,richmond,3478.5
us,york,39587
ru,sambek,5278
mx,teacalco,3941
in,colonelganj,25506
gb,allanton,1266
bd,chhatak,39223
ru,energetik,9136
pl,ustka,16250
th,nong phai,27756
ru,yakshur-bodya,6867
ru,bytosh,4425
mx,atitalaquia,5806
ws,tafatafa,224
us,prescott,40136
pl,grajewo,22803
ph,calamba,82200.8
bd,thakurgaon,71104
ee,polgaste,372
us,north reading,14101
ru,kosya,504
ro,stoenesti,2931.33
ge,shaumiani,5237
au,mount isa,22564
br,venancio aires,40628
ec,catamayo,18565
us,goffstown,17602
us,holyoke,40141
ru,sokolniki,10843
ru,rebrikha,8858
ke,marsabit,15364
be,poperinge,19537
ua,vvedenka,2628
ph,bolo,4210.4
ge,bediani,227
gb,kenilworth,22799
cn,yongan,134858
ba,varoska rijeka,6573
de,stolberg,58900
cz,olomouc,102792
ee,karavete,295
us,point pleasant,20156
il,yavne,32394
gb,drymen,623
dk,store heddinge,3679
cz,kralovice,3475
at,leibnitz,7029
us,vernon hills,23510
us,waipahu,34588
ro,berliste,1326
it,bra,29454
ir,do gonbadan,94646
co,santa rosa,6494.5
ru,yantarnyy,5527
ru,vershino-shakhtaminskiy,1633
pl,grojec,14880
ph,bagumbong,2984
ph,allacapan,3645
mr,maghama,5100
gr,kato mitrousion,662
ba,vrnograc,6859
be,clavier,4092
ua,polonne,22348
ua,obertyn,3264
ua,feodosiya,72051
th,pattaya,97296
sn,kahone,2825
ph,ilihan,3395
no,utgard,315
mx,seye,7834
de,wernigerode,34674
ec,guano,12659
de,potsdam,145291
ph,sison,6213.5
pf,vaitoare,436
br,guajara-mirim,34123
us,pelham,16057
ua,zastavna,8536
ru,piterka,5437
ph,pinaring,2247
jp,imaichi,64324
gt,chinique,2637
au,wellington,5428
br,morrinhos,34144
us,taylorsville,58284
ro,tarcau,3504
nl,eersel,18551
gr,derveni,1379
fr,villemomble,27351
us,durant,15483
ru,spas-klepiki,5942
ru,shushenskoye,18770
ro,intorsura buzaului,9026
mx,nieves,5296
in,gopichettipalaiyam,57532
py,emboscada,5911
nz,tuatapere,696
hn,el granzal,876
hn,corocito,2855
cn,baoding,995652
bm,saint george,1802
bo,mapiri,2598
ws,auala,574
ca,winchester,2564
us,new brunswick,50633
tz,mlalo,15576
sk,trstena,7461
ly,sabha,126387
in,vizianagaram,179379
id,tulangan,63890
hu,lanycsok,2707
gb,rosehearty,1320
ro,calinesti-oas,4654
ee,karla,988
us,marshalltown,25554
ua,shostka,85431
rs,crepaja,4794
lv,ikskile,3368
jp,izumiotsu,80773
cl,cabrero,18327
us,crossville,10166
ru,urussu,11279
it,castelfranco veneto,33449
fr,saint-jean-de-luz,13523
de,kiel,235264
de,hurth,55217
us,whitefish bay,13611
us,fort atkinson,11791
tr,tire,47245
sv,moncagua,2148
pk,dera ismail khan,101658
pa,panama,408188
in,kairana,80440
id,jatiwangi,57970
cn,shuangyang,62137
br,camaqua,53170
br,barbalha,33944
ro,ilovita,1397
pt,redondo,5845
cd,kisangani,539164
cn,jiangmen,532419
cn,xinyang,1590668
sv,zacatecoluca,39616
lu,haut-martelange,32
it,bisignano,11136
id,sibolga,79725
be,chastre,6243
be,kapellen,26410
ro,dabaca,1798
gl,kapisillit,89
us,north marysville,21922
us,winnemucca,6329
ph,maguilling,2892
ph,alim,3732
in,vandalur,13715
hn,santa lucia,1756
gr,antimakhia,2251
br,pacaembu,10101
br,torres,32791
cn,dengzhou,72308.5
rs,prokuplje,26937
ph,lantangan,2252
lu,goedange,45
kz,aktas,9888
us,haverhill,32998.5
jp,ina,62105
ch,bex,5995
br,sao joao nepomuceno,23155
br,guaiba,101026
ru,tuma,6432
ru,marks,33106
pt,borba,4586
nl,landsmeer,10338
mx,zapotlan,8344
kz,aktau,98838.5
jp,shiraoka,50975
in,ron,22595
de,bad munder,18692
ch,zollikofen,9144
vn,son la,19054
mx,santiago,35970
mx,pilcaya,4718
lu,ettelbruck,6364
it,palazzolo acreide,9548
hu,gyonk,2148
cn,zhumadian,253536
de,bad nenndorf,10323
br,porto da folha,9420
tr,duzce,57769
ph,norala,12750
it,montescaglioso,10005
in,kanchipuram,155043
gr,akharnai,82376
ph,buanoy,10955
lu,osweiler,381
tw,potzu,42268
sv,opico,7127
so,jamame,185270
rs,padinska skela,9353
in,theog,4191
gb,tillicoultry,5404
fr,bruges,12117
br,paulo afonso,85353
nl,dongen,25855
mx,tarecuato,8149
al,klos,683
co,silvia,7474
ru,krasnobrodskiy,11565
jp,sayama,160846
ca,montmagny,9645
us,laredo,210769
ro,jamu mare,3289
no,leira,792
jp,nago,59588
in,hardoi,122647
gb,penzance,20812
gb,gloucester,128722
br,sao lourenco,41144
us,southbury,19836
ru,sernur,8921
ru,mineralnyye vody,76281
ph,bagong tanza,2404
in,gurh,13104
in,godhra,131921
gr,varia,1518
es,murcia,410364
ua,bereznehuvate,7506
ph,aganan,2522
pf,fare,1540
it,abbiategrasso,30308
ws,fatuvalu,170
us,blytheville,16315
ph,mambulo,6319
lu,selscheid,59
id,baturaja,134824
us,fajardo,34070
tw,sanchung,360829
ro,darjiu,1160
jp,isehara,103402
us,gresham park,9216
ph,kapatan,2902
mx,soteapan,4140
hn,nueva granada,939
gb,strathblane,1803
ru,okulovka,13852
ro,miercurea nirajului,5741
pl,lublin,360044
ph,cambuga,6432
jp,ino,24123
de,oer-erkenschwick,30474
us,placerville,10274
us,el dorado,16511
ro,golaesti,3797
br,gravata,61250
ph,general mamerto natividad,18393
jp,shizunai,22436
in,hasanpur,33696.5
am,vaghashen,3235
ru,mayskiy,9559.5
ro,bogda,465
fr,dinard,10880
am,ddmashen,2157
dk,allingabro,1842
us,boardman,36216
ph,paolbo,3447
ie,rathangan,1961
hr,solin,15927
br,quebrangulo,6587
za,kimberley,142105
us,arecibo,49189
us,lewisville,51742
th,khiri mat,11272
sr,nieuw nickerie,13410
mq,sainte-luce,9197
hn,el durazno,923
ca,saint-honore,1742
us,passaic,68845
us,maryville,18694.5
ru,kulebaki,37623
ro,sangeorz-bai,10254
ph,sinayawan,4930
rs,despotovac,4489
ro,doftana,6777
it,rezzato,13190
ch,olten,16555
ru,kanash,49886
gr,sami,1347
cz,zabreh,14574
uz,turtkul,48908
us,manassas,37699
nz,hunterville,520
es,novelda,28974
bw,mogoditshane,43417
ru,litovko,2670
ru,klintsy,66337
ro,craciunesti,4283
ni,san juan del sur,6787
in,ajnala,19691
hu,dunafoldvar,9073
au,gatton,6513
ru,kanashevo,3244
ir,azar shahr,37349
in,ganganagar,231855
de,wasserburg,12539
yt,sada,9834
sn,koungheul,14786
nz,kerikeri,5654
ke,maragua,4662
cz,bludov,3177
bg,tran,2608
us,arroyo,7520
ua,chopovychi,2183
th,pathum thani,27911
pf,mahu,462
jp,shimada,75782
in,akhnur,12803
be,bullingen,5340
de,kornwestheim,30756
br,teutonia,21834
ca,prince albert,34608
tr,pasinler,24565
ro,probota,3685
bg,botevgrad,20497
co,la montanita,3305
ru,lokot,11853
py,antequera,2701
mx,san juan tilapa,8019
il,bene ayish,8193
fr,evreux,53040
co,santuario,12268.5
tz,nanganga,17468
ro,ziduri,4736
nl,steenwijk,42799
jp,tsurugashima,69431
in,tiruchchendur,29874
us,toa alta,4483
us,avenel,18664
gb,milton keynes,31967
us,bellaire,17436
pt,torres novas,14526
ph,baculin,2971
mg,mananara,41209
jp,ryugasaki,85763
it,palagiano,16426
hu,zsombo,3268
us,saratoga springs,27989
us,la presa,35119
in,balotra,68125
id,purbalingga,56909
fr,gerardmer,8839
ca,drayton valley,6099
de,damme,16236
uz,asaka,56736
ru,inskoy,13326
ru,bogoslovka,4636
ru,berdsk,90251
ro,balsa,1200
ph,dimayon,2571
in,revelganj,37035
us,moca,4964
ru,krasnaya gorka,2583.5
in,ujjain,457395
hn,piedras amarillas,999
br,esperantinopolis,13167
vn,bac giang,53732
ru,partizanskoye,3915
rs,gornji milanovac,24555
ro,zanesti,6077
ro,fratautii vechi,4635
ro,cermei,2811
ph,tagbac,4143
in,thiruvananthapuram,784223
in,chamrajnagar,67998
in,bansgaon,14284
ru,nikolsko-arkhangelskiy,18483
ph,rogongon,5530
hu,ketegyhaza,4331
cz,doudleby nad orlici,1927
az,badamdar,11398
vn,bac can,21837
gt,san martin sacatepequez,3582
ve,yaritagua,89677
ph,cabucgayan,2700
ph,balutu,3539
gh,tamale,360644
ga,lastoursville,8340
fr,brie-comte-robert,15080
ro,bucium,1747
mx,soyalo,3442
lr,tubmanburg,3168
id,talang,98971
hu,mezofalva,4910
hn,santa ana de yusguare,1823
gb,inverbervie,2162
es,cullera,21756
ph,pongpong,2927
pa,la raya de santa maria,933
bi,bubanza,12728
br,sao paulo de olivenca,11763
ca,wyoming,2324
sv,usulutan,51914
ro,tibana,7098
ph,malamig,2824
ph,butason,3232
ph,agno,2638
kz,inderborskiy,13254
jp,itsukaichi,24956
it,rescaldina,14194
in,islampur,43787.5
af,kusk,16952
ca,corner brook,18693
es,betera,16267
dk,lystrup,9107
us,lee,4500
us,millbrae,19557
gr,skopelos,2307
co,maripi,1143
cl,quilpue,130264
co,junin,1499
ph,binitayan,4802
it,bitetto,10662
fr,combs-la-ville,22067
ba,peci,3650
ye,bajil,48217
ph,bical,3550
lv,vangazi,4020
lu,fischbach,149
in,patiala,329248
ie,greystones,12260
gr,neoi epivatai,5077
gr,assiros,2409
de,reinheim,17839
pk,quetta,733970
ke,kinango,8070
in,guskhara,33783
gr,loutrakion,12276
de,lauchhammer,18948
th,ang thong,14430
pt,cortegaca,4139
ke,kandara,914
in,rudarpur,30876
in,farrukhabad,241176
in,attayyampatti,13628
hn,guanaja,1942
ru,kirpilskaya,5727
mx,mexticacan,3792
lv,pavilosta,1171
gf,saint-georges,2743
us,portsmouth,39210.5
ro,marasesti,11769
ph,tumalaytay,2340
mx,aguililla,9422
ca,la tuque,9503
ru,repino,1968
gf,camopi,1295
es,utrera,46361
br,aracaju,490184
be,grobbendonk,10724
br,nova friburgo,153363
tz,nguruka,39135
mx,san mateo del mar,5441
gb,airdrie,35440
be,borgloon,9955
br,rio real,24006
pt,sao joao,6762
gr,arkhaia olimbia,1208
fr,oissel,11100
fr,montivilliers,16390
us,bradenton,54608
ru,sosnovka,7367.5
ru,novotroitsk,106187
mx,chichihualco,10391
gt,cajola,2867
af,taloqan,64275
co,boyaca,731
az,qax,11993
ws,paia,308
us,pittsfield,24344.5
ro,stiubieni,2853
mx,cortazar,56363
gr,examilia,1631
co,riosucio,13056.5
us,mount vernon,32059.6
ph,banaba,3582.5
no,judaberg,555
ru,nevelsk,17639
in,gariaband,10416
am,noramarg,1811
us,hobe sound,11403
ru,vkhodnoy,7819
ru,khomutovka,4936
ph,bintakay,2593
gb,westhoughton,22994
es,archidona,9002
cn,zhoucun,122402
us,waverly,12719
ph,baroy,3195
id,pasuruan,158618
fr,le passage,8887
de,borgentreich,9813
de,nuremberg,497593
gr,nikoklia,1502
gb,balfron,1605
cn,chenghai,152453
us,angleton,18856
tr,ardahan,21020
ro,hartiesti,4913
pk,chak azam sahu,38214
mx,actipan,6037
md,drochia,19933
gl,niaqornat,60
us,palm bay,89093
ph,malasugui,2978
it,taurianova,15488
bg,svoge,7093
br,mundo novo,11912
sd,tandalti,27275
pa,siogui abajo,2675
ee,mustla,928
ca,stettler,5494
ru,rybachiy,973
hn,lamani,1791
es,rota,25867
br,carmo do paranaiba,26537
ru,verkhnyaya tura,10608
mx,oaxtepec,6993
mx,ciudad valles,109508
gr,anatolikon,1771
gq,mongomo,6397
br,pontalina,13640
br,capanema,47768
in,basmat,63977
hr,karlovac,48123
gb,muthill,668
br,capoeiras,4861
au,nerang,17684
ru,troitskaya,15112
no,risoyhamn,208
jp,karasuyama,18488
us,vestavia hills,37988
pl,chelmek,9059
mx,nanacamilpa,11682
us,papillion,18755
pl,gorzow wielkopolski,124430
in,tulsipur,22488
fr,nice,341621
cl,chiguayante,82545
ro,carpinis,7071
ph,maduao,2143
lu,buderscheid,126
jp,setaka,23985
hn,la zumbadora,1086
ru,kambarka,12464
pt,selho,10223
ph,jugno,3778
jp,nakamura,34559
fo,vestmanna,1284
ru,stekolnyy,2096
my,serendah,28483
ke,kwale,4883
bg,krumovgrad,4478
cl,lota,49763
de,stuhr,33110
ua,pishchanka,5484
in,aizawl,265353
bw,shakawe,5651
ph,san gabriel,4257.67
mx,mixquiahuala,22610
ba,ugljevik,3452
ca,saint-ambroise,2015
es,baranain,22264
us,lewistown,5918
us,forest city,13767
us,wasco,22813
th,mukdahan,40480
ro,varvoru,3344
mx,calimaya,10407
gh,dunkwa,25410
de,ruthen,11453
de,goch,34045
br,caetes,5386
mu,tamarin,3764
in,sarauli,20925
co,chia,64570
es,aviles,81984
tz,kigoma,164261
ru,pesochnoye,3005
pl,szczecinek,38496
mx,otumba,9718
jp,kikuchi,26678
in,phagwara,100154
br,limoeiro do norte,29450
de,bad kreuznach,43317
us,rosemont,23273
jp,innoshima,26141
co,confines,472
de,apolda,24380
us,bellefontaine neighbors,10668
ro,draganesti,5515
ph,tabialan,2312
co,pereira,440123
at,vocklabruck,11887
za,klerksdorp,178928
tr,bilecik,40306
tm,boldumsaz,21160
mu,bon accueil,6553
in,tura,63650
de,raunheim,13993
co,silvania,8237
ua,kuty,4160
tz,kimamba,11235
ro,buftea,20691
co,santo tomas,25847
pl,goldap,13769
mx,miahuatlan,12787.5
gt,cabanas,4582
de,blumberg,10666
be,lichtervelde,8169
nl,raalte,37298
in,bagli,10765
cu,vertientes,29704
pt,fundao,9725
hn,quebrada de arena,2723
gb,balloch,1743
ca,belleville,65368
us,uxbridge,12614
ru,izhma,3599
ie,cootehill,1713
ua,brusyliv,5242
mz,chibuto,59165
in,jagdalpur,76473
gr,makrakomi,2065
us,spring valley,72221.3
ro,moroeni,5042
ro,bogdanesti,3360.5
hu,nyiregyhaza,116809
de,burg,28602
nl,harderwijk,41916
ni,waspan,7287
ly,marzuq,43732
de,waren,21504
br,manaira,4913
us,markham,12392
ua,novobohdanivka,3506
gr,aiani,2119
at,frankenburg,5162
ag,parham,969
br,cunha,11896
th,sawankhalok,19805
kz,atasu,13184
jo,qafqafa,4767
fr,ezanville,8770
sr,onverwacht,2009
ro,ciorasti,3861
ph,general emilio aguinaldo,12243
lb,sur,135211
us,waynesboro,15277.5
ru,emmauss,3404
ro,nusfalau,5436
py,iturbe,4476
np,gaur,27327
jo,judayta,13163
hu,megyaszo,3072
de,freudenberg,18440
dk,svinninge,2376
de,dorverden,9805
ci,tingrela,67746
pk,sodhra,15976
cz,hradek,2888
cz,stankov,3053
ru,kizhinga,6459
fr,jarville-la-malgrange,9658
us,phoenix,1428509
ru,sarapulka,878
ru,pervoye maya,3342.5
ru,nizhnyaya salda,17473
us,newberg,20790
ru,polyarnyy,17332
ro,ungra,1983
ph,balagtasin,4050
no,hole,301
kz,kachiry,8931
it,romano di lombardia,16358
gb,basildon,101363
us,wilmette,26871
us,highland,30689
ro,oniceni,3284
ng,olupona,95002
ge,samtredia,28751
us,sedro-woolley,10605
ru,sosenskiy,12484
ph,malawag,3155
pe,mollendo,29084
mx,corral nuevo,4547
it,fara in sabina,12825
in,kushalgarh,10350
ru,krasnofarfornyy,1613
pa,finca blanco,1618
ng,uga,64184
mx,panindicuaro,5982
in,malhargarh,7621
ie,bray,32317
bg,pirdop,7923
ca,nelson,9813
ru,omutinskoye,9595
ro,stiuca,1821
mx,atotonilquillo,7130
kz,zhetysay,29257
br,coronel vivida,15841
no,kolvereid,1499
lu,arsdorf,241
lt,gelgaudiskis,1839
dk,hornbaek,3223
ba,mrkonjic grad,14737
us,hopkins,17073
ru,maryanskaya,10353
it,paterno,47042
hn,sensenti,1551
hn,mercedes,984
ca,brantford,87761
ch,dudingen,7088
ca,brownsburg,2597
ba,nevesinje,7312
cl,buin,55440
us,coral gables,42485
tz,tinde,22082
ph,caraycaray,3174
ng,eha amufu,70785
mm,kyaikto,48658
mg,tsaratanana,16761
in,yanam,36900
us,santa monica,88338
ph,san miguel,7480.15
ph,mangaldan,88828
hr,trogir,10960
ba,sokolac,8842
br,itaborai,182500
us,sierra madre,11090
ua,pavlohrad,115931
ro,balta,1391
ph,san ildefonso,6436
mk,petrovec,8298
in,vetapalem,38011
hu,nagykallo,10796
ve,lagunillas,44257
ug,lyantonde,8039
ru,ilinskoye-khovanskoye,3640
ro,garbova,2022
ph,margosatubig,14606
mx,xico,190542
au,port keats,1351
eg,matay,45215
us,bay village,15461
ru,pyshchug,3226
ru,iset,3191
pk,bhit shah,19326
pg,panguna,2916
no,bodo,33811
mx,san antonio buenavista,6365
mx,ezequiel montes,12443
jp,yuza,17083
co,san andres,21481.3
ru,magnitka,5784
na,outjo,6558
hn,santa maria del real,4587
cz,nove mesto pod smrkem,4001
de,bad salzdetfurth,14590
us,pomona,156183
de,amberg,44873
co,la cruz,8752
us,denham springs,9405
py,capiata,198801
ph,bone,6573
ni,diriamba,38018
mx,chicontepec,4480
br,morros,4829
am,hnaberd,1817
cn,alihe,61582
ru,reftinskiy,17673
ph,pagangan,2560
gr,milea,426
gb,auchinleck,3282
cn,fushan,65622
in,mul,23986
il,jish,2684
gr,lavara,1447
gr,gomfoi,1064
es,santa lucia,51877
de,walldorf,14488
us,hempstead,52837
us,leicester,11064
sl,pendembu,7602
ru,kopyevo,4863
ru,kamensk-shakhtinskiy,75815
ph,agoo,28971
ir,parsabad,101715
ru,ust-dzheguta,34001
ro,garbovi,4408
ro,cucerdea,1680
ir,khalkhal,51028
fr,cavaillon,25890
de,rheinberg,32178
cz,cerveny kostelec,8431
ru,dauriya,4058
ro,dumitra,4482
ke,port victoria,6793
gr,kastellion,1828
fr,valenton,11716
br,correia pinto,13752
bw,gabane,12884
ws,satuiatua,304
ua,chortomlyk,1275
in,jhabua,34138
es,godella,11829
am,artashat,20562
ru,kropachevo,5252
ph,la roxas,2456
no,mysen,5502
mx,salvatierra,32973
id,indramayu,123271
gb,oakham,10150
gb,fort william,9652
es,ciempozuelos,16606
ru,tavda,39480
ru,kosa,2199
mx,jimenez,31055
it,massafra,31436
bf,gourcy,17982
be,hooglede,9900
br,guiratinga,10938
ru,naryan-mar,18041
ru,krivopolyanye,5080
mx,tlahualilo,8588
in,mhasla,9332
gr,prodromos,994
gr,adendron,2312
gf,kourou,24035
ua,kobyzhcha,4332
ru,novyy redant,4990
ro,pestisu mic,1272
in,bannur,25457
hu,kunagota,2951
fr,domont,16314
co,santo domingo,2873
fi,kemijarvi,9341
tr,silvan,65990
pt,lamego,10928
ph,umiray,5096
kz,atbasar,34796
ie,tullow,2424
hn,el benque,1101
gt,santa cruz balanya,7664
gr,epiniana,682
gb,tarbolton,1649
bd,mathbaria,29764
au,wonthaggi,5985
cn,xixiang,60745
ua,sosnytsya,7825
lu,buschrodt,118
kz,kushmurun,8049
gb,tayport,4093
br,mirai,8500
cr,guacimo,9371
de,grevesmuhlen,10993
tn,jilmah,5647
in,islamnagar,29147
hn,el paraiso,11454
hn,auka,1254
co,cumbal,7529
br,ijui,71203
us,rantoul,12991
ro,provita de sus,2333
ro,buzescu,4243
ph,punta,3463.75
bd,nalchiti,38708
us,hendersonville,28138
in,curchorem,22512
de,ahaus,38932
tr,amasya,82939
ro,galanesti,6211
mx,bocanegra,5681
in,abu road,50266
an,lagun,289
de,syke,24084
ru,bogotol,23623
in,sarahan,1495
in,maibong,8365
gb,cwmbran,48157
be,wichelen,11014
ro,george enescu,3667
pl,sulecin,10090
dk,thyboron,2587
al,polican,10663
es,llodio,19623
us,ventnor city,12699
nl,ede,106506
mw,rumphi,20731
it,macerata,40893
it,castel maggiore,17023
in,dibai,37877
gb,jedburgh,4045
cn,shiyan,408055
mu,sebastopol,5745
it,catanzaro,91584
in,ichalkaranji,274405
gr,voula,29033
ca,essex,7396
cn,baoqing,62991
ca,alma,29527
at,eisenstadt,11767
co,la ceja,36585
tz,tukuyu,28398
pl,biskupiec,10340
it,civitavecchia,51480
br,pompeia,18015
ar,jujuy,277150
cz,kralupy nad vltavou,17493
cn,simao,71094
us,jamestown,16971
ru,staryy nadym,2766
ru,lysyye gory,7501
ph,latung,2964
la,ban nahin,3465
fr,carquefou,17387
cn,lichuan,72653
us,harvey,25597.5
us,addison,25511
py,trinidad,2837
ph,santa barbara,7577
mx,comitancillo,3824
fi,hanko,9962
de,hullhorst,13913
de,overath,27073
am,astghadzor,3520
ro,vetrisoaia,3452
pa,potrerillos abajo,1182
it,casteldaccia,9671
in,nagaur,96853
in,deoranian,19790
in,birur,23495
ru,achisu,1737
rs,becej,25562
pt,castro verde,4857
ph,el pardo,2768
in,malkapur,5582
ua,bakhchysaray,26525
tg,dapaong,31315
ro,letca noua,3849
ph,prenza,3731
pa,juan diaz,1348
mm,kanbe,58146
be,saint-ghislain,22500
cn,dongfeng,67820
us,winter springs,32658
tj,rogun,7732
ru,pervouralsk,130016
ro,stefanestii de jos,4183
br,sao joao da ponte,8373
et,harer,90226
ru,syntul,1842
ro,balaceanu,1773
am,goris,20379
uz,tashkent,1978078
us,elko,15822
ru,tikhoretsk,64388
ph,paringao,6570
mx,juarez,357576
in,udayagiri,10866
in,kokrajhar,31972
in,bulandshahr,198631
ca,little current,1652
us,franklin,26098.7
tz,kongwa,11840
ru,zhiletovo,2998
ru,industrialnyy,3923
pl,swiebodzice,23228
fr,barentin,13031
ba,priboj,4351
bw,letlhakane,18137
tz,mlimba,34969
ro,brazi,8406
pa,cocle,1226
hn,la tajeada,882
fr,dijon,153692
br,carinhanha,11408
tz,chalinze,34335
pk,narowal,68311
pa,progreso,2107
in,maholi,19345
in,haldia,207466
ie,rathcoole,2443
es,la linea,61369
us,scotch plains,23584
ru,yam,3244
ph,magdalena,2577.67
hu,nyarlorinc,2384
br,porecatu,11390
de,riedlingen,10466
tj,moskovskiy,19563
it,schio,39001
at,deutsch-wagram,7153
us,ossipee,4655
nz,tapawera,432
hu,koszeg,11500
br,iraquara,5131
dk,give,4240
gb,kingsteignton,11360
bd,badarganj,32604
us,coral springs,131674
ru,dovolnoye,7220
mx,acultzingo,5801
it,carbonia,31508
fo,sandur,608
br,maracai,11960
sl,gorahun,3758
ru,yar,7122
lu,oberdonven,164
in,sanaur,18402
gr,aratos,1152
ro,cosesti,5416
ph,isugod,3665
no,sovik,663.5
jp,shingu,28805.5
ie,galway,70686
fr,villeneuve-sur-lot,22933
eg,qalyub,100521
br,duartina,11903
ph,nailon,5379
it,quattro castella,12369
iq,tall kayf,23613
gt,san miguel acatan,2716
us,dix hills,25902
ua,tynne,4123
mx,chavinda,6841
ir,esfahan,1547241
id,weleri,58454
gt,gualan,18957
ee,pari,475
za,vredefort,10649
ru,tarusa,10181
ro,ciomagesti,1362
it,montesarchio,13110
in,ahmadnagar,367168
fi,ylivieska,13159
br,sao gotardo,34145
ph,hipona,2380
jp,ishigaki,44803
in,rajaldesar,24105
gt,san juan ixcoy,2483
de,wetter,19379
ws,falefa,1346
ua,polohy,21380
pl,gostyn,20771
lu,assel,174
ru,batagay,4439
co,guavata,943
de,harsewinkel,23910
nl,oldebroek,23333
in,tindwari,10407
hu,komlo,26924
gb,thornton,1743
es,fene,14633
ru,usva,739
ru,inzer,4388
ro,zarnesti,15292.5
ph,tindog,3306
mx,la palma,8022
gr,paravola,1215
br,maracas,22050
br,eldorado,9075
co,valdivia,3398
pt,oliveira do hospital,4704
pl,pabianice,70542
no,saetre,3037
cu,jobabo,17804
hu,kony,2609
ec,zamora,15276
br,seropedica,54846
us,pacific grove,15196
pl,wabrzezno,13911
cz,mnichovo hradiste,8652
de,itzehoe,33415
th,chiang kham,14092
jp,takaishi,60512
in,kodala,13188
cz,polesovice,1980
au,milingimbi,986
us,maynard,10275
ug,wakiso,20543
py,concepcion,48127
in,chichli,10226
al,sarande,15147
at,schwechat,15711
ru,strunino,15484
ro,coarnele caprei,3156
hu,bacsbokod,3077
gh,nsawam,26682
am,horom,1893
cn,huainan,1027655
pl,zabki,23473
in,tekkalakota,25532
in,barakpur,148188
gr,kimmeria,3423
de,fuldabruck,9098
cl,san antonio,85651
us,colonial heights,17626
ph,san rafael,3045.38
lu,mondercange,3306
lu,marnach,454
lu,greiveldange,630
it,sarzana,20596
gr,alexandria,13665
gb,reading,244071
fr,thiers,12576
bg,septemvri,8741
cz,veseli nad luznici,6606
us,lakeland highlands,14100
ru,nyagan,52138
it,portici,55775
hn,la jutosa,4183
bg,nedelino,4676
am,shirak,1007
cl,tocopilla,24461
ve,cabimas,200859
gr,megali panayia,2782
gb,winchester,44094
ao,camacupa,19150
za,belfast,11916
ua,beryslav,14880
my,miri,228227
mx,petapa,4560
in,dhandhuka,30051
cz,roznov,17964
nl,valkenburg,17778
mk,ilinden,16406
in,gummidipundi,16605
fr,sainte-genevieve-des-bois,33133
az,sonqar,730
es,talavera de la reina,82704
us,channelview,31924
ph,libog,11690
jo,sal,7521
it,legnago,24319
gr,pappadatai,1313
de,zschopau,12016
cz,jirikov,3901
my,temerloh,59942
br,porto seguro,123196
us,lynn,89691
us,troy,41293.5
ro,lunca de sus,3375
ro,bezdead,5067
ph,villamor,2409
ph,maliig,2837
no,moelv,4113
co,fomeque,5390
za,grabouw,29897
ru,psyzh,6840
ph,langtad,2502
ni,nueva guinea,46630
cn,shishou,122411
cl,san clemente,13656
ru,sredniye achaluki,5643
ph,lais,2298
mx,tangamandapio,9967
hu,apatfalva,3268
ro,martinis,2968
mt,bormla,6096
gt,el palmar,14828
us,payson,15324.5
in,hata,12051
cu,batabano,13832
us,raleigh,338759
us,anderson,31191
ru,yurovka,3510
ru,sigayevo,5780
pe,chepen,42181
kz,sergeyevka,8845
in,partapur,10081
fo,svinair,23
co,la estrella,49387
de,elmshorn,48744
de,rheine,76474
ru,gaptsakh,3501
pt,aves,8506
my,jertih,13526
in,siwan,119194
cn,zhongshan,342306
ru,yelizavetino,3037
ru,shemysheyka,6619
ro,pocola,1646
it,loano,10375
ca,asbestos,7190
us,college place,8843
ro,girisu de cris,5170
ph,bood,2320
de,ahrensburg,30797
ba,brcko,38478
ir,taybad,37517
hn,jicaro galan,1370
ru,manturovo,10786
ph,nuing,2610
ph,bonbon,4168.5
gr,kitros,1412
ua,strabychovo,3255
mg,mahanoro,39879
jp,otaru,143794
in,sonepur,18770
br,quixere,11258
us,wilmington island,15702
ru,bolshaya izhora,3812
rs,bajina basta,9812
ir,ilam,140951
us,san juan,224394
ru,vyatskiye polyany,39535
ru,vozrozhdeniye,2738
no,hollen,462
in,krishnarajpet,24291
in,bali,19260
fr,outreau,15316
cz,nove mesto na morave,10459
zm,chipata,85973
tr,hadimkoy,11842
ph,kisante,4815
be,attert,4491
be,veurne,11983
br,terra santa,13512
am,kasakh,4247
ua,saky,28322
ro,corabia,20047
py,lambare,126391
pe,pilcomayo,8206
mx,tancuayalab,5913
me,niksic,65896
jp,komagane,34757
in,gangotri,811
gb,doune,1616
fr,bar-le-duc,16686
ch,bubikon,6160
bg,ljaskovec,9000
br,elias fausto,12705
ru,korocha,6081
ru,karmaskaly,7858
hu,ersekcsanad,2863
de,neustrelitz,22312
be,ohey,4324
ph,inawayan,5345
pe,paucartambo,5423
in,babra,18993
gr,florina,14910
fr,orthez,10203
am,shnogh,2872
rs,novi becej,14243
pt,ribeira grande,5198
gp,sainte-rose,20194
co,timana,8203
cu,guanajay,25258
us,mays chapel,12278
us,chico,70565
ru,konstantinovskoye,5816
in,achalpur,111287
us,mableton,31476
pt,calendario,11357
lu,vichten,764
gt,masagua,9818
rs,mali zvornik,4875
ro,bruiu,782
lk,vavuniya,60174
gt,estanzuela,8753
gr,peta,1952
au,mudgee,9042
bo,villamontes,18762
ru,davydovka,5841
nz,coromandel,1502
it,codroipo,14660
in,munger,203185
de,hauzenberg,12471
us,woodstock,20335.5
ro,plaiesii-de-jos,2936
ph,boot,4884
mu,midlands,4546
lk,kurunegala,28576
it,carugate,14033
es,santa brigida,19158
ph,bantigue,2026
pe,puerto maldonado,37742
mx,villa juarez,4330
in,pachperwa,15057
bf,ouahigouya,61439
ro,movila miresei,4341
ch,nyon,17071
ro,jebel,5298
pt,sao domingos de rana,46717
ph,bahile,2255
nc,sarramea,586
in,sirathu,13599
tr,sereflikochisar,44124
tr,kumburgaz,11956
it,sacile,18935
br,salgueiro,42153
co,potosi,3980
ua,novhorodka,6405
ru,ikon-khalk,4220
ro,asuaju de sus,1585
ph,liciada,3982
jp,sakaiminato,36324
ir,delijan,33510
gb,solihull,96268
ar,san pedro,55319
br,erechim,96089
ro,garceni,2561
pa,la candelaria,934
mx,jiquilpan,25621
cz,olovi,1891
cu,zaza del medio,8667
dk,hojby,4406
us,north ogden,16717
es,castro-urdiales,21605
us,norco,27346
it,ronchi dei legionari,11746
br,arcos,33356
in,karimganj,55293
gh,mpraeso,9007
br,garanhuns,110087
us,ahuimanu,8731
ru,gus-khrustalnyy,65268
ph,tabuelan,3985
no,hommelvik,4013
in,taoru,19312
in,murshidabad,39561
gb,burntwood,29766
uz,soldatskiy,14161
us,arlington heights,74995
in,kadipur,7473
in,dandeli,52300
be,jabbeke,13488
af,pagman,49173
tr,alanya,113027
sn,diourbel,126400
ru,lesnoy,18815.2
ro,lupsa,3765
mx,jaltocan,5641
lv,ape,1521
in,chittur,31611
gy,vreed en hoop,3073
br,barreiras,158296
cn,changde,517780
de,vienenburg,11518
sz,mhlambanyatsi,2886
ru,barabinsk,31509
ro,salatrucel,2206
ph,sugcad,3000
lu,gostingen,342
it,palombara sabina,12787
in,lahar,32889
sl,segbwema,11135
ro,stalpeni,5088
in,sainthia,43225
hu,tatabanya,71527
fr,gisors,12062
ve,mariara,105511
us,national city,62490
py,yegros,1140
cg,ewo,4923
de,wernau,12668
us,romeoville,41420
sv,chapeltique,3159
hn,arauli,1160
de,weimar,65113
se,tumba,35780
jp,kasamatsu,22671
ph,pines,3019
ph,otavi,2833
no,rafsbotn,364
lt,linkuva,1720
in,rewa,208483
hu,mor,14690
gw,canchungo,6853
be,riemst,15809
be,perwez,7340
al,delvine,3916
ua,simeykyne,2493
ua,bohorodchany,7328
ph,allen,7502
ne,tera,21097
hn,concepcion de guasistagua,1470
ws,fogasavaii,380
us,covington,20751.2
ro,ghidigeni,6294
fr,joigny,10355
br,colorado,20449
si,zalec,4859
no,gvarv,891
gr,velon,3018
br,cruzilia,12816
ro,pui,4680
pt,oliveira do douro,24406
it,castellamonte,9437
ar,presidencia roque saenz pena,89584
ua,stetseva,3076
ro,creaca,2987
ro,babaita,6276
nl,vianen,20029
mx,san gabriel casa blanca,14940
in,antri,9788
pl,miedzyrzec podlaski,17158
ph,oroquieta,39279
in,hansi,82412
ci,bonoua,40637
us,waunakee,10366
us,mountain home,11542.5
mm,yenangyaung,110567
in,barghat,11221
id,pakisaji,30214
tz,pangani,8343
ro,eselnita,2994
gr,sevasti,842
ca,metabetchouan,2329
us,estelle,16553
ru,pavlovsk,18289
ro,lisa,2114.5
mx,jilotzingo,5065
in,gudalur,160993
in,chittaranjan,45309
in,canning,42132
cz,chrudim,23909
br,parnaiba,138011
vn,quang ngai,32995
ua,vodyane,5685
py,acahay,3205
pt,ponte,7040
gb,totton,29261
br,conceicao das alagoas,16152
us,toledo,306974
ru,khuchni,3637
ph,new cebu,2895
ir,khoy,175386
in,sailana,10811
in,banposh,10431
gr,mikonos,7739
us,shenandoah,18829
rs,subotica,99595
ro,repedea,4688
ro,pancesti,4272
in,chengannur,25046
gt,san jose el idolo,2362
br,lagoa santa,38487
ba,cajnice,3908
cr,florencia,888
ru,shepsi,3151
pa,puerto caimito,1674
mx,bustamante,3543
ma,asilah,31666
dk,logten,5048
cz,kremze,2475
ru,kuzedeyevo,3448
cz,semily,9247
ru,bugry,4715
no,tomter,1305
in,buguda,14298
in,aurangabad,378189
us,lisbon,9392
pt,alfena,14455
ph,libacao,3846.5
no,skjervoy,2376
ne,tessaoua,35778
fr,elbeuf,16613
dk,varde,12735
ru,starovelichkovskaya,13111
ph,abut,2387
hn,rio abajo,2055
gb,halifax,82625
us,river ridge,14278
us,micco,9944
ua,duliby,3533
ru,udomlya,32375
pa,mata del nance,1051
nz,balclutha,4441
it,grottammare,15057
br,lencois paulista,57376
cm,mbouda,111690
us,worthington,12236.5
ru,novodzherelievskaya,5365
ro,starchiojd,6592
ro,carpen,2978
lu,lasauvage,402
it,gioia tauro,18772
it,campagna,16760
ie,cavan,6388
at,neudorfl,4183
be,kruishoutem,8179
us,dinuba,18511
ru,izmaylovo,3075
ph,binuangan,5754
in,jodhpur,921540
ee,juuru,571
cu,artemisa,68076
ee,kiiu,833
az,korgoz,2036
es,la roda,14535
ru,pushkinskiye gory,5920
mx,bacalar,11513
kz,alekseyevka,2605
hn,el maranon,1836
gr,vlakhokerasea,773
ar,san lorenzo,47627
es,elda,60276
us,worcester,177216
ua,fastiv,51142
ro,grumazesti,5385
id,buaran,38774
ge,manglisi,4817
co,cabuyaro,1140
cn,taizhou,612356
us,lighthouse point,11237
my,beranang,14369
jp,takahata,26347
gh,mumford,13983
dk,ikast,14692
ro,poienile izei,1016
pt,vale da amoreira,10828
in,sihor,52606
hn,el mochito,1950
gb,ormskirk,23792
de,heilbad heiligenstadt,17056
kz,balykshi,19260
es,palencia,77438
co,salento,4136
au,craigieburn,19728
co,imues,1736
ro,carasova,3153
jo,kafr asad,8947
in,nandyal,165355
co,tenjo,3858
es,ames,18960
us,north branch,10389
us,slidell,27799
ph,subaan,2527
mx,atengo,7806
co,beltran,296
ca,vulcan,1853
br,pau dos ferros,25051
ph,maluanluan,3116
ph,ani-e,3324
pe,sicaya,6872
jp,takahashi,24819
de,meckenheim,25491
ua,nove davydkovo,3853
ru,pashkovskiy,43634
ru,kasimov,35355
ro,salatig,3094
nl,wisch,19389
mg,ampanihy,25686
ca,clairmont,1483
co,maceo,3109
br,ibirataia,19943
tm,baherden,22991
ph,sumagui,3495
in,tinnanur,22125
de,herzogenrath,47425
ru,filimonovo,3127
ph,barra,12442
in,kodungallur,34213
es,estepa,12194
ca,huntingdon,2865
bd,sarankhola,36475
br,jose de freitas,21433
bw,lobatse,30883
th,bua yai,16832
ro,tarcea,2652
mx,tecalitlan,13500
lu,ansembourg,42
jp,sakura,182553
in,ghatal,54663
co,riofrio,9236
ro,bucinisu,2306
cn,xiangdong,103815
tz,lukuledi,29699
tj,chorbog,4237
ru,shalya,6689
ph,batobato,9714
nz,dobson,738
nu,mutalau,129
py,san bernardino,4651
mx,palizada,3169
jp,abashiri,42498
de,neuss,152975
ch,huttwil,4480
co,san juanito,396
tr,susurluk,24829
ru,belyye berega,10425
nl,ridderkerk,45568
ch,oberglatt,5346
br,nobres,12010
br,santa vitoria do palmar,27776
de,bad salzungen,16610
tr,emirdag,20073
ph,bagakay,3136
lu,leudelange,1924
in,dimapur,135866
gr,gonnoi,2113
au,lakes entrance,5849
us,lindenhurst,22059.5
ru,sharkan,6523
ph,bugcaon,4218
nz,warkworth,3441
lr,ganta,13828
gb,ryde,24107
gb,fyvie,499
bw,nkoyaphiri,1578
ph,tagasilay,3192
mz,nacala,224853
gr,eleusis,27055
de,gangelt,11647
ee,elva,5820
ru,tamala,7956
nz,ruawai,477
jp,tanuma,28724
gr,khariessa,926
de,grevenbroich,64851
us,lake grove,10715
ro,fundeni,4698.5
jp,muko,53222
fr,saint-andre-lez-lille,10201
ru,lechinkay,4334
hu,heves,11311
cm,abong mbang,14661
ro,giurgiu,69068
it,termini imerese,27632
in,majitha,13901
gr,flambouron,762
bo,mizque,2911
ru,kukushtan,4870
ir,fasa,98068
in,kangayam,31367
in,jugsalai,49411
ee,veltsi,293
si,lasko,3389
ru,solikamsk,100814
ph,santisimo rosario,4190
no,ballangen,1001
in,narauli,17947
hn,la brea,1055
am,navur,1227
bg,pavlikeni,12129
tr,keskin,49701
ph,tubigagmanok,3866
gb,new cumnock,2884
be,knesselare,7889
de,steinbach,10223
cz,hukvaldy,1897
ba,pecigrad,6514
ru,volgodonsk,167734
ru,chernyshkovskiy,5458
no,floro,8169
my,kota tinggi,52746
th,krabi,31219
ru,belinskiy,8800
rs,bolec,6050
de,pfungstadt,25151
ve,caraballeda,37831
ru,verkhnyaya salda,48993
us,greenwood,26907.3
tm,gumdag,24312
ru,vnukovo,20592
ir,lar,71744
in,khanpur,14771.5
hu,varosfold,2248
hn,meambar,902
us,laplace,29064
us,bellwood,19751
ru,seshcha,5038
ro,amzacea,2647
pt,sobralinho,4453
no,sorkjosen,865
it,atessa,11081
de,altenstadt,12388
at,vienna,1569315
cd,watsa,24515
cr,zarcero,3559
kw,doha,37804
gr,molos,3280
gr,kato glikovrisi,1753
ch,frauenfeld,22639
sv,san francisco menendez,1264
sk,zarnovica,6596
ph,mariroc,4324
ph,mabantao,3251
jp,ashikaga,159673
ir,yazd,477926
ir,bandar-e lengeh,22771
in,rishra,117026
ba,sladna,4304
be,genk,63666
ve,upata,53697
us,redland,17683
pe,olmos,9845
la,vientiane,196644
in,madanapalle,108605
fr,pithiviers,9313
fi,kerava,31347
ca,beaverlodge,2219
it,cazzago san martino,10732
in,khuldabad,14415
hu,pilismarot,1952
cn,aksu,340020
ug,luwero,28340
sk,dunajska streda,23639
ro,reghin,35490
pe,marcavelica,25760
pa,san antonio,1232
ke,kericho,35747
in,badarwas,11135
hu,hajdunanas,18032
ru,devyatka,93838
ph,sagunto,2082
ph,maputi,2304
mx,tenamaxtlan,4825
cn,huanan,66087
bo,machacamarca,2045
us,palmdale,135294
br,sao jose da coroa grande,11512
cn,yulin,148485
ru,volga,3469
ph,dayap,5092
jp,naka,46761
it,pergine valsugana,17883
ir,sari,255416
gb,kingston upon hull,302297
am,getahovit,2005
pl,chodziez,19776
ph,aloguinsan,2721
pg,buin,750
lu,goetzingen,341
gb,welwyn garden city,44725
ba,drinovci,3791
br,nova granada,15716
de,senden,21039.5
in,godda,43663
ie,kilkenny,21589
ru,pelagiada,6871
fr,croissy-sur-seine,10501
cn,honggang,147977
be,gent,231493
se,boras,63223
ru,utsmiyurt,3464
ro,teremia mare,4108
ro,reghiu,2677
mx,guasave,68452
ly,awjilah,6610
gt,los amates,3347
gb,letchworth,33955
de,mettingen,12869
br,santana,12629
us,indianapolis,773283
my,jitra,63492
be,lokeren,37567
us,mount rainier,8815
mx,kinchil,5634
lc,choc,52
ke,limuru,6323
it,caorle,11647
gb,langbank,884
gb,barnsley,71448
at,feldkirch,29446
de,liebenburg,9649
ru,chastoozerye,2779
in,sham churasi,4403
in,nawabganj,17016
hn,silca,1112
bj,bembereke,24006
tz,madimba,12507
ro,odaile,1080
gt,patzite,983
bg,kaspican,3211
us,wareham,21478
ph,baguinge,2078
br,umarizal,8781
de,beckingen,15959
us,cottage grove,32975
ru,gubakha,31424
py,san joaquin,1745
ph,tacub,2764
ph,pasuquin,5768
hn,waksma,969
td,bousso,13555
ru,ust-kamchatsk,4939
ru,ola,6347
my,kepala batas,17131
gb,gourdon,569
fr,saint-leu-la-foret,15812
cu,guantanamo,272808
cf,baoro,8937
am,marmarashen,2946
br,cordeiro,15602
br,mantenopolis,8547
us,atlantic city,40554
py,nueva londres,813
it,boscotrecase,10393
de,torgelow,10551
ca,shawinigan,49161
af,rudbar,11034
ru,nezhinka,5100
ru,kokhma,28984
in,khapa,15176
hu,balatonfuzfo,4260
es,la puebla de cazalla,10794
ca,bonaventure,1480
ua,reshetylivka,9336
in,soron,28686
in,sasaram,145798
ar,veinticinco de mayo,24668
ru,oyskhara,12795
pt,mangualde,8894
mu,long mountain,7775
hu,tyukod,2188
gr,playia,939
ve,maturin,410967
us,revere,46420
us,crestwood,11533.5
ru,staraya russa,34303
mx,pajapan,7461
fo,husar,60
br,sao sebastiao,42960
es,portugalete,50964
co,gachala,1661
tw,tanshui,133001
tj,dushanbe,543105
ph,maligaya,4275
pe,ilo,53717
in,kanchrapara,136967
es,san fernando,90936
ru,podkletnoye,3070
ro,sarmasag,6400
ro,lita,3166
mu,albion,3254
lu,holzem,541
ec,pujili,16168
us,mint hill,15772
us,millville,27390
ru,abakan,167291
ne,zinder,191440
it,ventimiglia,24734
in,bali chak,12958
gb,aberchirder,1159
fr,palaiseau,29749
br,salgado,5457
us,steamboat springs,9349
sv,juayua,9936
mx,san juan de la vega,14209
gb,hawkhead,968
az,baku,1116513
wf,gahi,280
pk,haripur,56981
mx,almoloya del rio,8995
lu,manternach,443
in,chettipalaiyam,24091
gr,nea ankhialos,5908
de,peiting,12048
br,sete lagoas,201337
us,winthrop,12896.5
mx,autlan,42157
md,calarasi,17125
hn,azacualpa,1063.33
gr,erikoussa,863
cz,hustopece,5858
ca,almonte,4921
zm,kansanshi,40711
pa,san felix,1049
jp,koga,59025.5
fr,limoux,9353
co,cubarral,2280
ru,kochevo,3261
ro,arbore,6736
ls,thaba-tseka,4843
cm,betare oya,11866
dk,svenstrup,4550
ch,bern,123018
us,south charleston,12722
us,elsmere,5713
ru,nikolskoye-na-cheremshane,1967
ro,icusesti,4648
in,penukonda,20220
bi,makamba,19642
us,paramount,57275
ru,saltykovka,4573
ru,gavrilov posad,6948
ru,apatity,61187
ro,comarna,4551
pt,entroncamento,19887
ph,palsong,4566
ie,kill,2304
ch,prilly,10774
us,saint ann,13205
ph,dubduban,2271
nl,weert,49614
jp,yonago,141369
in,rangpo,4026
ca,terrace,19443
br,itanhaem,90387
us,merriam,10759
ro,mironeasa,4324
mx,huaxpaltepec,4212
jp,kuwana,113108
in,khonsa,10188
id,pasarkemis,154227
hu,kunmadaras,5826
gb,belfast,585994
id,tulungagung,65270
gt,nueva concepcion,10892
gr,monospita,897
br,monte aprazivel,16308
at,kirchbichl,5115
ua,sudova vyshnya,6420
pf,papetoai,1964
nz,tauranga,110338
my,sungai udang,26044
ie,donegal,2513
et,korem,30638
br,coracao de jesus,12410
pt,arazede,5906
ph,culipapa,7680
br,pedra azul,20899
am,voskevan,1287
au,toowoomba,92802
ro,peceneaga,2042
za,plettenberg bay,19445
us,brookline,30364.5
ph,balaoang,3724
ir,khash,69608
us,seal beach,24404
ru,verbilki,6708
ru,vazhiny,2926
ph,bitangan,3284
mx,ures,4199
it,montemarciano,10012
il,gedera,14267
fi,kauhajoki,14526
de,duisburg,505271
us,brookside,14519
th,yala,93558
ph,bukay pait,3356
nz,lower hutt,101194
in,dataganj,24564
us,opa-locka,14563
rs,stara pazova,19183
ph,anticala,3246
ru,kudymkar,31597
pl,tarnobrzeg,50459
ph,oracon,2045
ec,ibarra,108666
cu,pedro betancourt,26761
sk,leopoldov,3999
ru,izhevsk,631044
ro,corbeni,5613
nz,opunake,1495
mx,teziutlan,70822
in,devgarh,17502
zm,kalengwa,7574
lv,kuldiga,13289
ec,nueva loja,24211
np,waling,21869
in,pandoh,4351
de,graben-neudorf,11683
de,velen,13236
us,dennis,26780
sn,tivaouane,56828
mx,rafael lucio,3116
mx,cerro gordo,4714
tz,tingi,16315
it,melfi,15897
in,badgam,20948
br,iraucuba,13282
am,voskevaz,3789
tz,iringa,111831
ru,novoilinskiy,3660
no,hardbakke,234
jp,hirado,22516
in,bhadasar,33009
be,ans,27297
us,friendswood,34622
us,gulf gate estates,11749
tz,karema,12630
ru,nizhniy kislyay,4394
ro,bagaciu,2549
pt,rio meao,4802
ph,limulan,3933
bw,makaleng,1166
ca,paisley,1091
ru,yarensk,3929
ro,simeria,13827
ph,dimataling,4273
ir,khorramshahr,331254
de,wurzburg,134499
be,tournai,67720
ru,nizhnyaya tavda,6711
gr,kavos,923
ba,dobrinje,3987
cz,jince,2296
ru,pirogovo,3363
zm,nyimba,1336
us,syracuse,80018
ke,migori,35240
ru,prokopyevsk,215272
ru,arkhipovka,1741
ro,parjol,6688
nl,baarn,24301
fr,decines-charpieu,24661
de,freudenstadt,24384
ba,podbrdo,4028
us,marshfield,29759.5
us,saratoga,28956
ph,maddela,9751
no,byrknes,291
in,sibsagar,62107
hn,los planes,1320
gb,wigston,33720
de,weiterstadt,24499
br,piranhas,5528.5
py,paso de patria,853
jp,musashimurayama,66554
cz,nyrany,6884
co,trinidad,4752
gr,palaiokhora,1647.5
ru,prosvet,2961
mx,teloloapan,21244
gt,san pablo jocopilas,19774
gb,bridgwater,38021
be,haaltert,17129
us,converse,12155
us,vermilion,11006
us,pinewood,17149
ru,bologoye,25142
ph,general nakar,3532
in,dubrajpur,35090
gb,stonehaven,9592
at,sierning,8722
cz,kamenicky senov,4055
us,ceres,40082
ru,sudislavl,5236
pt,vieira de leiria,5807
mx,tayoltita,3742
am,martuni,11037
ec,vinces,32497
it,conselice,9011
in,mandapeta,48858
ht,kenscoff,5176
be,mons,91277
us,north valley,11305
us,seaside,35762
ua,krasnohrad,21426
rs,pristina,254023
ro,coroiesti,2318
mu,lalmatie,10404
in,tral,13257
gt,la esperanza,16095
gr,tzermiadon,682
uz,kuybyshevo,30117
us,lakewood,75335
ro,cosereni,6957
gb,trowbridge,36922
az,lokbatan,30694
us,hamtramck,21994
pl,kozuchow,9679
ph,tariji,2332
sk,ilava,5411
ru,levashovo,4007
ru,dudinka,23619
no,forset,653
mx,penon blanco,5014
ec,palora,6472
br,ponte nova,48188
br,joao pinheiro,28083
us,cave spring,25602
ru,selenginsk,16028
ru,naro-fominsk,72633
ru,gavrilovka,700
ro,lungani,5065
gb,kirkwall,6196
br,jaguariaiva,30627
ca,oxbow,1058
ws,fagamalo,294
it,sorso,13555
am,getashen,2114
es,madridejos,11743
ca,calmar,2000
br,lagoa formosa,11822
ee,siimusti,797
de,erkelenz,44479
de,salzhemmendorf,10709
za,piet retief,84403
ru,yermakovskoye,8910
ro,dragomiresti-vale,4330
no,rosvik,216
in,lakhnadon,15591
gr,katokhi,2850
br,gaspar,33659
be,paliseul,5037
ca,provost,2082
ug,mityana,41146
ro,prunisor,2531
mx,cerro azul,19633
id,ceper,28647
hu,cseteny,2039
de,donauworth,18550
be,welkenraedt,9006
us,pompton lakes,11405
ph,batang,3017
na,walvis bay,52064
kz,kuryk,11836
in,wankaner,47813
id,tual,39501
bd,sirajganj,167501
fi,haukipudas,17298
ph,timpas,3551
ph,pau,2428
ph,dumaguil,2238
nl,staphorst,15821
gb,carrickfergus,33080
gb,aberdare,32756
br,amapa,6256
az,mastaga,40092
tr,gelibolu,25191
ro,luciu,2922
jp,omihachiman,68697
jp,hita,61482
in,rohru,8164
cf,grimari,16486
us,little elm,19991
tw,yuanli,49231
ro,gighera,3609
ph,castillejos,27301
br,mage,216342
co,retiro,7941
ch,urdorf,9247
bd,nabinagar,31675
tm,turkmenabat,234828
ro,cobadin,8979
mx,xochihuehuetlan,5158
in,karauli,73722
hu,csongrad,18580
ba,stupari,4424
ch,chur,32874
br,teofilo otoni,101172
ro,largu,1769
ro,boldu,2518
pa,la espigadilla,1317
ng,pindiga,106323
mx,hecelchakan,10153
fr,illzach,14729
ec,guayaquil,1952029
uz,beruni,50929
in,baduria,49552
gb,liverpool,468946
de,losheim,16418
de,barmstedt,9558
it,piossasco,17036
cn,kunyang,65009
br,sao miguel do tapuio,7964
de,darmstadt,139757
de,bad laer,9514
zm,livingstone,109218
ir,hadishahr,26226
in,panapakkam,10611
cm,saa,5727
cn,chongqing,3967028
eg,el balyana,48801
es,palma,378884
ru,kopeysk,70786
jp,ginowan,91801
in,someshwar,22139
us,bourbonnais,16495
ru,totma,10502
ro,merghindeal,1256
ro,mereni,4155
ro,margina,2333
mx,pedernales,6240
gb,lerwick,6594
fi,nokia,28676
de,neuenkirchen,14068
co,caparrapi,4477
ru,tura,5444
ro,patarlagele,8101
mx,paraje nuevo,4190
it,noceto,11258
hu,farad,1936
cu,mantua,10797
be,burdinne,2799
at,horn,6485
tz,mwanza,436811
ru,kokrek,4181
ph,lemery,3240
ph,iraya,2727
no,selvik,1866
lu,hellange,629
jp,shinjo,41141
hu,onod,2461
br,sananduva,9601
co,taraira,341
ch,meyrin,19691
be,duffel,16011
rs,smederevska palanka,25516
ph,ponot,6624
nl,duiven,27463
ec,santo domingo,200421
ro,zerind,1442
ro,barsesti,3263
jp,ise,97315
us,mequon,23902
ru,duldurga,6259
pt,amarante,6782
ph,pangyan,5261
mx,badiraguato,3634
gt,san raymundo,8510
ch,minusio,6772
us,ponca city,25273
ru,pravokumskoye,5117
ke,sawasawa,12975
hn,la encarnacion,1484
gr,rizarion,959.5
au,bundaberg,52478
ch,wohlen,11736.5
ua,chyhyryn,11515
ir,maku,41517
ua,bashtanka,12657
in,tarapur,7493
in,ajmer,517947
fr,oullins,24803
de,sommerda,20872
co,arboletes,8381
ru,grabovo,7303
ro,marsani,5238
hu,bekessamson,2581
de,beverungen,15230
es,cervo,4848
tw,pingchen,219163
gr,nea karia,1820
gl,saattut,211
am,bambakashat,3089
de,erlenbach,10095
cn,tangzhai,67936
ua,ternuvate,1510
sl,lungi,7165
fr,longwy,13971
ch,horw,12110
am,mrgavan,1713
za,bisho,137288
sv,corinto,3160
na,otjiwarongo,21226
br,itanhem,13517
ws,salesatele,330
ru,verkhovazhye,5105
ru,starominskaya,30461
ro,scheia,6137.5
ro,dobroteasa,2121
ru,suntar,8639
ru,maloshuyka,3044
ro,rusii munti,2216
ph,dansolihon,3595
fr,noisy-le-sec,38153
us,florham park,13534
ro,salcuta,2509
ro,mica,4212.5
my,batu berendam,25028
ca,kerrobert,1038
us,drexel hill,29075
ru,shimanovsk,21467
ru,kurdzhinovo,4234
ph,san pascual,12788
it,carini,29785
gb,swansea,170885
gb,dunstable,51974
ch,fully,5965
bd,raypur,64659
ru,iglino,13958
ph,kalang,2323
nl,weesp,17833
td,biltine,11000
ke,voi,19624
gr,kallifonion,1208
gb,troon,14900
br,tangara,8067
cn,chengmai,68720
sb,honiara,56312
gr,neon karlovasion,5925
ru,shchigry,19198
ru,andzhiyevskiy,6755
ro,ungureni,3728
ru,belokurikha,14734
pa,la colorada,1246
jp,ogawa,37444
br,canarana,10785
yt,chiconi,7205
ru,zyryanka,3627
ru,osinovo,7827
lu,rosport,681
it,ginosa,22451
gr,krouson,2811
gb,stanley,1491
cm,nkongsamba,117076
cz,litomerice,24930
de,gluckstadt,11976
us,sharonville,13250
us,lynbrook,19626
us,neosho,10890
ru,ryazanovskiy,2305
ph,olongapo,219999
it,amelia,11282
fr,saint-vallier,9332
mu,port louis,155226
fr,issy-les-moulineaux,57127
bo,uyuni,10294
br,conde,15565
ar,olavarria,80005
uz,ohangaron,35516
ua,ratne,9081
ua,petropavlivka,8912
tn,jabinyanah,7349
ru,pokrov,15867
ru,krasnoarmeyskiy,3716
ph,aramaywan,3487
in,hilsa,41115
br,ipanguacu,4624
de,morfelden-walldorf,34194
us,ketchikan,7172
sl,peyima,4201
ru,yuryuzan,13424
ru,vedeno,1472
it,rossano,35073
cn,xining,767531
et,metehara,23408
bg,dospat,2391
us,perrysburg,16793
pt,ramada,17535
cr,purral,30034
ru,mesyagutovo,9780
ru,kozulka,8663
py,borja,325
ph,malasila,5864
ph,kinabjangan,2626
hu,ecsed,3457
gh,yendi,54411
gb,ellon,8750
fr,gujan-mestras,17953
do,santo domingo,2202016
bi,mwaro,4924
us,fullerton,75067
ua,zolotyy potik,2343
ro,suditi,2281
in,katpadi,16408
fr,comines,12467
ca,vancouver,1837970
ph,liliw,15246
it,gemona,11061
fi,mustasaari,17176
ca,harrow,3100
us,kaysville,22211
us,cedar hill,44049
ru,fakel,2006
ph,tignoan,4164
mx,tlajomulco,17025
it,racalmuto,10076
ru,isetskoye,7170
ru,bay-khaak,3058
au,singleton,13813
cn,baicheng,316970
es,bueu,12597
in,kayankulam,64189
gr,sternai,836
gl,aappilattoq,208
cu,san jose de las lajas,54850
us,paradise,121034
rs,sremska kamenica,12220
pt,lordelo,7297
mx,tecoman,79582
cz,morkov,2365
co,arroyohondo,3622
ua,balta,19220
cm,maroua,319974
us,waco,118967
tn,maqrin,31290
ro,moldovita,4985
mx,reforma,24884
gt,san andres sajcabaja,1947
be,lummen,13689
td,bokoro,14723
hu,szank,2506
cz,milovice,4342
et,wonji,17190
ca,beaumont,7366
ba,novi seher,4416
br,mazagao,6500
ru,kupavna,6636
pa,llano de piedra,1105
mx,tzucacab,9819
gt,villa canales,119084
br,gurupa,6461
de,bornheim,49126
us,plantation,85739
pk,tank,38504
in,khetia,15022
ca,fergus,17673
lu,bertrange,5615
lt,zagare,2201
in,naregal,17405
ph,gammad,2639
il,nordiyya,2264
fr,issoire,14034
de,kirkel,10509
us,warner robins,57764
ru,parabel,6227
ru,balabanovo,24233
ro,valea ierii,1010
ph,osmena,3890.5
in,namchi,1147
hu,ecser,3333
ca,pierreville,2172
de,falkensee,37916
py,pirayu,4000
fr,hayange,14729
es,san juan de aznalfarache,19848
cn,shuangcheng,130710
us,uniondale,24201
gb,atherton,20149
za,botshabelo,309810
ve,los rastrojos,34636
ru,tim,3673
ru,mingrelskaya,5522
ru,borisovka,14253
ph,macapsing,2282
in,gunupur,22266
in,govindgarh,10575
gt,san jose acatempa,6236
ws,matatufu,397
ro,murighiol,3761
ph,mungo,4591
ph,matalom,4335
mx,tatahuicapan,6869
jp,goshogawara,49111
in,vada,15475
ht,saint-marc,66230
gr,nea fokaia,1941
br,gurupi,64790
ch,burgdorf,14943
cn,fengkou,67139
au,melton,32369
us,bellmawr,11234
th,nong chik,11385
in,vite,45976
in,tarn taran,58590
hu,osku,2272
gr,terpsithea,1308
ru,prokudskoye,6043
ni,san marcos,19957
my,sungai pelek,13829
gn,guekedou,5534
br,ibia,18428
br,matozinhos,30844
es,conil,18644
us,hamilton,32986.5
ni,niquinohomo,7262
ge,zugdidi,73014
gb,coupar angus,2160
br,itapuranga,19709
cn,hecun,83009
dk,tonder,7841
ro,lunca bradului,2123
in,tiptur,60962
fi,harjavalta,7572
br,parnarama,12202
ru,uptar,2144
id,majene,37716
hu,szany,2300
de,geldern,34291
us,madawaska,4944
ph,jampang,2189
fr,brignais,12121
ua,spas,2976
in,khujner,9951
gr,marmaron,953
ee,paikuse,1996
ru,begunitsy,3558
ro,sarasau,2379
mk,saraj,25379
gr,liapades,928
et,gondar,153942
ru,bykov,4672
gb,earlston,1728
fr,saint-medard-en-jalles,28405
es,bejar,15008
in,elayirampannai,6473
hn,cuyamel,5022
ph,dassun,6030
nl,son en breugel,15366
mx,tepetzintla,4930
it,pagani,32580
in,bally,297001
be,beauvechain,6334
ru,dubrovka,5249.33
jp,susaki,26195
hu,prugy,2568
br,pires do rio,24823
ru,usinsk,44875
ru,lytkarino,50620
ph,tabalong,2294
ph,manalongon,9321
ph,jibao-an,2677
mm,falam,5404
br,cuiaba,521961
pt,sintra,26193
kz,talgar,42194
id,payakumbuh,121652
cn,kunming,1023674
dk,taastrup,30977
de,weener,15794
us,henderson,73576.8
re,saint-andre,48675
pt,fafe,16868
ph,plaridel,3638.83
ph,masaling,3829
ph,mangas,4911
mx,villa de reyes,8787
ru,pitkyaranta,13090
py,presidente franco,54303
ph,sagpon,6849
hu,tarjan,2825
gp,saint-francois,12733
ru,kyshtovka,5724
ru,kamen-rybolov,11489
ro,valiug,953
pt,queluz,103398
de,bendorf,17224
br,arinos,10078
br,sape,36149
de,langenfeld,58803
us,winnetka,12284
es,oliva,22422
br,mairinque,44457
be,antwerp,459805
es,calafell,15325
mx,momoxpan,16675
fr,bethune,29961
dk,fredericia,36946
dk,ronne,13889
co,sardinata,7872
dk,fuglebjerg,1985
ee,voisiku,516
se,hoganas,13461
ru,yablochnyy,2062
pa,gatun,1553
it,ponsacco,13257
de,eggenstein-leopoldshafen,15222
us,waconia,8808
ro,vurpar,2322
pl,kolno,10659
in,karhal,26696
in,jhalu,20358
fr,garches,18170
ba,dreznica,3908
bg,jablanica,2662
ua,kolomyya,61780
tw,yangmei,149768
ru,orekhovo-zuevo,120001
kz,achisay,5635
ch,hunenberg,8060
pt,porto de mos,6032
pl,radomsko,49175
in,periyanayakkanpalaiyam,24896
gb,chorley,33888
ru,shchelkun,3044
ru,kushva,34059
ro,osesti,3146
ru,temirgoyevskaya,8588
id,kijang,41343
hn,jocon,1731
cn,daliang,210411
co,berbeo,266
us,kerman,10647
tz,luchingu,25145
gr,tilisos,1026
au,caboolture,21478
br,sao mateus do maranhao,28234
us,westfield,27814
ua,zhovkva,12973
ph,cabarroguis,6974
jp,iida,107112
in,abiramam,6837
gb,huntingdon,21059
am,sisian,15208
bd,barisal,280437
az,qovlar,12819
us,west freehold,13219
ru,persianovskiy,15730
ro,mandra,2856
in,nedumangad,58284
hu,tiszakecske,11745
es,alcala de guadaira,58934
at,heidenreichstein,4472
cn,tailai,66623
tn,sidi bu zayd,42109
no,liland,304
it,colleferro,22123
am,vahagni,1184
es,ciudad real,64625
us,duxbury,27695
ua,pivdenne,8053
ru,zabolotovka,3308
ru,ust-kalmanka,6659
ph,mabiton,2202
id,cilegon,299790
bt,geylegphug,7464
co,tibasosa,3535
br,guaratingueta,105882
ro,buhusi,18395
nl,nunspeet,26785
kz,petropavl,200891
ba,piskavica,3797
us,melville,15428
us,alamosa,8771
tw,hsinhua,47816
in,babina,35542
us,tiffin,17013
us,eloy,11019
ph,siclong,2700
ph,lunao,8995
no,mandal,10233
it,vimodrone,14040
id,sunggal,157936
gb,bury saint edmunds,38622
cn,qixingtai,60169
es,aguilas,30739
cn,xiaoweizhai,58913
ru,vinsady,8949
ru,kultayevo,4235
ro,vadu izei,2794
dk,horuphav,2514
co,anori,4762
de,lauffen,11191
us,hermosa beach,19825
pk,sukheke,32834
ke,sirisia,944
gq,riaba,972
de,drolshagen,12438
cn,jian,171718
ch,geneva,181492
ru,pridonskoy,16896
mk,dobrusevo,2103
cz,tyn nad vltavou,8100
ph,lunas,5789
lu,itzig,1836
cn,xiashi,70171
pa,chiriqui grande,1429
jp,ito,71579
it,trecate,18578
it,mondragone,24810
in,pundri,17534
us,glasgow,13972
us,decatur,39847.8
ru,pogranichnyy,11930
ru,kirovskaya,5918
it,celano,11701
in,namli,9236
id,lawang,159517
de,celle,71106
ws,malua,371
tj,panjakent,35089
th,sam roi yot,19709
mx,teotlalcingo,6138
ke,bondo,8683
in,tirumullaivasal,13233
il,yeroham,9148
hu,adony,3812
mx,sonoita,9783
in,sojat,42559
us,new boston,4934
us,turlock,67940
ro,jilavele,3747
ph,dalwangan,4906
in,jangaon,47563
in,baldeogarh,8283
br,congonhas,48819
us,jenison,16758
us,malden,55290
ro,codaesti,4785
ie,carlow,20055
cz,mikulovice,2771
us,garland,217219
us,merrick,22457
ru,sindor,2880
ph,halog,2496
mm,mudon,89134
ec,riobamba,124478
cn,jiamusi,549549
ca,whitecourt,8763
us,fall river,93000
tj,nau,13833
mx,ocoyucan,4747
in,sarangarh,14617
ar,san rafael,125033
ph,manaoag,59115
lt,vilkaviskis,13012
co,guacari,19637
ve,san cristobal,246620
sl,kamakwie,8468
ru,khandagayty,3146
ru,kapustin yar,6476
mx,ixcaquixtla,4716
es,boadilla del monte,30354
dm,marigot,2907
ro,orlesti,3372
ro,isaccea,5375
no,kyrkjebo,254
ws,tafua,403
ro,tulca,2849
ro,dealu morii,2970
kz,shetpe,11836
in,pasighat,25584
de,bad gandersheim,11100
co,dagua,12320
za,carnarvon,5785
ru,letnyaya stavka,4969
ru,khotkovo,20464
mx,simojovel,8510
gr,thessaloniki,354291
fr,saint-esteve,9919
br,reriutaba,12076
ch,koniz,35961
br,moji-mirim,78245
ru,volodarsk,10862
hn,la guacamaya,2525
br,baixo guandu,19292
br,goianapolis,10114
au,wagga wagga,55382
ru,urukh,4360
ph,simimbaan,2854
nl,goes,37275
in,ramganj mandi,35757
gn,yomou,3614
us,haverstraw,10114
us,scottsdale,225796
ro,ocolis,832
pt,benedita,8556
ph,panukulan,2836
mx,caltzontzin,4109
gr,menemeni,15706
gb,giffnock,16038
br,imbituva,19671
in,malkangiri,25056
in,bhigvan,8753
in,ambahta,14304
cu,yaguajay,42220
cn,benxi,987717
ee,vaike-maarja,2155
ru,popova,1285
ru,podporozhye,19658
pw,kloulklubed,531
is,vogar,982
gr,galatista,2710
gb,potters bar,22192
cz,plana nad luznici,3027
br,fagundes,5137
za,port elizabeth,967722
ru,gamovo,4362
gb,lennoxtown,3795
cu,alquizar,15275
cn,yantongshan,57515
za,soweto,1695094
tr,gediz,22069
ph,allangigan,2219
mx,tlalcilalcalpan,11059
gt,samayac,8809
gr,moirai,6450
gh,bolgatanga,39870
br,praia grande,250032
bo,copacabana,4508
ru,razdolnoye,7648
pt,tomar,19168
no,tromso,52747
kz,serebryansk,11478
jp,chatan,27844
hu,bekescsaba,65956
be,bertem,9215
cn,ziyang,87400
ro,subcetate,2075
ws,tafagamanu,314
ro,sugag,3175
in,bilhaur,19335
br,parauna,9731
ua,pidhaytsi,3158
ru,ilskiy,22612
rs,leskovac,63683
ro,limanu,4661
no,heias,661
in,chatrapur,21125
cz,brodek u prerova,1908
an,hato,13
us,norcross,9717
us,litchfield,4358
ru,saint petersburg,4039751
ro,bogata,1915
fr,mondeville,11193
us,federal heights,11551
sn,tambacounda,83467
ru,ust-bolsheretsk,2150
in,utraula,28440
dk,horve,2382
at,oberndorf,5738
in,harindanga,6254
ec,portoviejo,170326
ws,eva,266
rs,titel,5831
it,valenza,20625
it,rivalta di torino,19069
it,castelfranco di sotto,12130
in,vuyyuru,36755
fi,siilinjarvi,20210
br,embu,221737
es,orihuela,63147
cz,mezimesti,2840
ph,sierra bullones,2978
pe,pisco,62148
mt,mgarr,2868
gr,vlakhoyiannion,855
cz,pohorelice,4345
tz,kilimatinde,5975
th,ranot,19780
sl,buedu,4686
no,terrak,611
it,rovereto,33510
id,pedan,28738
de,wittenberge,20322
ru,zavodoukovsk,25683
ru,subkhankulovo,5674
ru,kommunarka,4684
ru,cherepovets,311854
ro,stroiesti,3524
no,berg,469
de,emmendingen,26820
br,cerquilho,35367
vn,yen bai,96548
ua,vesele,10683
ph,umabay,3480
jp,shimizu,32380
in,mailani,14213
hu,szikszo,5963
hn,agua caliente,1075
br,formoso do araguaia,14963
cu,remedios,34109
us,wellington,53164
ru,kiknur,5246
ro,bogati,4936
mx,lagunillas,3793
ml,dire,10947
hu,petofibanya,3061
hn,nuevo jalapa,1094
be,gembloux,21676
co,arenal,5346
de,alsfeld,17968
ve,bachaquero,30869
us,hartselle,13089
ru,ust-kuyga,1517
mx,cocorit,8695
mk,aracinovo,12800
id,bumiayu,54044
hu,edeleny,11037
gr,nea playia,1332
rs,vrcin,8949
ph,balinsasayao,2404
ro,criciova,1698
th,ban phai,35583
ph,datagon,2584
no,austnes,397
gr,ano liosia,28529
za,orkney,145843
nz,waiuku,7555
lt,anyksciai,11570
jp,kanda,36122
cn,jinchang,144363
ba,modrica,5135
br,santa teresa,9160
ro,munteni buzau,3824
ph,bocos,2428
mx,tepetitla,8034
de,kulmbach,27346
us,menomonie,15361
us,coalinga,16331
pt,bombarral,5852
lu,winseler,126
gr,argos,25091
cz,horomerice,2105
br,santa rita do sapucai,28766
ec,banos,9501
pk,chiniot,201840
co,hatillo de loba,3639
cz,police nad metuji,4377
co,mercaderes,4684
br,jaguaruna,11650
ru,gorno-altaysk,54917
ru,agvali,2158
de,naila,8349
pk,kotli loharan,21462
af,gardez,103732
gr,tikheron,2029
za,stilfontein,93138
ua,chapayeve,2800
pt,amora,52577
hu,veszto,7494
al,librazhd,12691
ph,kapitan ramon,4640
ni,san isidro,6366
ee,kivioli,6953
ro,aliman,3015
it,chiavari,27277
it,bareggio,17271
dk,bogense,3410
us,federal way,80815
ph,maguling,2361
ph,lanna,3439
pe,tucume,7074
in,bhawanipatna,64474
ro,fagaras,34034
pl,zyrardow,41179
no,soknedal,282
ml,sikasso,144801
hr,zapresic,17624
bo,warnes,22038
de,baden-baden,54802
in,phirangipuram,17335
co,siachoque,1375
ru,onokhoy,10478
vn,kon tum,47414
ru,shchuchye,10480
ph,san guillermo,3927
mx,lerma,18145
in,kuzhithurai,20613
fo,dalur,45
dk,ringe,4849
cz,straznice,5960
us,south sioux city,12135
ru,natalinsk,2060
ph,nanyo,3236
mx,chichimila,4693
it,cogoleto,9148
hu,kosd,2371
co,ragonvalia,3543
pl,plock,127474
ph,matlang,5840
mx,altepexi,16587
lt,zemaiciu naumiestis,1285
gr,sision,875
gb,bearsden,27839
cz,lovosice,9266
in,nihtaur,48394
in,kiraoli,21026
al,vlore,89528
tz,kahama,36016
rs,ugrinovci,7971
in,muzaffarnagar,349741
co,san jose del palmar,2392
ru,reshetikha,7356
jm,morant bay,9369
gb,newton abbot,25789
am,byurakan,3902
us,eldersburg,38366
us,longmont,83291
ru,ust-nera,9148
in,saint thomas mount,43227
es,ecija,37865
be,maasmechelen,36251
us,franklin square,29658
ph,maygatasan,4014
fr,vauvert,10377
za,worcester,127604
in,sirkali,33102
hu,harkany,3450
hr,novska,7306
bg,dve mogili,4561
mx,tres marias,5713
in,shahpur,18417.6
in,bagra,11364
id,waingapu,48829
ee,vajangu,401
mx,morelia,592820
lu,waldbredimus,416
br,vianopolis,7807
ru,pavlovskiy posad,60052
pw,meyungs,1275
mx,jacala,3908
it,cologno al serio,10175
au,deniliquin,8024
us,fairborn,32586
br,itaquaquecetuba,336686
ws,nofoalii,1828
ph,lalawigan,2025
hn,texiguat,1012
ro,amarastii de sus,3879
cz,halenkov,2349
es,huescar,8182
us,saint louis,320916
pt,marinha grande,28915
pe,huancavelica,41719
am,shatin,1671
es,alhaurin el grande,19605
ro,nanesti,2427
ph,buhangin,4391
mx,pinotepa nacional,25669
in,jaynagar-majilpur,24512
fr,lormont,21437
fr,lognes,15391
ro,victor vlad delamarina,2879
pk,nushki,27683
ca,longlac,1846
de,gera,104463
cz,loket,3186
ro,podoleni,5520
ro,bechet,3824
ph,palusapis,2443
mx,jala,9179
in,udalguri,15936
br,santa cruz,27776
de,buchen,19276
cn,laizhou,90070
de,kriftel,10590
ru,sukhinichi,16100
ru,golitsyno,16056
ru,glyadyanskoye,4237
pl,puck,11415
pa,rio alejandro,3632
mx,arteaga,7951
lk,weligama,22183
in,ramachandrapuram,42982
gr,psakhna,5828
sd,marawi,10234
mx,rincon de romos,24683
sk,kezmarok,21391
ru,irgakly,3997
ru,bolshaya orlovka,4293
ph,mendez,22081
ph,don pedro,2854
id,bulakamba,27367
tz,kandete,10318
th,klaeng,55619
ph,botigues,2973
mx,tlazazalca,3635
tn,sidi bin nur,4042
ru,saratov,863734
in,gauribidanur,32450
gr,megalopoli,5283
fr,nogent-sur-oise,19184
fr,gardanne,20541
de,ettenheim,11956
tr,bahce,19575
pl,gubin,16629
hu,veresegyhaz,11087
br,santa maria da boa vista,14695
ni,ocotal,39199
in,ambarnath,217778
cn,qidong,58287
ws,afega,1895
in,bilgram,27176
in,bhainsa,46125
ee,uhti,327
it,sarezzo,12423
gb,inverurie,11324
br,araguaina,114959
fi,kurikka,10628
ru,nurma,3256
ro,mociu,3454
pe,morropon,12362
hn,yaguacire,1449
fr,port-de-bouc,15621
co,chivata,664
no,hommersak,5796
mx,cuilapam,10782
in,bagru,25102
gr,tsotilion,1695
mx,ameyalco,5022
ru,chistogorskiy,4240
ro,sagna,7443
pl,wadowice,19238
ng,kagoro,77015
ie,lifford,1617
fr,douchy-les-mines,10174
de,bestwig,11819
am,argel,2528
us,bryant,15065
ru,dmitriyev-lgovskiy,8445
am,bazum,1114
ke,busia,40920
co,tesalia,3981
co,entrerrios,3462
de,marktredwitz,18359
us,victorville,83496
ru,grivenskaya,5208
ng,yenagoa,24335
md,ocnita,10762
ru,kolpny,7081
jp,suwa,54736
hu,fertoszentmiklos,3877
it,chiampo,12865
in,songadh,25270
fr,hombourg-haut,9522
be,anzegem,13920
us,tucumcari,5313
ru,tsentralnyy-kospashskiy,2806
ru,vityazevo,6104
ro,baluseni,5017
pt,leca do bailio,16103
ph,burdeos,4548
us,pearl city,31572
ru,podsineye,3249
pe,iberia,4406
lt,tyruliai,373
it,ariccia,19033
in,sagar,150257
hn,campamento,6560
co,los andes,4839
cn,deqing,87576
py,maciel,503
ph,pandan niog,3192
pe,trujillo,750004
ua,svatove,18770
ru,tubinskiy,1388
ph,calawag,4379
hu,keszthely,21534
ca,gravenhurst,5839
ca,osoyoos,4314
us,buffalo grove,43281
us,university park,25976.5
ru,murashi,7190
ru,kitovo,2934
ph,ponong,2513
ph,alupay,3981
mx,cuapiaxtla,6464
it,campodarsego,12327
in,udupi,129124
in,aduturai,11434
bz,corozal,8724
be,lontzen,4862
es,tarancon,12081
ro,vutcani,2391
ro,saucesti,4042
il,sajur,3547
am,aghavnatun,2913
es,archena,16563
br,ubaitaba,28376
us,hooksett,13575
us,north berwick,11436
ro,ciresu,2168
ro,cilibia,1909
ph,arenas,4108
at,feldkirchen an der donau,5286
es,nijar,19449
th,wiset chai chan,19129
nl,alkmaar,93287
mu,notre dame,3959
in,allahganj,13825
gr,megara,24047
gb,cardenden,4913
cn,hailar,211066
be,menen,31916
us,shirley,26431
ua,lazy,3660
tz,bugarama,32494
ph,montevista,10146
ph,bascaran,3261
in,rupnagar,52317
ru,golyshmanovo,13424
rs,brza palanka,1054
ph,siayan,4906
pa,guabito,5988
mx,pinos,4631
mx,culiacan,582489
ro,vermes,1705
hu,aszod,6184
gb,brighouse,32873
az,hovsan,36293
us,south daytona,14451
ru,grigoropolisskaya,9310
pl,zielona gora,118433
gr,spetsai,3972
gb,hoddesdon,35174
af,kabul,3043589
ec,puyo,24881
us,ashland,20638.6
ru,slavgorod,34141
nz,paihia,1944
in,polasara,20578
co,palocabildo,3534
us,cairo,9471
tw,shulin,179136
ph,candawaga,5164
no,hamnas,207
mx,etchojoa,8571
mx,amatlan,5586.5
lv,balvi,8409
de,varel,25303
br,macapa,338937
dk,nordborg,7406
us,golden valley,20325
us,drexel heights,35743
ug,bushenyi,24810
in,niwari,10331
hu,csakvar,5259
gb,longforgan,678
ca,jasper,3907
us,chattanooga,154024
us,asbury park,16507
us,mesa,449878
ru,petropavlovsk-kamchatskiy,187283
ru,novonikolsk,4066
ru,nizhneivkino,2234
ru,brusyanskiy,3277
ro,ighiu,6294
ro,cracaoani,4490
br,taquara,48052
bg,sliven,94252
gp,port-louis,5515
am,dzoraghbyur,2011
ru,ese-khayya,332
ro,cervenia,3360
nu,hakupu,221
in,rampur hat,53473
us,malibu,13769
tr,oltu,23516
th,doembang nangbuat,14671
ph,tabango,5806
in,sadabad,36097
hu,heviz,4439
es,bullas,12184
ws,papa,284
us,van buren,20932
th,mae ramat,17316
ru,verkhnyaya inta,1975
nl,purmerend,80807
ni,la trinidad,9312
mx,zinapecuaro,14931
ro,turcoaia,3646
mx,topolobampo,7580
it,induno olona,10325
in,asarganj,6020
bo,guanay,3915
ru,zhigalovo,5272
ru,staropesterevo,3554
ru,privokzalnyy,4866.5
pl,kluczbork,25978
it,gragnano,29227
hu,mezokovesd,17701
gb,shotts,7981
es,sabadell,198589
pa,el valle de la union,888
no,skjaerhollen,631
mx,huejutla,38491
mx,amatitan,9791
in,pipri,13584
es,torrejon de ardoz,111998
ru,naurskaya,8550
pt,ponta do sol,4236
lu,ehnen,531
br,taquari,27108
bo,colquechaca,1706
am,drakhtik,1016
zw,bulawayo,897249
pl,inowroclaw,77597
mx,teteles,4750
au,wangaratta,14023
ph,tortosa,7048
my,lawan kuda baharu,20238
lu,calmus,76
jo,kafr sawm,7800
ch,peseux,5580
al,kraste,1168
co,la pena,1667
ro,manesti,5899
in,kot isa khan,9639
in,badhni kalan,6072
fr,marcq-en-baroeul,37837
co,panqueba,668
ws,vaipouli,171
ru,vinzili,11219
ru,velikiy ustyug,32642
ru,mikun,11503
ru,bolshoye ignatovo,2735
ro,chiojdeni,2449
lu,ehner,13
it,montebelluna,28562
ge,lentekhi,10442
de,heusweiler,20094
us,moultrie,14644
ro,punghina,3322
mu,la gaulette,2216
il,deir hanna,8658
cu,varadero,17178
do,san ignacio de sabaneta,16381
bg,svistov,29762
ph,bancasi,3607
ni,wiwili,6508
it,la spezia,89012
in,srimushnam,12364
gt,ciudad vieja,29584
cn,longhua,65565
ph,lubang,5750
lt,obeliai,1247
au,murray bridge,11356
sk,presov,94718
fr,reims,192688
cu,los palacios,25703
bg,belica,3334
sv,guazapa,9217
ru,yepifan,2310
pt,meadela,9981
pe,santo tomas,4152
fr,saint-gaudens,10698
az,sabirabad,28076
us,titusville,42700
nz,patutahi,386
no,hylla,353
mx,el sauz,6569
jp,iizuka,78206
co,la esperanza,2718
ua,ulychne,3671
cm,batouri,43970
cl,castro,29926
ru,verkhnyaya maksakovka,3827
ru,baykalsk,15530
pe,urubamba,7574
lv,balozi,3854
de,delbruck,30699
bt,damphu,2040
tz,ilembo,2607
ru,kyzyl-oktyabr,3603
ru,kiyasovo,3265
ph,dacudao,3670
no,lindas,1070
it,cinisi,11305
il,reine,16157
gh,navrongo,25470
co,ocamonte,883
br,vicencia,10378
ro,smardioasa,2658
np,gulariya,53110
id,bima,66972
gt,mazatenango,43225
ro,brazii,3473
mk,prilep,73815
jp,hagi,43826
gr,nea alikarnassos,11886
cr,bagaces,4108
ro,slatioara,3051.5
ph,catubig,4728
nz,murchison,624
it,mascalucia,27703
in,bhavnagar,555014
hn,iralaya,1520
cn,jishou,102332
us,binghamton,45480
us,goodings grove,18569
ru,arkul,2537
ph,santo cristo,7218
hu,szabadszallas,6605
ci,daloa,217876
es,blanes,34894
cn,dengfeng,62375
dk,skaerbaek,3174
ru,zheleznogorsk-ilimskiy,28456
ro,slivilesti,3778
ph,tobuan,2772
hn,teupasenti,4208
gr,ano korakiana,837
de,bissendorf,14431
br,ibatiba,12265
co,sativanorte,792
us,millcreek,30696
tz,nshamba,19815
tr,kavakli,50532
ru,shkurinskaya,5005
ru,gornopravdinsk,5048
ru,blagodatnoye,5230
in,irugur,19166
at,seekirchen,9865
ru,romanovka,6696.5
ru,michurinsk,93500
id,sindang,27957
be,la hulpe,7415
ca,rossland,3619
be,nieuwerkerken,6466
us,centereach,27338
us,ontario,91888.5
tr,kahramanmaras,376247
ru,yaroslavskiy,10010
ph,mabilao,2397
mx,escuinapa,28249
hu,veroce,3087
gr,keramoti,1338
cn,chenzhou,179038
cd,businga,28917
us,bristol,28780.4
tj,varzob,2154
ph,lanot,6928
cz,senov,5385
de,duren,92956
it,lucca,80617
in,bachhraon,29235
de,lippstadt,67638
ca,lucknow,1275
us,groveton,22136
pe,yungay,5292
hn,toloa adentro,981
de,hohen neuendorf,22687
co,montenegro,36500
ba,dobrljin,3581
ro,schela,2770.5
ni,granada,92630
mx,higueron,4603
ki,ijaki,825
fr,vernouillet,11554
ca,saint john,87857
ru,mirskoy,3095
ro,balacita,3471
gt,guanagazapa,2784
fr,macon,33004
ch,fallanden,6987
cr,san vito,3981
bd,fatikchhari,39974
us,jericho,10092
us,pitman,9257
tn,naftah,21720
ru,kataysk,15620
ph,refugio,2289
ph,marintoc,2111
gr,iasmos,2787
cz,holesov,12455
ro,budacu de jos,2866
hn,san antonio de cortes,4955
us,woburn,37746
us,north vernon,6324
id,lahat,65903
hn,los naranjos,1684
be,boechout,12145
de,sandhausen,14329
bg,orjahovo,4464
us,richardson,104791
us,coral terrace,25120
tr,gaziantep,1066561
ro,cluj-napoca,316749
no,tynset,2368
in,pithora,7593
hn,san ignacio,2330
ru,pangody,10898
ru,mullovka,6383
ro,damienesti,1896
ph,lope de vega,2532
na,grootfontein,24105
be,dendermonde,43055
ua,zarechye,3832
ru,peski,5467.5
ru,nevinnomyssk,134347
ru,ishimbay,70422
pl,myslenice,17686
id,depok,651366
at,thalgau,5501
ru,khandyga,6796
mx,campeche,205221
in,shirdi,31980
in,mathura,330543
fr,merville,8894
ru,kipen,3098
ph,mina,2665
nl,dronten,39509
mx,benito juarez,6431.6
mu,flic en flac,2010
it,montecchio maggiore,21875
ie,skerries,10014
ee,melliste,484
au,perth,1446715
ua,novyy starodub,4777
ro,vata de jos,4239
pk,paharpur,17295
it,pellezzano,10969
ch,interlaken,5057
us,peabody,50293
ru,psebay,11174
ro,orbeni,4140
ro,giarmata,5357
it,teano,12806
br,japaratuba,8092
af,nuristan,17072
us,tinton falls,16549
ru,bryansk,427241
ph,lampari,2383
by,braslav,12378
cz,nechanice,2186
cz,golcuv jenikov,2593
li,ruggell,1862
in,swamimalai,7197
in,arumuganeri,25154
us,lake forest park,12368
us,syosset,18204
si,kromberk,1813
mx,villahermosa,362416
it,riposto,14054
in,sanguem,6120
gr,tripoli,26562
gb,burgess hill,31183
et,bonga,18976
de,elze,9686
pt,riachos,5463
it,creazzo,10529
at,sankt jakob,4481
cz,kosmonosy,4005
us,wakefield,14708.5
ru,babstovo,3685
ro,stanita,2203
lk,gampola,24734
in,okha,21049
in,arang,17505
ie,castlerea,1770
ga,mouila,22469
co,el bagre,40799
us,grand haven,10644
ru,trudovoye,18484
jp,hikari,45886
ir,azad shahr,47594
ru,zaokskiy,6480
pl,boguszow-gorce,16726
lu,hoffelt,270
jp,muika,29123
in,arani,62863
ee,kadrina,2406
au,burnie,19976
ua,pokotylivka,9962
ua,baherove,4382
sk,trebisov,22947
mr,nouadhibou,80181
gn,kissidougou,47097
ru,krivyanskaya,10203
ru,agirish,2886
ph,cabanbanan,3265
pe,acari,4465
mx,zapotiltic,22200
mv,thinadhoo,5361
gr,vonitsa,3770
ua,poshtove,2882
ru,ryabovo,3292
pk,arifwala,87386
mw,dedza,15611
gb,colwyn bay,30829
us,east point,35786
in,balod,22277
gb,muir of ord,1807
az,qazax,18904
de,meerane,17646
de,thalheim,7622
pt,trafaria,5603
pl,warsaw,1651676
pa,pese,3141
co,teruel,3921
af,uruzgan,13400
az,naftalan,7045
ro,budila,3405
pa,las colinas,1447
fr,avallon,8053
cn,xianyang,1034081
be,chiny,4897
es,chipiona,17400
us,fort washington,24124
ru,lakinsk,16706
ru,khomutovo,4782.5
cg,sibiti,19089
ph,manaring,2114
ph,batitang,3306
pa,nuevo guarare,856
nl,hellevoetsluis,40803
lu,reckange,611
hu,sarkad,10698
gl,qaqortoq,3224
br,bocaiuva,32115
co,san martin,11651.5
br,tanhacu,6620
us,harrisonville,9722
us,san gabriel,41535
sv,ahuachapan,34104
sd,yirol,11646
py,carlos antonio lopez,1497
ph,almeria,2960
gb,bonnybridge,7123
es,baza,22558
us,lake charles,70309
us,san ramon,45993
ro,ghioroiu,2144
in,satna,257805
in,barh,49562
id,ungaran,127873
fr,balma,13955
ee,luunja,579
ru,chernomorskiy,8454
mx,tetzoyocan,5593
in,bari,56140
ee,kumna,315
ro,flamanzi,11806
na,okakarara,5255
mx,cuajinicuilapa,9390
hn,san juan,1512
cz,brezova,2767
us,perris,46318
ro,gurghiu,6278
ir,abyek,55132
in,pathalgaon,15396
fr,sainte-savine,10631
ru,cheuskiny,3752
in,vayalar,25094
cz,brasy,2024
cn,ankang,132654
vg,little harbour,84
uy,salto,104667
us,fairland,23048
ru,lipki,9633
nz,kawerau,6702
mu,bel air,17671
hn,urraco,5711
us,escondido,137119
mv,ugoofaaru,1264
cz,susice,11452
in,masila,11461
id,margasari,27814
ca,yellowknife,15866
br,aguas de lindoia,18806
pe,tamarindo,4836
hu,felsopakony,3040
us,lyndhurst,17277
tr,mugla,48208
ng,obosi,136753
ro,puchenii mari,8869
in,baloda bazar,25238
ie,sligo,20228
ht,ouanaminthe,10152
at,gleisdorf,5245
us,susanville,17641
sd,barbar,22395
ph,tinaan,5959
hu,celldomolk,11421
bg,provadija,14253
us,cincinnati,306382
us,cedartown,9726
pk,gojra,139767
mx,guaymas,103454
lk,talawakele,3546
in,nandurbar,100711
gt,tecpan guatemala,21526
at,vocklamarkt,4869
ru,karagay,6586
pt,mozelos,7229
mt,gharghur,2025
br,araraquara,185191
td,moundou,135167
ru,zyuzelskiy,1311
ru,tyumentsevo,5759
in,channapatna,66652
bg,boljarovo,1474
ws,saleilua,604
ro,comisani,5401
nc,pouembout,1592
in,tekkali,24682
al,lezhe,18695
br,itapira,61608
de,backnang,36477
cn,lishu,61584
ve,cabudare,131013
us,putnam,9111
rs,karavukovo,4894
mx,tepalcingo,11846
mx,ejido hermosillo,6399
gr,gazoros,1677
ch,sion,28246
ph,impalutao,2431
lu,beiler,87
gt,san diego,546
cr,turrialba,28960
cr,heredia,21968
et,kembolcha,93709
br,fartura,12405
us,waterville,15906
us,waldoboro,7462
us,great bend,14654
ru,ladovskaya balka,5117
nl,deventer,87726
mk,sveti nikole,18475
br,caucaia,275023
et,sire,10089
ws,siuniu,104
ru,kameshkovo,13935
is,akureyri,16563
co,motavita,392
br,casa branca,22498
us,lincolnia,17430
us,kenner,69721
no,innvik,363
gr,aspros,891
pa,san francisco,1898
it,lana,10341
in,hangal,26607
hn,el chimbo,1145
gr,neon rision,3012
de,edemissen,12838
es,algete,17554
ro,sasciori,5822
mm,maymyo,117318
it,castelfranco emilia,27398
in,mamit,6104
fr,montigny-les-cormeilles,17587
de,bebra,14798
br,manicore,14058
br,cuite,11392
th,bang sao thong,31153
in,malegaon,435397
ua,nemyriv,11633
ua,mezhova,7817
ua,keramik,469
sa,buraydah,341981
ru,ivanishchi,2149
pk,kalabagh,15975
ph,kulasi,7148
mg,faratsiho,37563
it,cairo montenotte,13547
hn,punta de piedra,1188
be,begijnendijk,9178
cz,kravare,6667
co,vijes,4071
us,lajas,5255
ru,vichuga,39072
ph,ponso,4574
no,furuflaten,227
br,porto uniao,28907
be,kalmthout,17485
us,ridgefield park,12704
ru,severo-zadonsk,16570
re,saint-leu,28280
mx,paso de ovejas,6951
am,haghartsin,3370
ws,sapapalii,877
gb,llandrindod wells,5350
de,schenefeld,17887
us,terryville,10656
ru,rovnoye,5228
ru,medvedevo,16407
mx,escalerillas,4124
cn,changji,198776
de,grafenau,9180
ro,tufesti,5784
ph,dalipey,2125
no,skoppum,1567
in,doraha,23553
co,campoalegre,22569
ve,puerto cabello,163886
us,cahokia,15761
in,paonta sahib,21788
in,naroda,5366
in,jejuri,14064
in,ausa,34164
no,bleik,481
in,kannad,42059
ec,milagro,110093
us,mansfield,36767.7
us,soledad,28140
so,jilib,43694
ru,vyksa,61665
ru,putyatino,3044
mm,pyay,135325
kn,gingerland,493
br,florestopolis,13250
ca,powell river,12779
sd,galgani,9472
ru,batetskiy,2223
jp,otawara,58889
cz,frycovice,2114
bg,slavjanovo,5160
de,zella-mehlis,12664
cy,pano polemidia,3781
us,clute,10800
mx,maravatio,17184
ir,borazjan,86067
hu,petnehaza,1993
hn,la paz,17557
gr,mesopotamia,1812
fr,le raincy,12770
at,reutte,5851
bd,pabna,137904
am,norashen,2217.5
pl,ilawa,32557
ph,butuan,250200
lu,burmerange,191
id,metro,149552
gb,larkhall,15410
br,aracuai,22005
us,san sebastian,11591
ru,partsa,3056
mx,praxedis guerrero,3787
mt,safi,1863
gb,abernethy,1010
de,lahstedt,10882
cn,xiongyue,89887
be,bree,14363
co,iza,748
de,ueckermunde,10951
in,kachhwa,15383
id,pandegelang,92361
dk,hammel,6138
de,hamburg,1733846
es,badajoz,133042
tz,msanga,5527
ru,savasleyka,3261
fr,castelnau-le-lez,16890
de,sendenhorst,13469
cz,lisov,3897
us,stow,35349
ru,verkhnyaya sinyachikha,10964
ph,batangas,238907
pe,putina,8155
mx,tilzapotla,5256
in,zahirabad,46509
ca,tuktoyaktuk,978
bw,maun,49948
cf,batangafo,19810
mx,sabancuy,6290
ml,bamako,1297390
br,inhapim,13594
us,sheffield,9041
ua,yerky,4159
mx,tepeojuma,5131
lu,lieler,179
ir,pakdasht,57416
gr,epanomi,8121
es,coria del rio,24671
cn,luancheng,597130
es,bunol,9704
ru,bolshaya vishera,1811
ph,tambilil,4740
ph,cabungahan,2307
ly,masallatah,23702
it,casamassima,17519
in,nambiyur,16126
am,mrgavet,2131
de,reichenbach,22569
in,kapra,198349
hu,pannonhalma,4089
co,san zenon,4340
ua,tsarychanka,7638
ua,savyntsi,5326
tz,lembeni,16008
ru,ocher,15396
fr,bouguenais,16135
ca,cowansville,10888
tr,ortakoy,17498
it,narni,20567
au,ingham,6127
cz,bohunovice,2354
gt,cabrican,11663
fr,carrieres-sur-seine,12635
dk,ullerslev,2962
ru,boguchany,11209
ne,filingue,11678
in,pilkhuwa,74219
es,alcorcon,169343
ro,banca,5600
ph,lapi,2849
in,sompeta,17984
be,heist-op-den-berg,37873
cz,bohumin,23310
se,ostersund,42940
mx,tepatlaxco,15084
in,robertsganj,37858
fr,marck,9012
ru,solotcha,2481
ru,chekmagush,11225
es,burgos,168319
cn,jinan,2069266
tz,mwandiga,16822
se,vastervik,19860
no,sigerfjord,771
it,trani,53902
us,barranquitas,3021
ru,beloomut,6971
jp,yoshii,25656
hu,jak,2310
gb,douglas,1685
bd,narsingdi,281110
de,detmold,74853
ph,joroan,2596
gn,kouroussa,14222
br,belem de sao francisco,11124
ee,alatskivi,430
de,eberswalde,41384
it,legnano,57996
cz,luzice,2731
de,friedrichsdorf,24897
ph,curry,2358
pe,zarumilla,16983
in,netarhat,4424
in,gopalganj,63731
il,bet yizhaq,1674
gt,santa ana huista,1963
co,matanza,1669
de,hagen,106923
ro,tibucani,4403
gr,melissia,22385
tz,namanyere,28218
tj,vakhsh,15215
ru,uglegorskiy,2485
ru,gay,41620
pt,cercal,3772
ph,cortes,2708
cd,bukama,38801
vc,georgetown,1708
ua,dovhe,6541
th,tha mai,22445
ru,kyra,4452
pl,sopot,40142
in,asind,15390
de,lubben,14985
cn,yushan,140039
mx,paredon,6337
al,gramsh,11556
ca,merritt,7179
cn,hengshan,164844
us,cary,62130
us,la riviera,10104
ru,pryamitsyno,5120
ph,don marcelino,7983
gb,crieff,6685
br,palmares,41680
us,waterford,75737
ru,krasnyy,4590
ph,batuan,3284
in,jutogh,2470
tr,yerkoy,35312
th,samut sakhon,63498
ph,tiep,2178
ph,almaguer,3368
pa,jaque,1357
ca,sorel,33591
de,lotte,13564
es,tafalla,10881
ru,mechetinskaya,6517
re,saint-pierre,76657
bi,kirundo,6084
ao,cazaje,4764
ru,bolshiye chapurniki,3212
it,lissone,37137
ws,salimu,250
ve,tinaquillo,82157
us,denison,23680
us,pacifica,36472
tj,ayni,2128
mx,acambay,5807
in,naraura,22434
fr,woippy,13508
cn,yanan,107960
us,maunabo,2154
sd,malakal,160893
ro,potcoava,6022
in,yelandur,8902
et,yabelo,17822
ru,yelets,115690
qa,khor,18923
ph,zamboanga,460879
in,basi,21096
hu,tiszaeszlar,2857
hu,baja,37714
gb,wick,7147
et,agaro,28273
se,nynashamn,13616
no,nedstrand,233
in,alapur,22622
hu,hosszupalyi,5478
gb,walkden,35938
gb,nuneaton,73555
ca,courtenay,32793
tw,peikang,43945
nl,veere,21939
it,fossombrone,9621
dk,praesto,3695
co,buenos aires,2144
pl,ledziny,15928
ph,tibiao,3723
pa,salamanca,981
lu,bigonville,475
ca,wingham,3047
bd,pirojpur,54424
it,fabriano,31087
in,barela,11649
gr,ithaki,1842
rs,lacarak,11170
de,gersthofen,20322
us,rosedale,19736
tr,sirnak,72439
it,lentate sul seveso,15205
id,rangkasbitung,126904
ee,mustvee,1662
ba,gorazde,17649
ru,angarsk,243161
no,kvalvag,258
gb,laurencekirk,1916
us,foster,4598
ru,novobiryusinskiy,4855
gr,arethousa,905
al,leskovik,2655
us,brenham,14609
ru,baksan,37520
ro,vela,2211
ws,faiaai,421
ru,przhevalskoye,2055
id,sumenep,84665
hu,pecel,13193
bf,dedougou,47235
at,asten,6517
do,sosua,9483
es,pinos puente,13884
cn,linshu,63285
us,connersville,14436
ru,khabarovsk,578307
pt,fatima,11798
in,etawah,257472
in,bareli,745509
hu,letavertes,7157
de,bremerhaven,119688
ru,alnashi,6205
rs,beli potok,3645
pt,vila vicosa,5484
in,meghraj,10498
ie,clane,5155
gb,edinburgh,435794
co,floridablanca,252271
zm,chongwe,6057
za,empangeni,28094
us,swanzey,7224
ro,lugasu de jos,3252
tr,usak,152943
ru,severouralsk,34317
ci,lakota,50651
za,mabopane,97417
us,pineville,13846
th,wapi pathum,10198
ru,mezhdurechenskiy,11121
ro,capalna,1975
us,garfield heights,29218
sv,atiquizaya,9477
rs,azanja,4603
pe,puno,116951
kn,basseterre,12920
jp,omura,89919
fr,luneville,20017
ua,turbiv,6740
ru,dvubratskiy,10272
no,yli,316
il,rekhasim,8521
fr,aulnay-sous-bois,79622
br,rio do sul,51945
cn,yashan,56629
sk,partizanske,24370
ir,sabzevar,226208
gb,kirkintilloch,19489
be,brecht,25908
pt,parede,17212
ph,siare,3531
am,vardenik,7709
cm,garoua boulai,46771
ro,harman,4321
ph,guibuangan,2209
in,bhubaneswar,762307
de,meitingen,11245
ba,odzak,11621
ph,badtasan,2174
co,pacora,8218
ru,trunovskoye,6459
ro,cenade,994
py,itacurubi de la cordillera,3576
ph,lunec,2317
mx,ocoyoacac,24647
at,ebensee,8376
co,caldas,33020.5
ec,puerto baquerizo moreno,4214
us,san diego,1287050
gr,mantamados,1120
be,saint-hubert,5538
ro,bacani,2748
ph,magapit,2624
br,itapaci,16118
ca,gravelbourg,1109
es,antequera,44464
py,general jose eduvigis diaz,1345
ph,calamagui,2671
in,uchana,15831
in,anantnag,79827
co,timbiqui,6267
co,jenesano,1200
us,stonington,251
pe,nunoa,4290
hu,janoshida,2709
fi,mantsala,18074
at,pasching,6143
br,jaboticabal,69396
tr,malkara,27441
ru,rezh,39217
gb,shrewsbury,69520
am,vardenis,11382
cn,haizhou,59098
ws,vaovai,577
pl,chelmno,20576
mx,ixtaczoquitlan,23522
in,gidam,6228
de,wendlingen,16199
us,solana beach,12909
ua,matviyivka,3716
nz,clyde,890
jp,kameoka,97182
co,mosquera,15238.5
ru,alabushevo,2733
cz,terezin,2916
ws,manase,158
ru,kaltan,25904
ph,sagacad,2073
ph,bugayong,2910
it,alfonsine,11963
in,ulhasnagar,516625
in,dalmau,11433
id,cikarang,106486
do,comendador,12072
bw,orapa,9190
bg,sozopol,3548
in,kodarma,19182
hu,kimle,2312
ca,markdale,1514
us,sharon,19740.5
ph,lunen,2416
at,purgstall,5247
sk,stupava,8063
ru,klyuchevskiy,1621
pt,macieira de cambra,4909
jp,saitama,1077730
ir,taft,19394
co,algeciras,10792
tj,karakendzha,2899
ru,kommunisticheskiy,2690
ph,lemon,2102
gb,nairn,8551
ca,wynyard,1793
us,north bergen,63484
ru,bammatyurt,3863
ro,izvoru berheciului,1697
ph,santa monica,4028
pe,lluta,6025
ng,ibadan,3565810
mx,villa guerrero,6579.5
lu,lannen,113
ch,bernex,9266
de,russelsheim,59911
us,glenvar heights,17087
ua,khorosheve,4432
ru,kholbon,2537
in,mariahu,22251
ht,cap-haitien,134823
gb,buckie,7860
fr,auchel,11227
ca,riviere-au-renard,2565
ch,boudry,5038
us,alabaster,26738
ru,tayturka,5100
ru,galich,18595
ro,ceamurlia de jos,2596
ke,naro moru,9018
gb,bathgate,15337
fr,pierrelatte,12201
de,werneck,10764
bs,colonel hill,240
ru,georgiyevskaya,5610
ly,tripoli,1150990
es,pamplona,191549
cz,decin,52521
ar,gualeguaychu,88218
bg,senovo,1481
ca,crabtree,2248
ph,tinawagan,2632
mx,teocuitatlan de corona,4304
kh,kampong thum,19955
fr,saint-quentin,58399
uy,progreso,17715
us,college station,78533
ru,krasnyy kurgan,3243
ru,khakurinokhabl,3830
ro,tulcea,92475
no,spydeberg,3161
nl,appingedam,12621
ke,thika,99335
br,sao miguel do guama,28266
co,puerto lleras,5076
ws,lalomalava,399
us,burleson,28534
ph,la dicha,2725
in,pithoragarh,47576
in,pathardih,45281
za,siyabuswa,26239
za,allanridge,31718
tz,malya,12627
ru,pankrushikha,5160
pl,klobuck,13190
it,abano terme,19112
gn,lola,1982
br,brotas,18690
jp,kumagaya,155816
in,talen,9819
hu,szabadkigyos,2959
gt,el progreso,7199
co,la salina,360
in,kesabpur,10921
de,planegg,10669
ee,amari,579
us,albion,9154
mx,chontalpa,6145
gb,newton aycliffe,26269
br,taipu,4606
br,esperanca,18817
th,phon thong,13317
ru,naryshkino,9600
ph,caloc-an,3390
in,vijapur,24299
gb,prescot,40889
ru,psedakh,6964
ro,ocna sibiului,4021
ro,buciumi,2776
pk,fatehpur,18125
gr,kalamata,51108
gb,muirkirk,1539
gb,anstruther,3527
cz,jilove u prahy,3427
sy,jablah,52309
ru,svirstroy,1039
ru,novospasskoye,10941
gb,irvine,32749
fr,athis-mons,30025
de,leuna,7100
ro,crampoaia,3769
nl,wateringen,17050
mm,taungdwingyi,70103
lu,hovelange,285
in,barauli,37306
gt,pueblo nuevo,3051
de,wetzlar,52869
at,bruck an der mur,13254
si,medvode,4954
ru,yantikovo,3331
pk,eminabad,22677
in,virpur,8866
in,tajpur,17529
in,selu,42882
bt,chhukha,1203
br,peruibe,63032
us,tinley park,57244
ph,masiga,2668
my,kuala pilah,19511
jp,okinawa,125485
be,ath,26681
ro,zapodeni,4207
pk,rasulnagar,14392
jp,miyoshi,39257
in,pandua,28208
in,muttupet,21568
cr,palmar,4657
br,pirajui,17503
sk,modra,8536
hn,concepcion del norte,946
cn,guye,41484
co,puerto rico,8667.5
ru,kopanskaya,4008
it,fasano,38871
cn,lengshuitan,88935
ca,westlock,5067
bg,letnica,3980
ne,dosso,49755
mx,tenango de rio blanco,39545
hr,virovitica,15665
ge,lagodekhi,6551
et,bahir dar,168929
co,contratacion,3505
cn,pingdu,91077
ro,tifesti,5202
ro,sarichioi,7483
pk,bhakkar,81974
ni,leon,150327
br,alhandra,10788
de,eschweiler,55888
co,mistrato,6263
ph,malainen luma,2813
ph,estefania,2165
ph,dicamay,2370
mx,moctezuma,4014
fr,sollies-pont,11933
cn,zhangye,96228
us,cottonwood heights,28021
fo,skali,621
by,ivanava,13614
tw,wuchi,53919
ro,hanesti,2339
pt,caranguejeira,5247
pl,gdansk,461865
ph,cataingan,7809
no,stokke,2625
mx,la venta del astillero,4491
in,arsikere,44272
gr,politika,1499
gr,kali vrisi,1163
fr,thonon-les-bains,29698
fr,saint-doulchard,9058
it,volpiano,13842
in,mungeli,27701
in,mairwa,20165
in,bazpur,23902
be,lessines,17687
za,umzimvubu,5939
ru,pestravka,6623
pl,brzeg dolny,12707
mx,agua prieta,68449
mw,mwanza,11384
es,badalona,222413
at,rum,8498
tj,nefteabad,4603
ru,kalnibolotskaya,6578
pt,jovim,7067
mx,san ignacio,4293
us,peterborough,6021
us,braintree,33509
ru,aliskerovo,7
in,rahatgarh,27465
ie,tullamore,11575
br,aracati,44294
gr,koropion,17151
us,walnut,31720
tz,somanda,33932
pt,alcains,5029
ph,baliuag,70114
us,monmouth,9443
ru,mariinsk,43122
pl,turek,29533
pk,havelian,40497
mx,dzidzantun,8301
in,shoranur,42698
in,mahalingpur,32702
in,beawar,130786
ro,iancu jianu,4375
mx,ciudad del maiz,8456
at,laakirchen,9569
ci,soubre,123214
sv,nueva concepcion,9990
ru,lyamino,5000
in,viramgam,53670
hn,santa cruz de yojoa,10230
ua,myronivka,12871
ru,aleksin,66886
ph,cabadiangan,3186.67
nl,nieuwegein,62806
mx,mineral del monte,10790
bi,bujumbura,330539
us,bayonne,59878
ro,cazanesti,3165
py,ita,18461
mx,comachuen,4412
gf,mana,5887
ro,toplita,8266.5
ro,cefa,6206
it,sala consilina,12903
hu,szurdokpuspoki,1947
gb,campbeltown,4939
de,herbrechtingen,13244
si,lovrenc na pohorju,2003
ie,wicklow,10461
ie,claremorris,2168
gt,guatemala city,973208
gb,chippenham,36890
az,corat,8624
uy,paysandu,78902
in,homnabad,41489
ie,moate,1504
et,addis zemen,22526
us,taylor,39819.5
ru,mochalishche,2225
ru,karpinsk,30071
ro,zvoristea,6275
de,puchheim,19278
at,mittersill,5680
ua,kivertsi,16509
ru,kondol,3612
ph,buanza,3196
jp,suzu,18205
jp,kasukabe,206919
co,pijino,5390
au,karratha,11694
br,novo aripuana,11044
ua,bilyayivka,13762
tz,maramba,26531
tz,kisarawe,12507
ru,novyy sulak,5454
ru,chernyshevskiy,5137
no,ersfjordbotn,301
hn,la curva,981
br,garca,41303
gt,patulul,13905
br,itanhandu,11274
de,wachtersbach,12497
ca,val-david,1211
vu,isangel,1437
in,kochinda,14083
ee,moisakula,1090
pt,cartaxo,10502
ph,manatal,2290
in,kotturu,24006
ar,concepcion del uruguay,72904
bw,mathathane,1987
zm,kabwe,189006
jo,tibnah,5703
in,galiakot,6907
gr,litokhoron,6709
fi,mikkeli,46550
wf,alele,901
us,simpsonville,14988
us,the crossings,26047
sk,galanta,16365
ru,kuzmolovskiy,9676
py,carayao,2473
ph,capoocan,8474
ph,buhatan,2556
hr,rab,557
fr,le chambon-feugerolles,13080
ba,podhum,5801
tz,bugene,10609
ro,gugesti,6478
in,tal,14245
in,kundla,76814
in,bijni,12991
gr,pelasyia,1586
cn,wenzhou,865672
us,waycross,15067
th,pho chai,13671
jp,miyako,51721
in,gandevi,16241
br,parambu,14656
us,fort madison,10733
sz,mbabane,76223
ph,kilim,3262
in,singtam,6133
ie,dublin,1024027
hn,la concepcion,1985
ru,chapaevsk,70148
ro,solovastru,2800
ph,san anton,4911
mx,tolcayuca,5964
mu,roche terre,3199
in,narayanavanam,11432
ph,port barton,4832
ph,labasan,4217
ph,cuenca,21558
mx,antunez,8591
il,qiryat motzkin,40694
hu,toltestava,1902
hu,baks,2292
gb,perth,43634
br,pradopolis,13193
us,juncos,8905
us,wahiawa,15906
pt,mira,7682
pl,plonsk,22217
ir,fereydunshahr,11562
am,vanadzor,101099
py,curuguaty,11096
ph,sanlibo,2609
ni,boaco,22481
in,ramgarh,39541
fr,goussainville,29494
ca,saint-andre-avellin,1868
us,berea,14839.3
pa,bejuco,3420
it,calolziocorte,14168
gb,wickford,32975
br,varzea da palma,28706
us,morton,15483
ru,novopavlovka,4102
ru,nizhnevartovsk,244940
ru,apastovo,4575
ro,barsana,6266
ph,piddig,3508
mx,juanacatlan,8542
ir,eslamshahr,318855
in,loni,164927
de,buxtehude,38236
bi,ngozi,21506
tw,shalu,72263
pl,slawno,13415
br,xanxere,32958
ru,arkhangelskoye,4285.25
ph,kalawit,8499
ph,banalo,2310
in,bangaon,111704
gb,crossgates,2200
ba,jezerski,4361
ru,beshpagir,4183
in,sayla,15376
in,nohar,46363
uz,buka,19642
ro,murgesti,1140
mx,suchilquitongo,6314
gr,moskhokhorion,763
br,sao sebastiao do cai,19013
co,uribia,7519
cl,curico,102439
cn,changli,64476
tr,akcaabat,45129
mt,san pawl il-bahar,7396
de,furth,112959
us,lomita,20751
rs,mataruska banja,2887
ng,modakeke,119537
us,murfreesboro,84700
us,olney,36957
ru,sebezh,6688
in,chirala,87011
id,wonosobo,93000
hn,potrerillos,1112
br,brejo santo,27384
ee,olgina,504
am,aknalich,2654
ru,osa,13873
ph,lagonoy,7324
ph,kaytitinga,4610
bb,hillaby,519
us,biloxi,47661
ru,novoderevyankovskaya,6712
ro,marsa,2745
pl,brzeziny,12319
it,taranto,191364
gb,auchtermuchty,2023
fr,ussel,10420
us,cooper city,29172
ru,gramoteino,14010
ph,magallanes,3815
ph,bay-ang,2477
jp,isshiki,23966
in,jahazpur,20351
gb,dumfries,30656
cu,venezuela,16601
cn,duyun,91136
br,prata,19896
es,castrillon,22176
de,bobingen,16595
us,west paterson,11380
us,robbinsdale,13314
ph,arteche,5025
mx,acateno,3295
hu,janoshalma,9755
ca,eganville,1299
se,stockholm,1253309
ph,libertad,3533.5
hu,tura,8294
hn,gualjoco,1432
gb,kettering,53329
br,santa helena,16045
us,saint james,13436
mx,salina cruz,73651
ru,irbit,41647
ca,paris,10437
cd,kipushi,62382
ro,ganesti,3775
pe,las lomas,9493
na,ondangwa,9125
mx,teotitlan,6570
jp,iyo,30760
br,petrolandia,20575
mx,nazas,3346
jp,asahikawa,356615
it,ceglie messapica,20695
br,campinas,1031573
za,malmesbury,34993
us,east los angeles,125157
ph,mauswagon,3126
km,fomboni,14965
in,kandla,25845
bd,ramganj,55247
cz,ostrava,317136
ru,sayansk,45476
ro,musenita,2232
us,berwyn,51376
tr,nigde,91086
in,dehra dun,522135
fo,trollanes,26
us,monticello,9912.5
ru,khimki,142620
ph,dinalaoan,3492
ph,buguey,3111
ng,nkpor,103741
mx,nahuatzen,8164
mx,atotonilco el grande,6871
jp,mikuni,23480
br,pedras de fogo,13894
co,marmato,1456
bo,puerto suarez,12254
ph,sibucao,2829
ni,ticuantepe,10226
mv,viligili,2305
de,ansbach,40822
gb,winsford,30812
cn,zhaozhou,62373
pt,caldelas,5724
mx,jerez,37835
cn,sanchazi,66576
ru,maykopskoye,4171
ru,dolgoprudnyy,68260
hn,las conchas,1084
gt,el adelanto,1923
ar,punta alta,53117
us,grove city,30035
ru,slyudyanka,18810
pe,tarma,51581
no,sandnes,383
br,sao bernardo,11171
ru,svetlogorsk,1398
ro,poenari,2374.5
pe,barranca,28441.5
in,amet,17435
hu,martfu,7247
gr,orestias,16221
cf,dekoa,17390
ca,grenfell,997
de,haldensleben,20131
us,orange park,9265
no,otnes,311
ne,matameye,16846
lu,beckerich,672
co,zetaquira,1047
br,cabedelo,54841
ca,spruce grove,17767
us,socastee,16431
us,lawndale,32841
ru,vesyegonsk,8467
pg,goroka,18502
gt,zunilito,2688
se,norrkoping,82903
br,alcantara,5655
si,ilirska bistrica,4846
se,uppsala,127734
ru,vokhtoga,7107
ph,natappian,11867
kz,stepnogorsk,46741
id,tayu,26414
hu,taksony,6129
hu,lenti,8399
fi,valkeala,11059
gr,edessa,18669
ca,quesnel,13788
ru,ovsyanka,3655
it,angri,29745
gr,souda,6729
cz,luhacovice,5596
zm,mufumbwe,6155
ro,lipova,6978.5
ph,liloy,4784
gb,aberfoyle,577
fr,livry-gargan,38935
ch,sargans,4991
us,huntersville,40342
us,marina,16957
tz,igurusi,24895
pt,baltar,4929
pl,braniewo,18356
ph,sionogan,2730
hn,rio chiquito,1405
ru,zaraysk,24638
lu,rolling,117
it,fermo,36060
ru,krasnoyarsk-45,71357
pw,airai,960
ph,batal,7274
de,henstedt-ulzburg,26062
cm,nkoteng,50622
cz,velky tynec,2114
rw,kigali,745526
ru,yarega,8092
no,muruvik,341
id,kabanjahe,57160
fr,bouc-bel-air,12946
br,porteirinha,14144
ru,timiryazevskoye,6229
ph,batan,4495
mx,san juan de los lagos,45673
it,montecorvino rovella,12208
hr,koprivnica,25579
ph,maan,3450
nl,kampen,49303
be,lochristi,19696
br,varzelandia,6398
us,forest grove,19427
ru,nadterechnoye,7877
mx,huejuquilla el alto,4640
fr,jeumont,10687
br,elesbao veloso,10430
cr,santa cruz,12283
af,dawlatabad,15638.5
ca,glace bay,21504
ru,starotimoshkino,4061
lu,rambrouch,401
ph,baguer,3228
it,mesagne,26981
dk,tinglev,2829
ch,ebnat-kappel,4740
es,almunecar,22157
ph,batas,2591
ml,segou,92562
gb,kinglassie,1274
fo,lambi,148
at,purkersdorf,8327
ua,serpneve,1768
py,nacunday,912
ph,mangga,2247
it,ponte san nicolo,13148
cn,huoqiu,61904
br,serrinha,49079
br,conselheiro pena,12735
es,paiporta,20134
us,carver,11718
us,milpitas,62636
tj,matcha,14897
ro,poplaca,1742
ph,palangue,9567
ph,balayong,2469
in,papparapatti,11617
am,archis,1235
hu,martonvasar,5166
ch,wallisellen,12820
es,el vendrell,26947
us,grapevine,49666
us,palm beach gardens,48140
br,barcarena,29872
us,nicholasville,24004
ro,cicarlau,3951
ro,bilca,3460
md,rabnita,60951
in,bagula,20999
gt,guazacapan,6935
gr,sikea,1683.5
br,santa cruz do rio pardo,37336
de,bad lauterberg,11813
mu,nouvelle france,7238
mt,mellieha,5976
hn,limon,2434
cu,media luna,16713
ba,sumatac,4987
uy,las piedras,72965
tj,orzu,5988
th,sam chuk,13438
ru,khorol,11245
nl,almelo,76332
lb,jubb jannin,7088
it,portogruaro,23843
gr,miloi,833
fr,moulins,21425
br,claudio,21825
us,hudson,19706.8
br,caruaru,235375
ru,mamontovka,8817
ph,guiset,21995
co,copacabana,49170
co,san bernardo,5306.5
ro,lipovu,3152
ph,angatel,2359
hu,recsk,2992
br,euclides da cunha,29739
es,barbate,22524
us,north tonawanda,31825
mt,munxar,840
br,serra branca,8765
au,nhulunbuy,3202
rs,pancevo,77201
ph,omaganhan,2032
ph,biking,2907
no,larvik,23222
mx,puga,6361
fr,bailleul,14450
za,nkowakowa,30157
ws,pata,549
ro,roata de jos,8350
ro,bulzesti,1172
ph,biwang,2334
lu,belvaux,5313
jp,kanie,36592
gr,ambeloi,1118
br,icara,51455
ph,quiling,3570
ph,indulang,3387
in,shimla,173517
in,ambajogai,74120
gb,alness,4921
ca,aklavik,648
ro,oteleni,3841
ph,alua,4943
mx,pantelho,6124
cy,dromolaxia,5241
br,belo oriente,18471
ua,verkhniy rohachyk,6557
in,piro,28970
gr,naxos,7574
de,linnich,13983
us,north andrews gardens,10056
ph,pagudpud,4945
mx,hocaba,3866
gr,milos,844
bg,trjavna,10180
ro,pufesti,4179
ro,ghizela,1290
mx,el higo,8175
hn,el guapinol,1817
gr,ambelon,5961
us,enumclaw,10857
ru,selyatino,12954
ru,inta,38403
ly,yafran,67638
jp,togane,66334
jp,omuta,131975
fr,amberieu-en-bugey,12289
cn,hongan,64831
us,south el monte,22049
ru,kubinka,25942
pl,lidzbark warminski,16540
ng,opobo,125398
mx,izamal,14954
mu,mahebourg,17042
it,trieste,204379
br,nova olimpia,19283
us,laconia,17533
tz,malangali,7112
sk,spisska nova ves,39195
ru,yubileynyy,1656
ru,maromitsa,1832
mx,santa gertrudis,5185
in,uttukkuli,7514
co,toribio,3912
us,north versailles,10571
tg,sotouboua,19742
pt,lustosa,4686
pk,swabi,97402
br,suzano,283319
ch,steffisburg,15396
ru,altayskoye,13852
pt,leiria,45111
in,kankavli,15735
ru,priupskiy,3324
ro,pojorata,3107
pk,sehwan,41152
ca,shellbrook,1192
ru,imeni zhelyabova,1261
cn,lengshuijiang,115399
es,algeciras,104766
ug,ntungamo,16922
ru,berezniki,167750
mx,salto de agua,4864
cu,cabanas,5894
nl,scheemda,14363
in,nellikkuppam,44427
cz,vizovice,4481
al,kerrabe,1177
ar,formosa,248756
es,torrelavega,56856
bz,dangriga,10750
cz,kromeriz,29211
ru,yershichi,3239
gt,san jose pinula,46188
de,eningen,10715
be,mesen,975
us,eden,15440
us,council bluffs,58764
ge,bolnisi,9030
es,penarroya-pueblonuevo,12566
cn,nangong,82386
us,south holland,21937
ph,castanas,9040
lu,roodt,159
it,fossano,25133
in,kanakapura,50757
gr,vrakhnaiika,2780
bd,lakshmipur,61710
us,raynham,13153
us,glenn dale,14491
ro,piatra,3731
ph,balocawehay,3528
ni,rivas,26046
ee,tudulinna,295
dk,niva,8035
de,leutkirch,22645
ua,uhryniv,3090
jp,tamamura,42567
gb,ellesmere port,67768
cn,yibin,242111
cm,tchollire,23267
sv,tenancingo,1011
ru,kokuy,7767
mm,myingyan,141731
ru,tsementnozavodskiy,2135
pl,zory,63174
kz,almaty,1204820
ht,delmas,377194
dk,aakirkeby,2195
ch,neuenhof,7358
ru,korkino,40047
ru,kolpashevo,27876
ro,halchiu,6051
lk,nawalapitiya,13751
gl,narsaq kujalleq,110
bg,kazanlak,50336
co,zipacon,1480
bo,limoncito,3622
us,carlisle,18204
ru,morozovsk,29290
pe,salaverry,10112
fr,rouvroy,9072
cz,tabor,36546
ca,caledon east,2085
tr,bucak,29248
py,puerto pinasco,892
us,warrington,14946
lu,schrassig,1051
cd,kindu,135690
am,arevabuyr,1041
cn,changqing,82598
tr,midyat,76307
ru,meleuz,65363
no,dokka,2868
no,agotnes,1431
br,salinopolis,40999
cz,stepankovice,3030
tz,katumba,108558
my,ayer keroh,37717
mx,tianguistenco,20104
in,shujalpur,47063
gm,barra,5323
br,moreno,45238
de,molln,18396
cn,tongzhou,163326
us,martha lake,13686
ua,dzyhivka,3973
ua,cherniyiv,3801
ro,cornea,2098
ba,gostovici,5802
cz,dobra,2920
ru,volot,2276
mx,san luis rio colorado,139261
ir,do rud,114404
be,comblain-au-pont,5308
us,trotwood,27197
ru,polysayevo,28028
no,tananger,5823
gr,ekali,5666
co,valle de san juan,1486
br,itirapina,13229
us,colleyville,22325
ru,urzhum,11333
ro,baldovinesti,3380
pe,ilave,16105
id,sumber,93466
at,nuziders,4628
bg,dalgopol,4911
us,villalba,4555
us,derry,34539
ru,vodnyy,6307
ru,synya,1011
ru,nesterovskaya,19186
it,sortino,9617
it,rutigliano,18115
in,rajgurunagar,18846
hu,szekesfehervar,103772
rs,kucevo,4552
ro,rabagani,2269
ro,coroisanmartin,1464
jp,hotaka,33195
hn,yaruchel,1105
br,currais novos,35561
ru,nizhniye sergi,12077
ro,varfurile,3247
jp,neyagawa,245112
cz,kunstat,2532
ca,olds,6947
mx,tepeji,33198
in,palakkodu,19632
us,narragansett,17236
us,elk grove,94497
ru,okha,26560
ro,naeni,2008
in,amudalavalasa,39129
ru,plavsk,16763
ru,klin,80779
ro,ciucurova,2328
be,la bruyere,8194
us,owensboro,54478
tg,kpagouda,7116
ru,zvenigorod,11628
nl,monster,20629
it,messina,237956
in,pawayan,25710
tr,kutahya,185104
pt,guarda,28502
hu,maklar,2340
de,gerlingen,18977
de,heddesheim,11673
ca,indian head,1642
fr,herouville-saint-clair,23792
uz,almazar,24781
ug,namasuba,22507
ro,popesti,4949.25
ir,marv dasht,129483
gt,rio hondo,5874
gl,maarmorilik,50
co,sabana de torres,11292
us,loganville,9423
ro,mizil,15532
ph,makati,510383
pe,la peca,27167
in,malavalli,38132
us,makaha,7794
ru,pychas,3183
ru,dzhebariki-khaya,2056
it,viadana,18158
ca,riviere-du-loup,15219
ve,la guaira,25264
ru,kurgan,343132
ph,monamon,5371
ir,salmas,81614
gr,pedinon,1133
sl,koidu,111090
ru,novyy rogachik,7575
ro,danesti,3584.67
ph,malibago,3087
jp,tonosho,16514
co,ocana,83513
ro,bughea de jos,2988
mx,culiacancito,4201
hu,szigetujfalu,2158
fr,la celle-saint-cloud,21069
de,marktheidenfeld,11023
uz,gazli,11446
us,gladeview,14058
ua,yaremche,7558
se,varberg,25816
mx,apaseo el alto,25577
fr,guyancourt,31107
us,greenfield,21405
ru,kaa-khem,10375
ph,makato,3035
bs,sweeting cay,483
us,elk plain,17279
ro,lazarea,3555
lu,mersch,3464
cz,sezimovo usti,7455
zw,chegutu,45538
py,natalio,2253
cl,freire,7813
at,radstadt,4926
de,frankfurt,356216
ee,keila-joa,378
py,bella vista,3994
ph,bacuyangan,7506
hn,el tular,1927
pg,wabag,3959
ng,zaria,975228
in,purna,34891
br,minador do negrao,1986
ws,poutasi,378
ru,urman,2509
pt,antas,5569
mx,el ocotito,5983
mu,verdun,2208
hu,villany,2738
gb,carradale,497
co,san miguel de sema,647
za,calvinia,8146
tg,notse,24383
si,murska sobota,12412
ru,kanevskaya,45334
mx,santa cruz del valle,14637
gb,bath,93238
tz,old shinyanga,23746
ru,kurchatov,47319
ru,krasnozerskoye,10339
ro,pastraveni,3798
pk,mangla,16263
gb,newtonmore,988
ee,viimsi,1740
ph,mahinog,2780
ng,ikom,79110
ao,catumbela,16980
ca,esterhazy,2194
ba,hotonj,4013
br,registro,45698
ph,samon,2112
ph,bansud,13758
ca,hanna,3140
ba,stijena,10844
id,ciputat,207848
bg,beloslav,7817
za,marquard,10839
us,carmichael,50992
se,trelleborg,25494
ru,sapernoye,3280
ro,poroina mare,1384
ph,pindangan,4101
ng,daura,78283
gr,artesianon,1412
fr,chambery,57591
ee,puka,748
ro,cosbuc,2972
in,tirur,54939
in,rajur,11935
ua,banyliv,3748
ru,mtsensk,47610
us,marion,24992
ru,veselovka,294
ro,chinteni,2746
ie,donabate,3936
et,debre sina,9409
de,kamenz,18122
sl,koindu,11096
br,sarzedo,20800
jp,takarazuka,219790
it,melendugno,9554
id,jeluko,37522
gr,souroti,1048
au,bongaree,13649
gr,galia,852
co,cerrito,2435
us,philadelphia,1453268
tz,kyaka,13809
si,polzela,2363
ro,sohatu,3511
ph,san julian,3069
ph,besao,2241
in,bikramganj,42631
br,arenapolis,9060
br,raposos,13263
br,ouro preto do oeste,26686
tz,soni,12402
mx,parras,32255
mg,beroroha,18632
bw,tamasane,1070
ru,krasnorechenskiy,3833
ru,basyanovskiy,1744
pk,surab,13105
it,sestu,17618
in,gonda,133596
br,itapissuma,16674
us,west athens,9355
ru,orsha,2272
ru,bataysk,109964
ru,aksakovo,3179
ro,periam,6563
ro,lemnia,3416
gr,kassiopi,1165
zm,sinazongwe,11528
ua,khotyn,10799
th,nakhon thai,12345
es,jaca,11811
ca,white rock,66450
ph,pena,2537
in,visavadar,18383
ua,nadvirna,20154
ph,tumauini,3573
ph,pio,24345
hu,sarand,2322
cn,mujiayingzi,60627
at,reichenau,2673
af,mirabad,14160
ch,crissier,6915
ie,abbeyfeale,1734
pt,soure,8416
in,sonegaon,12614
il,tiberias,41029
gr,oxilithos,1062
bo,caracollo,4708
bf,koupela,19850
ru,biysk,215433
ro,jiana,4966
jp,kitahiroshima,62371
hu,rakocziujfalu,2012
hu,ebes,4468
fr,courbevoie,70896
ca,beaverton,3237
cn,yilan,71180
es,la rinconada,30051
nl,oldenzaal,31843
in,shantipur,149998
hu,harta,3716
ga,lekoni,3583
cz,postrelmov,3222
co,guayabal de siquima,1051
ua,novyy yarychiv,2841
ru,bolshaya murta,8304
ro,raducaneni,7706
in,idukki,11249
ru,zheshart,9534
mt,tarxien,7761
in,kaman,33527
gb,eastleigh,54225
kz,shu,39785
it,quinto di treviso,9726
in,jaipur,2711937
co,la sierra,2129
at,telfs,14028
tr,biga,30869
sl,jojoima,2715
ru,kovalevskoye,3139
ro,fartanesti,5325
in,umrala,11874
hn,el corpus,1196
be,sint-laureins,6657
co,ponedera,11222
co,tabio,4180
bs,alice town,950
ru,mozdok,43779
ru,chaadayevka,7072
ch,appenzell,5541
de,gunzenhausen,16666
yt,tsingoni,7603
ru,arman,1411
ro,certeze,5330
ph,capulaan,2949
nl,maassluis,32989
in,jagraon,65310
de,bremervorde,18983
ba,gradacac,15659
de,kirn,8879
ru,tyube,6466
py,asuncion,508797
hu,rudabanya,2941
ru,yaroslavskaya,5458
rs,umka,5336
ro,rosiori,2610
ro,nehoiu,11350
mx,nezahualcoyotl,1232565
it,san gregorio di catania,11616
id,soe,27718
cl,loncoche,15590
co,toluviejo,8260
us,groves,15119
sl,baoma,4836
ru,prikubanskiy,3168
ph,naghalin,2977
mu,the vale,3707
gt,taxisco,6384
gr,ayia marina,1969.25
tr,kurtalan,32131
ru,tsimlyansk,15341
ph,hagonoy,65599
nl,heerde,18163
in,kotagiri,28850
fi,nivala,10610
az,ucar,15741
us,glen avon,16249
pa,sortova,1678
gr,melivoia,1249
ro,gorban,2991
ro,bistret,4570
ph,labuan,12949
nz,gisborne,34274
ru,petrovskoye,5324
ru,miasskoye,9524
ru,borogontsy,5280
ph,dalupirip,2580
af,aybak,47877
ph,ilaya,3161.5
us,waterbury,54613
th,ban phaeo,41904
ru,takhtamukay,5120
ph,kinamayan,4300
dk,skanderborg,13543
cm,tiko,56104
ru,novoye devyatkino,8802
ru,kurovskoye,19173
ru,igrim,9545
lt,varniai,1227
hn,valle de angeles,2875
br,sao bento do una,24506
br,anage,3762
hu,jaszkiser,5741
br,pindorama,12248
mx,sacalum,3214
it,gravina in puglia,43640
hn,la florida,899
ca,rimouski,38420
cn,lishan,75882
ua,vysoke,553
ru,zelenoborsk,2252
ro,canesti,1090
in,digha,3667
gp,terre-de-bas,1315
co,restrepo,8528
be,sint-amands,7653
ch,langnau,7726
cn,nantong,666251
de,cham,17393
mx,tezontepec,5369
lu,kalborn,58
lu,heisdorf,1586
kz,ereymentau,14169
fr,avignon,85848
ca,sainte-julienne,3211
us,oakdale,23405.5
th,nakhon luang,15008
ru,zyryanovskiy,896
ru,svetlyy,12713.2
mx,sahuaripa,4038
mx,purificacion,4740
de,gaildorf,12683
us,riviera beach,23625.5
no,klokkarvik,658
na,oshikango,2658
jp,iwakuni,104006
jp,aki,20118
ir,qeshm,16691
af,azrow,12526
es,mijas,51023
md,camenca,12820
in,gudur,5647
in,deolali,52962
us,ledyard,15212
us,doraville,10065
th,phichit,35760
ru,novoukrainskiy,3572
mu,olivia,3980
gb,bridge of earn,2231
br,igarape-acu,24136
us,puyallup,36675
jp,marumori,16752
id,kasihan,86242
cn,yingshang,61771
us,kelso,11648
ua,synevyr,4623
ru,pronsk,4222
jp,oiso,32595
it,cefalu,14334
in,mahemdavad,32506
in,betamcherla,35421
za,vanderbijlpark,246821
us,maryland heights,25311
us,sherwood,18826
tz,bariadi,33865
ru,verkhnevilyuysk,6341
ro,berzunti,5285
mx,progreso,22967.7
jp,ako,52016
ru,volkhovskiy,2975
ru,surovikino,20678
in,rajakhera,30630
gr,kopanos,2202
gr,ayios andreas,1033
fo,vagur,1569
th,phanom sarakham,16057
ru,kalyazin,14655
co,regidor,3386
de,schwarzenbach,5074
ua,berezovo,2885
ro,ilovat,1547
jp,shobara,20527
fi,pietarsaari,19238
br,parnamirim,79137.5
ke,nandi hills,4257
ie,prosperous,1649
sl,port loko,20539
gp,le moule,22694
cz,vsetaty,2001
ve,guatire,192291
ru,ous,1639
ph,prosperidad,4470
gt,esquipulas palo gordo,1502
tr,kayseri,593164
ru,novoshakhtinsk,99480
mx,morelos,5650
de,obertshausen,24280
ph,cabaluay,3586
no,ibestad,464
gr,kritsa,1560
gr,iraklion,61679.3
gh,bawku,41808
co,ortega,6871
co,fresno,17669
ba,trzacka rastela,6617
ru,zubova polyana,10119
ru,volzhsk,58608
ro,forotic,1855
ph,cabay,2787
hu,repcelak,2644
fi,lapua,14091
in,patan,38370.8
id,amuntai,55596
dk,humlebaek,8965
be,rendeux,2320
ua,hrymayliv,2051
tn,nibbar,3393
ru,itum-kale,2922
ru,agalatovo,5028
mx,santa fe de la laguna,4359
ch,muttenz,16646
ru,pinyug,2915
ru,obsharovka,5668
ml,tenenkou,7471
kz,kirovskiy,11810
ie,mountmellick,3547
be,herentals,25912
wf,leava,480
vn,phan thiet,160665
us,texarkana,35315
in,agartala,203292
gr,kato skholarion,1904
cn,linqu,77472
za,thaba nchu,38616
ro,casin,3713
mm,mergui,173317
gb,brentwood,47606
az,saray,10173
ee,sinimae,352
us,opelousas,22835
ir,damghan,67698
ca,saint-prosper,3095
ar,mendoza,973047
be,mouscron,52069
ph,tajao,5394
jp,fujinomiya,121517
co,lerida,20069
br,sao felipe,9574
ca,stratford,30234
pk,khuzdar,141286
ph,laiya,7504
br,araras,107465
tr,elbistan,80496
ru,tayshet,37767
ph,amucao,2478
no,kautokeino,1349
it,borgaro torinese,14353
gr,plataiai,919
fr,igny,9484
br,muriae,91174
cn,yudong,81408
vn,ha tinh,26547
ru,krasnoyarsk-66,5142
do,villa altagracia,40029
tt,debe,3127
ro,sacu,1629
fr,lure,8736
fr,la garde,28016
br,muniz freire,8312
it,vetralla,13250
gt,guatemala,973208
ge,java,426
cu,moa,92885
co,cartago,134829
ph,cansilayan,3809
fr,angouleme,43509
co,palmar,360
cu,camaguey,347572
us,park ridge,37034
tz,ipinda,17775
ru,shebekino,45194
pa,ustupo,2514
it,policoro,15083
in,gursarai,25193
id,loa janan,212820
ng,ikire,222174
bg,kaolinovo,1489
sv,guaymango,1517
ru,salsk,61703
pe,huamachuco,21866
gr,neos oropos,1375
co,pueblo nuevo,9076
de,bovenden,13376
us,wyoming,70308
tr,iskenderun,160046
ru,azov,82134
ro,zavoaia,3482
ro,spinus,1245
pl,hajnowka,22157
ph,dipolog,94139
kz,turkistan,97368
jm,albert town,3449
dk,nyrad,2224
ru,desnogorsk,32454
ro,panciu,8810
ie,gort,2098
hr,vukovar,29584
hn,savannah bight,1031
cr,la suiza,2434
br,pentecoste,19681
au,somerville,7015
br,pirenopolis,13615
ph,tigaon,12509
gb,plean,1752
br,areal,11041
bg,gabrovo,61109
br,tiangua,45697
mx,huamantla,45905
mg,arivonimamo,21982
in,bhadravati,163917
ua,dzhuryn,3648
ru,veydelevka,7280
ro,nasturelu,2809
ro,bors,3346
mk,topolcani,2773
jp,amagasaki,442176
hu,band,641
gr,polikhni,39765
br,barauna,14113
dk,aabenraa,16344
co,puerto salgar,9864
cl,rengo,38101
ro,sotanga,6939
lu,schuttrange,841
gr,leonidion,3020
dk,padborg,4684
us,copperas cove,30546
tz,ruangwa,11095
se,vasterhaninge,14620
ru,losevo,4476
in,alandur,153789
ro,biled,6230
nu,namukulu,14
hu,kiskunmajsa,11955
hn,olanchito,25972
us,barceloneta,4494
us,chino,75494
ua,zvenyhorodka,19161
ru,ekazhevo,25549
ro,tigveni,3634
in,karambakkudi,12371
in,chitradurga,138599
za,tembisa,511671
jo,burma,5128
in,gudibanda,9256
gr,nea erithraia,16432
gb,quarter,959
us,hackensack,43716
ro,ciuchici,1222
ph,taysan,5296
ie,clara,2783
gr,silivainiotika,1595
ve,zaraza,41490
ru,mendeleyevo,5159.67
ro,santau,2580
ph,gigmoto,3259
pf,mataura,913
in,gulabpura,26469
ga,omboue,1667
bo,poopo,1720
ru,svobodnyy,31646.5
ph,santo rosario,6005
mx,coyutla,7939
id,bontang,101693
gr,ormos korthiou,903
ru,kargat,10881
pe,azangaro,13350
hn,coyoles,949
cz,rohatec,3358
br,aripuana,27043
cz,moravska nova ves,2518
us,newburyport,17575
ph,tungao,8910
ph,munoz,5198
ph,calansayan,3252
in,sanchi,7302
id,sidoarjo,139205
id,panarukan,30749
br,afonso bezerra,6947
dk,slangerup,6829
ca,napanee,8197
ro,banesti,5636
ph,kalamansig,12820
no,hjelset,1008
ne,keita,8961
il,sheikh dannun,2305
pl,zdzieszowice,13401
nl,epe,33242
gt,escuintla,101047
br,vargem grande do sul,36214
ca,shediac,4735
nz,bombay,740
in,khalilabad,45325
gb,newtyle,731
us,southbridge,19030
ro,derna,2963
id,tuban,76251
be,brussels,1019022
us,east renton highlands,12991
us,yauco,20296
us,joplin,46818
us,clovis,59743.5
ph,pagsanjan,4279
mx,xicohtzinco,11094
lu,findel,105
it,martano,9644
cn,bijie,77645
cn,bengbu,576648
wf,teesi,284
ro,schitu-duca,4347
no,fevik,5070
lu,mecher,63
cz,jilemnice,5728
cn,jishui,77540
br,tucano,31209
es,guimar,16772
ru,plastunovskaya,9604
ro,podeni,1148
ro,baraganul,3561
ph,sergio osmena sr,4954
mx,teul,3168
in,idappadi,51647
in,duliagaon,23530
in,darbhanga,287180
id,brebes,186936
cl,parral,26905
us,norridge,14157
sn,linguere,10228
gr,kalavrita,1629
br,itapage,32043
be,tongeren,29816
br,parana,2751
ua,berezyne,3658
ru,vysokoye,3090
ru,chechen-aul,7134
ph,entablado,5202
it,castelnuovo rangone,13498
de,lichtenstein,13583
th,si chiang mai,14068
ro,cuzaplac,1999
no,brekstad,1879
ng,awka,167751
ru,aleksandrov gay,9919
ro,plopana,3291
ph,calumpit,91865
in,viraganur,10854
in,bhanjanagar,20649
gb,cockenzie,5962
ca,la malbaie,4447
ro,patulele,4395
ge,gori,46680
ru,pregradnoye,3671
jp,iruma,151548
gb,salford,70905
gb,netherburn,710
de,bad bevensen,8808
dk,langa,2710
pk,umarkot,42077
ph,dumpay,5414
ca,cardston,3654
al,kruje,21286
za,swellendam,13675
uy,delta del tigre,17952
us,willmar,18473
ar,concordia,155686
us,east haven,29006
mx,coacoatzintla,4978
mx,cerano,7860
fr,carvin,18397
at,hermagor,7242
ru,voskresensk,77088
pt,avanca,6539
ca,mattawa,2415
de,teltow,19624
bo,la paz,812819
bs,cockburn town,831
br,icatu,3648
br,sao jose da laje,12811
za,ladybrand,17228
us,hopkinton,12179.3
sk,zlate moravce,15618
pt,negrelos,6664
ph,pinocawan,4489
no,loten,2480
jp,hachinohe,239047
gb,glassford,606
br,riachao do jacuipe,16911
br,monteiro,17727
ca,fort erie,15953
us,frankfort,19659
it,san giorgio a cremano,50887
ch,seuzach,7061
ve,la victoria,87060
ru,bronnitsy,18645
ro,smeeni,7015
ph,yubo,2374
cd,kongolo,31969
cn,peking,7480601
at,traismauer,5815
br,mairipora,54417
us,camarillo,62500
sk,holic,11416
ru,babynino,4009
no,sira,600
jp,inazawa,102131
id,balaipungut,56453
co,el paso,6367
uy,colonia,24870
us,bethel,6228
ru,planovskoye,3482
ru,kirovgrad,22685
ph,baquero,5145
nl,goedereede,11661
ch,thalwil,16389
us,stevens point,24408
us,smithfield,16540
ua,adzhamka,3859
ph,pasong kawayan,7031
ki,bairiki,44428
pa,bisira,914
it,brindisi,92457
id,rancaekek,152108
hu,baracs,3294
de,boppard,16606
us,lake jackson,27127
mx,berriozabal,20952
it,carbonera,10501
us,northbrook,22554
ru,nagornskiy,560
ro,ciceu-giurgesti,4285
it,cetraro,10296
il,nein,1588
br,vespasiano,94750
co,majagual,11139
us,apopka,33216
pk,ratodero,47822
ph,salvador,4285
jp,takikawa,45132
fr,montbeliard,26895
ua,sad,461
ru,novovoronezh,37392
ro,boghesti,1832
ie,roscrea,4721
gh,savelugu,29310
au,taree,44183
ec,rosa zarate,42121
us,mankato,35138
ph,parubcan,4491
jp,tajimi,107819
it,corciano,16983
hn,los llanitos,1040
fr,pont-audemer,9125
be,wanze,12918
cl,limache,35876
ro,sanpetrul-mare,5782
ie,limerick,90054
al,ballsh,10361
af,nahrin,22389
ca,saint-anselme,1861
tj,takob,2565
ro,lehliu,2953
it,foggia,143826
za,george,174591
ro,aiton,1331
ph,lingion,4321
ph,cabilao,2668
in,koradacheri,6151
hu,nagyoroszi,2250
gr,ano poroia,1558
fr,fontenay-aux-roses,23784
br,cacequi,12868
de,hilden,57036
us,valdosta,45661
ph,coron,8723
in,lumding,25777
fr,la rochelle,80406
de,eppelborn,18400
pk,harnoli,15669
ph,laug,3157
ng,okitipupa,74062
cn,liuzhou,763168
ba,obudovac,2171
sj,longyearbyen,1232
ru,askiz,6928
ph,gigaquit,3064
fr,verrieres-le-buisson,16288
be,de haan,11766
ba,vidosi,3905
mx,choix,7623
br,bananeiras,7371
ph,bacolod,116048
gr,ayios serafim,1071
bs,freeport,46535
us,naples,21498
pt,charneca de caparica,23712
us,euless,53221
ph,awang,8417
lu,moersdorf,301
lu,bofferdange,802
in,goa velha,5656
in,aklera,19684
gt,livingston,14056
es,galdar,24118
ru,kalashnikovo,5032
mn,bulgan,17351
in,carapur,5576
ie,skibbereen,2098
hu,aranyosapati,2142
ee,ignase,106
be,holsbeek,9094
us,wilton manors,12888
ro,periceiu,3922
ph,bislig,35798
fr,la garenne-colombes,25781
ba,listica,9370
br,simoes,4332
za,nigel,140649
ru,idritsa,5623
in,vijayapuri,6651
in,musiri,30211
in,muragachha,10324
hu,bataszek,6820
gr,panaitolion,2915
de,niefern-oschelbronn,12299
de,ober-ramstadt,15695
tz,kondoa,23520
ru,druzhinino,2897
pt,nogueira,4855
ec,guaranda,22199
ru,sosnovoborsk,19466
ru,chekhov,40149
uz,druzhba,17226
ug,kajansi,7530
ru,bachi-yurt,14788
ly,waddan,27590
br,pederneiras,38020
es,silla,17303
ee,huuru,349
es,teror,13110
cn,wuzhou,265846
mx,general escobedo,308284
bo,la belgica,5504
jo,samma,9736
us,keansburg,10631
ru,sofiysk,650
ru,sarmakovo,9588
pt,vendas novas,11248
ni,san lorenzo,6885
ca,sussex,4048
us,guymon,10509
lv,madona,9280
cl,teno,6858
za,east london,421562
ro,sadu,2430
gb,ayton,548
cn,shaoxing,421283
us,palatka,10737
ru,undory,3376
ru,skhodnya,18898
ru,luknovo,2614
ph,kiamba,10979
in,machhiwara,20448
gb,tarbert,1364
ws,tufutafoe,330
it,bagno a ripoli,25431
fr,denain,20736
br,alpinopolis,13286
ph,famy,3758
cz,chvaletice,3308
au,kurri kurri,10991
co,tuquerres,20185
de,herford,65834
pt,portimao,38486
gt,santa catarina mita,10595
co,honda,28158
br,carambei,13466
co,covarachia,590
be,merchtem,14660
il,tirat karmel,19234
br,luz,14396
am,ranchpar,989
be,rochefort,11978
ru,yelan-koleno,5270
in,hathras,126895
in,chechat,11138
es,montilla,23157
br,sao joao do piaui,12689
ch,balsthal,5576
cz,velesin,4006
jp,toyoshina,27835
it,tavagnacco,12877
it,crevalcore,12413
be,schilde,20373
bd,chandpur,120183
br,baturite,22417
ch,neuchatel,31216
si,sezana,4797
ru,chegem,18429
lu,wilwerwiltz,249
co,magangue,100315
tz,nyakahanga,14611
tm,murgab,13199
ru,novoshcherbinovskaya,6415
ph,bidduang,2133
no,maloy,3070
no,ler,459
ne,aguie,13153
mx,guichicovi,4371
hu,belapatfalva,3401
co,topaga,1014
br,sumare,227982
ec,pillaro,7462
cu,pinar del rio,186997
ua,vinnitsa,332400
ph,tolosa,2686
ph,tanglad,2184
no,fillan,532
mx,ixtacomitan,4478
in,khetri,17178
gt,morales,18571
ru,davlekanovo,23953
ph,pio duran,13249
ph,mapalad,3353
cn,xiongzhou,79050
ru,shcheglovo,3095
ro,lunca banului,3931
in,rawatsar,31018
vn,tam ky,59000
us,west covina,109756
th,khlong luang,118551
pt,mafra,12259
jp,matsubara,130857
de,mainz,187940
tr,gursu,24523
ru,verkhnyaya toyma,3790
in,nakodar,32407
in,keshod,68523
ie,kinsale,3843
id,demak,27251
gr,makrikapa,878
ru,makaryevo,218
ph,sinuknipan,2533
ph,olutanga,7133
mx,chanal,5592
jp,shinichi,21030
in,vikarabad,43342
in,tamluk,48651
gr,thespiai,1437
de,hilchenbach,16784
ph,bicos,3962
it,paese,20224
it,iesolo,22976
ca,sault sainte marie,63967
pt,almancil,9898
pe,pacasmayo,29296
ph,tinago,4491
gl,tasiilaq,1829
de,landau,27528.5
ch,heimberg,5586
br,perdoes,17821
ru,khristoforovo,817
ph,landang,3542
nl,ermelo,26695
ir,shahrud,131895
in,uravakonda,33499
in,ghazipur,103105
cz,zbiroh,2582
br,anastacio,18817
ru,letnik,3141
mz,beira,530706
ke,eldama ravine,12523
it,castiglione delle stiviere,20166
hu,mehkerek,2274
hu,beremend,2775
cl,puerto varas,24958
dk,guderup,2424
am,spandaryan,1226
ua,lyubymivka,5786
ru,khabez,5806
it,terzigno,17155
in,madras,4328416
us,coolidge,8487
us,sitka,8931
se,uddevalla,30283
mx,san miguel el alto,22204
md,straseni,19652
hu,szentkiraly,1965
hu,szaszvar,2684
hu,somogyvar,2023
vc,chateaubelair,735
us,greeley,86875
ro,copalau,7086
hu,kunszentmiklos,8976
gr,katerini,53294
fr,corbeil-essonnes,38760
mw,thyolo,5776
gb,inverkeithing,5163
us,wasilla,8521
ph,caoayan,2738.5
ml,kangaba,17232
ie,dunmanway,1566
cz,ostrozska nova ves,3333
ru,zudilovo,3144
ru,dubovskoye,8019
ro,berca,9479
jp,sugito,49818
cn,linxia,202402
de,uetze,20477
tr,niksar,49890
ru,ilovka,3308
ro,bargaoani,4203
py,itacurubi del rosario,3888
pt,abraveses,9319
ph,pastrana,2730
in,patnagarh,19583
in,baripada,116227
us,arcata,17199
it,mira,36219
am,apaga,1634
be,kraainem,12815
br,cupira,19096
ru,iskitim,61828
in,lakhnau,2472250
es,foz,9170
cd,kasongo-lunda,20059
us,medway,13042
ru,pristen,5463
lv,akniste,1314
in,mushabani,32765
gr,neos milotopos,2835
gb,dufftown,1384
fr,olivet,20579
co,la uribe,2103
es,jaen,116291
de,wedel,32619
ru,balakhta,7721
pt,souto,4922
ph,olea,2434
ph,balingcanaway,5870
br,cacapava do sul,17522
us,calexico,36389
tr,belen,20123
ru,elista,106972
id,kencong,43047
au,roma,5497
br,itapipoca,55785
az,aran,6724
us,walker,23824
ru,neftegorsk,12163.5
ro,tatarusi,5651
ro,sarmasu,7371
ph,tarangnan,2762
ph,malabanban,19470
in,hoskote,41240
in,baharampur,180564
ca,lunenburg,2473
ch,flums,4936
ru,ozinki,9733
ro,fetesti,32867
mx,raboso,4374
it,bagnolo mella,12165
rs,pirot,40928
ph,maricaban,2779
ph,lapuyan,5274
it,brusciano,16051
br,tocantinopolis,23383
bg,tvardica,6434
au,kingaroy,8573
ba,gacko,3417
ru,vakhrushevo,4152
no,skogn,1916
no,follafoss,484
mx,opopeo,8601
hn,coyoles central,1144
gn,pita,20051
be,fauvillers,1952
cz,kraluv dvur,5509
us,londonderry,24474
tz,ilongero,17342
in,eluru,183401
gt,rio bravo,7412
fr,yzeure,12306
cr,san miguel,28827
wf,haatofo,236
us,douglasville,31791
ru,ladozhskaya,14904
ru,kupino,16333
ru,de-kastri,3615
ph,sambulawan,3632
ni,quilali,12211
gb,tonbridge,36894
ru,sibay,61591
ru,murom,126932
ru,chemodanovka,5002
ro,vinderei,4716
ro,gherghesti,2785
cn,dafeng,84323
bd,khagrachari,50364
lv,stende,1955
in,nagpur,2228191
hn,san marcos,4635
ba,koran,3394
us,turner,5470
ru,chibizhek,348
ro,maicanesti,5312
pk,kot diji,25617
pk,khurianwala,35290
ph,caticugan,2558
ph,calian,3488
jp,hirosaki,174973
in,kottagudem,79255
sd,wagar,11950
ru,kineshma,92984
de,dornstadt,8374
ua,zalishchyky,9749
ro,silistea,2562.67
jp,tokoname,49554
us,imperial beach,27091
ro,lipanesti,4985
jp,ami,48257
cz,karlovy vary,53585
de,uberherrn,12145
de,hockenheim,20814
ru,vostryakovo,16509
ru,sterlitamak,267235
ng,gombe,250278
mx,tetela del volcan,9127
it,laterza,15268
hu,gomba,2861
co,cabrera,880
us,archdale,9332
py,villa hayes,16726
pl,miastko,10954
ph,mandaon,3539
it,ortona,22874
ba,gornje zivinice,4661
us,conneaut,13064
td,moissala,11264
ro,colti,1313
pa,chiguiri arriba,987
no,lalm,294
id,ternate,101736
bd,ramgarh,28017
br,porto murtinho,12672
dk,marslet,2698
cn,huazhou,91701
ro,telega,6358
lu,wickrange,111
hu,felsotarkany,3223
fr,henin-beaumont,24725
br,franco da rocha,108860
fi,tampere,202688
au,mittagong,6717
us,toppenish,9186
in,arumbavur,11419
hu,gyulahaza,2059
gt,san vicente pacaya,7014
co,caucasia,58035
sr,lelydorp,17735
ru,issa,5532
ro,valea viilor,1991
pt,alvor,5272
us,white settlement,16174
us,oakville,36787
ph,balangbalang,2135
ph,sugbongcogon,2494
lu,dippach,808
cd,lusambo,41413
us,merrill,10184
ru,nyazepetrovsk,12717
ro,fauresti,3623
lt,prienai,11353
ir,karaj,1448996
in,sidlaghatta,49118
ch,bolligen,6291
dk,horsens,50074
br,porto belo,14722
am,zar,1340
ee,helme,407
us,bloomingdale,18395.7
ro,albesti,4317.17
pk,thano bula khan,14739
pk,cherat,2986
mx,acuna,144703
hu,miskolc,179430
de,tuttlingen,35133
th,chaiya,12223
sd,wad rawah,10348
ro,bania,1939
mx,tenango de arista,20969
gr,konitsa,2875
ee,kodila,336
ru,bogashevo,3773
ph,barobo,9893
fr,sarreguemines,23427
ci,biankouma,42756
us,calumet city,38388
us,fort morgan,10969
pl,szamotuly,18588
fr,grigny,24600
fr,acheres,22282
co,chipata,868
ru,stodolishche,3198
ru,mokhsogollokh,6947
hu,szentgotthard,8911
co,yotoco,8362
de,volklingen,41799
us,willowbrook,35321
mq,le lamentin,39230
it,sommacampagna,14414
hu,galgamacsa,2061
gh,kpandae,8652
gb,worksop,40443
br,unai,60203
br,barra de sao francisco,20743
br,pelotas,320680
de,flensburg,85158
ca,nanton,1936
ru,novaya chigla,2978
pa,rio de jesus,1180
in,ukwa,7370
fr,le pont-de-claix,11597
at,dornbirn,43013
ar,mercedes,68758.3
au,victor harbor,7760
us,acton,20897
ph,calibutbut,5282
ph,aya,2924
lv,talsi,12022
gr,palaiomanina,855
cf,bangassou,34720
ru,lugovaya,3086
ro,rachitova,1467
ro,cristian,3643
pt,moita,17795
pl,wolomin,36592
us,worland,4729
us,corvallis,50701
ro,mitocu dragomirnei,3976
pe,desaguadero,5353
gb,chapeltown,22785
ro,paltin,3687
ro,nicolae titulescu,3095
ro,helegiu,7195
mx,tenextatiloyan,4352
hn,villanueva,31570
fr,draguignan,35217
cn,shenzhen,1002592
ua,makariv,11594
ru,ivankovskiy,451
pt,montijo,30010
mx,tezoyuca,13504
mx,salamanca,138620
gr,koutselion,1177
am,norakert,2485
ru,star,4994
it,alcamo,44278
in,vyara,38171
gr,katsikas,2993
gb,castleford,37713
br,ipubi,16424
bg,brezovo,1920
ru,ileza,1430
ro,vorniceni,4490
pt,santo andre,10907
ph,lingig,6400
lb,juniyah,96322
hn,cucuyagua,2939
ee,jarve,682
ca,bolton,21709
bd,dhaka,6493177
ua,semenivka,8312.5
tz,urambo,23723
pa,cermeno,928
no,segalstad,899
mx,halacho,9165
co,vigia del fuerte,4638
ug,arua,55583
th,chaiyo,13255
ph,trinidad,3225
gt,sumpango,20454
co,ricaurte,2682
dk,copenhagen,1089958
ua,syedove,2667
rw,nyanza,56679
ro,produlesti,3546
py,juan de mena,480
ph,porais,3075
ph,baguio,272732
pe,san juan bautista,6902
in,gagret,3026
cn,hailin,85578
in,shiggaon,26120
br,murici,20420
py,leandro oviedo,309
co,malaga,18740
ca,high prairie,2878
cz,opava,61514
dk,stenlose,13302
br,aguai,27503
uz,urtaaul,14046
ro,simand,4064
py,santa rosa,7257
ph,maypangdan,2342
mt,qrendi,2493
gr,stamna,921
ca,rawdon,4978
br,ivaipora,23316
us,melrose,26466
ru,yushala,4169
ro,targu jiu,97178
ph,badlan,2041
in,satwas,12117
br,sao goncalo dos campos,14822
us,healdsburg,11360
se,mariestad,14891
ru,dorokhovo,4313
it,campolongo maggiore,9607
ae,sharjah,543942
ua,pervomayskoye,9014
jp,tokyo,31480498
it,santa margherita ligure,10310
fr,saint-cloud,28009
us,weehawken,14104
ua,staryy saltiv,3776
td,kyabe,16177
ru,myaundzha,1977
ro,samarinesti,1949
nz,opotiki,4044
jp,tondabayashi,132875
it,pietra ligure,8301
gl,siorapaluk,75
gb,banbury,46075
ch,chavannes,5740
ca,antigonish,5003
us,pullman,25636
se,gavle,68635
ro,lozna,1187
pl,monki,10577
it,san giuliano milanese,32437
in,mancheral,78006
ru,malinovskiy,2672
ph,odiongan,5114
ph,kalilangan,14456
pe,tambopata,39142
mx,zacatlan,31708
it,bucine,9940
in,jind,161271
gr,kalivai,1288
us,zachary,12114
fr,argentan,16845
cz,kladno,71262
nl,eijsden,12079
ru,kolobovo,2910
ro,gangiova,2966
it,carmagnola,25658
in,memari,44452
gb,crossford,1575
dk,sundby,2922
de,langelsheim,13234
bo,tupiza,22234
mx,tocatlan,5123
jp,suzaka,54023
hn,monjaras,6772
gl,qaarsut,204
br,pombal,21751
ru,donetsk,47829
ua,pechenizhyn,5126
ru,terbuny,6936
lu,tetange,2929
jp,matsubase,26163
in,dera baba nanak,7492
cm,ombessa,1833
ar,campana,83175
br,carmo do cajuru,16333
us,humble,14723
pe,marcona,15548
mx,alvarado,21519
lu,pommerloch,51
ca,mount forest,4842
us,sheridan,16154
ua,pasichna,4530
ru,pervomayskiy,10153.5
ru,nizhniy dzhengutay,7450
pe,juli,7342
fr,rennes,213334
ru,elektrostal,144389
gr,ayios vasilios,1697.67
ru,zavety ilicha,7455.5
in,lalganj,27806
fr,beaucaire,14162
br,gilbues,4920
br,mogeiro,4767
us,bellingham,73469
tr,tokat,129768
hu,nyirbogat,3336
gt,pastores,10180
de,zwiesel,10484
de,billerbeck,11578
us,hillandale,3239
us,searcy,20154
ua,kulynychi,2981
tj,tursunzoda,37999
ru,yermekeyevo,4214
ru,komsomolets,3410.5
ru,aprelevka,17780
ph,camangcamang,4131
in,dabwali,62118
fr,beaune,22573
bd,chilmari,49742
de,trostberg,11640
de,leopoldshohe,16324
sk,turzovka,7854
ro,apold,2698
pk,setharja,32653
om,ruwi,85601
gb,holbeach,7408
us,tuskegee,11423
de,landshut,61131
pl,szczecin,413658
pk,kabirwala,60799
mx,encarnacion,21861
ma,tangier,825316
es,boiro,17916
de,lich,13410
ph,maugat,2613
cz,kopidlno,2195
cr,san rafael,11969.8
lv,piltene,1103
jp,kamiiso,38098
hu,labod,2244
hn,quebrada larga,1217
hn,las vegas,4397.5
fr,arcachon,11391
br,xambioa,9281
ru,krasnaya yaruga,7924
de,renningen,17725
us,durham,109084
ru,usukhchay,1966
in,sirsa,97130.5
in,seondha,21328
il,savyon,3434
gr,arriana,1158
ee,laeva,468
br,mari,17535
us,poquoson,12086
us,uniontown,11878
ru,dzheyrakh,1174
ro,darabani,11890
th,yasothon,21643
ph,bayas,2275
it,fondi,35157
ca,elmvale,2298
ro,socodor,2248
ph,pinayagan,4498
it,bussolengo,18755
in,mariani,23641
ee,vasalemma,856
cn,kaifeng,576915
br,guaira,30852
no,stavanger,173535
in,kunnamangalam,38372
hu,lepseny,3224
us,forest park,18143.3
tw,tuku,31038
ro,taureni,1033
cz,dobruska,7150
us,naperville,143850
tw,tachi,84552
ru,yashalta,4723
ru,sheltozero,1012
ph,sumilao,5339
mx,tizapan el alto,14385
tg,amlame,10931
ru,volsk,71717
ph,aliaga,34020
mx,apozol,2933
in,sirsi,42081.5
es,albacete,155083
ua,khust,27999
ro,ilva mare,2574
mx,veinte de noviembre,4309
mx,chemax,10596
ru,vetluzhskiy,9403.5
it,santeramo in colle,27024
in,bhavani,39748
cg,loubomo,70734
br,jatai,76548
ph,vizal santo nino,2529
ph,cagdianao,2676
in,thasra,18337
ie,athy,6382
fo,hove,149
dk,silkeborg,38760
ca,taber,8163
rs,horgos,6123
ph,katidtuan,4710
ph,accusilian,2377
in,mahasamund,50447
il,qiryat bialik,37385
gb,gifford,674
us,wenatchee,29159
sr,meerzorg,6591
ru,ynykchan,379
lv,lielvarde,5114
in,manavadar,29107
in,bikapur,13179
us,brea,39542
tz,ngerengere,17181
ro,belint,3023
ph,pato-o,2949
ph,malandag,12867
no,haugland,438
in,yerraguntla,27874
in,lasalgaon,13666
hn,trujillo,9647
ua,obodivka,3378
in,lawar,19558
za,ermelo,41201
ph,pulong santol,5591
pa,los pozos,846
na,windhoek,268129
mx,el mante,79985
us,meadville,13225
us,crystal,21834
cz,velky senov,2004
cv,pombas,1790
us,sacramento,467898
ru,promyshlennyy,1112
rs,podujevo,46513
us,guayanilla,5213
ru,ust-ordynskiy,14538
ru,nizhniye vyazovyye,8290
mx,atexcatzingo,4504
de,meppen,34205
br,brejo,11636
vc,barroualie,1902
us,jacksonville,156353
dk,tarm,4080
ru,ust-abakan,14696
ru,kayerkan,27295
nl,sint anthonis,12007
gr,krikellos,1312
dk,birkerod,18901
br,sao caitano,25259
za,pampierstad,21800
ro,radauti,27241
pl,deblin,19561
ph,hagnaya,3391
mx,canatlan,10342
gt,salama,22247
gb,blyth,36356
br,campo maior,31740
us,whitefish,6338
ro,frasin,6519
gl,ikamiut,92
fr,le cannet,42659
ru,segezha,33354
no,sundvollen,734
gb,new deer,559
ch,lachen,6879
co,san antonio,5185
de,wallerfangen,9880
br,iguaba grande,11104
ru,verkhoturye,7566
ru,malyye derbety,5822
ro,malu mare,4995
ph,irasan,2170
nz,lincoln,2235
at,bludenz,13904
ba,laktasi,6464
be,ravels,13560
cm,poli,5727
in,moirang,17104
fr,harnes,13440
fr,champagnole,8313
dk,tars,1856
br,estreito,17647
br,joaima,9022
br,peabiru,12345
us,palos hills,17501
tw,chingshui,82843
pk,wah,237584
lv,baldone,2025
br,ribeirao preto,551278
ua,zhelyabovka,2930
pl,sieradz,44436
mx,tanquian,9201
us,stephenville,15637
ua,kryva,2911
ru,ilovlya,11930
ph,armenia,3563
am,nor armavir,1597
cz,orechov,2344
br,estancia velha,40391
ru,burlatskoye,3637
py,nueva germania,1206
nl,delft,98482
gt,teculutan,6275
de,gauting,19381
us,tulsa,382005
ph,tagburos,4149
lt,elektrenai,13722
in,aland,39067
ru,namtsy,7980
ph,malanday,21901
ph,malaga,2156
co,baranoa,44079
us,williamsburg,11400
ro,lapusnicel,1279
ph,mangoso,2466
nl,wierden,23783
in,lakhisarai,89509
hn,el puente,1325
cf,mobaye,24518
be,beernem,14512
ws,tufulele,905
tw,chupei,106065
ro,urzicuta,3118
ni,masatepe,17323
es,valverde del camino,12747
ru,ivnya,7824
mx,alpuyeca,7811
mu,amaury,2912
hu,roszke,3241
dk,rudkobing,4666
al,corovode,14046
ru,dobryatino,1934
ro,obarsia-closani,1102
be,grimbergen,33561
ch,romanshorn,9060
ru,khokholskiy,7776
nz,frasertown,302
no,kylstad,294
ng,agulu,79027
lk,mullaitivu,7787
us,vieques,4531
th,si satchanalai,25942
td,lai,19382
ru,kholtoson,1040
it,paola,16896
ch,munchenbuchsee,10774
in,dadri,70616
in,chandvad,19592
ag,liberta,1668
be,ellezelles,5566
mx,san vicente,4675
lu,eschdorf,433
in,mohan,14710
in,mahur,7178
ch,diepoldsau,5351
us,orland park,55741
ru,beregovoy,7961
se,jonkoping,83202
ph,dumingag,6534
ne,goure,14640
mx,oaxaca,262574
mt,marsaxlokk,3026
lt,jonava,34996
gr,oreoi,1293
fi,porvoo,47192
mx,villa corona,6803
us,brawley,22185
ru,dmitriyevskoye,3442
ro,ileanda,2546
ro,draganesti-olt,12057
ph,capagao,2801
fo,streymnes,189
au,orange,30402
us,palm coast,41483
mk,oblesevo,4972
jp,fujiidera,66856
br,itirucu,11499
tr,malatya,442046
ro,dracsenei,3616
am,gyumri,148383
no,sponvika,421
mx,oxchuc,3421
lt,pakruojis,5964
hu,zsambek,4791
ca,wilkie,1198
ws,falealupo,518
sk,liptovsky hradok,8232
ph,cotcot,4067
de,buckeburg,21077
et,adet,22950
br,ceara-mirim,32668
bo,ascension,14431
ro,bucosnita,3025
it,cremona,70748
in,jamtara,24391
an,golden rock,823
be,leglise,3865
ua,pavlivka,2385
ro,priseaca,1920
hu,turkeve,10016
ru,khrenovoye,5476
pe,uchiza,17822
ro,dumbravita,3833
jp,wakkanai,41556
hu,zahony,4807
br,terra roxa,10911
pl,wyszkow,26628
my,jenjarom,24858
ca,creston,4816
cl,talca,197480
us,greensburg,12955
ug,ngora,9193
ru,staroutkinsk,3188
ru,safonovo,25608
hu,mezokeresztes,4116
fr,beaumont,11742
do,bayaguana,21059
cn,yangjiang,399735
bo,entre rios,2685
ro,cocu,2662
ph,panglao,6853
ca,grand valley,1856
us,park forest,23401
ua,dymer,5653
tz,itumba,13438
ru,seymchan,3455
nl,winterswijk,29098
hu,zakanyszek,2747
gr,ermoupolis,11351
br,marica,79552
ch,solothurn,15292
ee,harku,781
ua,krasnyy oktyabr,979
pe,chosica,110536
id,sukaraja,111847
gr,fotolivos,1844
us,ham lake,14954
rs,bac,6110
ro,soldanu,3488
us,fort dix,6868
us,lowell,103469
ru,sovkhoznyy,3731
mx,jerecuaro,7050
hn,ostuman,862
ru,olginskoye,3182
ru,kochubey,6815
jp,kawagoe,337937
il,nesher,21811
hu,tiszaszentimre,2340
hu,szentes,30495
gr,nision,1473
gr,armenion,727
nz,hastings,61696
mx,xometla,4454
ls,quthing,17073
in,hisar,296456
in,cumbum,15212
br,cabo frio,108241
ph,anao,4669
mx,piste,4674
mq,la trinite,15041
cm,foumban,92673
co,socota,2194
az,ceyranbatan,5684
us,temple terrace,22036
tw,lukang,83071
br,tijucas,22482
es,amposta,19140
ph,himaya,3296
lt,klaipeda,192314
hu,mikepercs,3430
hn,yoro,15776
ee,kuusalu,1238
ru,sayanskiy,3962
py,doctor botrell,246
mx,marfil,15241
br,ico,28323
br,joacaba,23516
uz,muborak,29180
us,celina,10282
tn,manubah,24948
id,lubuk pakam,87457
de,freiberg,29338.5
be,somme-leuze,4532
us,bellview,22282
ru,is,4729
ne,diffa,27951
gb,stirling,33013
de,poing,11498
us,clarksburg,16232
ru,ukhta,102188
pf,haapiti,3959
nl,borculo,10551
fr,les lilas,20499
bg,popovo,18836
es,manises,27420
ru,pereyaslovskaya,8542
ru,engels,196013
ph,cabittaogan,2455
gb,corby,50029
us,northview,15103
ru,kovernino,6759
ro,giulvaz,2992
ph,ligayan,2319
mx,chilac,12099
gb,kinghorn,2776
bw,khakhea,2133
de,ingelheim,25296
de,zeitz,29582
be,oud-heverlee,10533
be,stoumont,2970
ci,ferkessedougou,74966
ua,kholmy,3146
ru,yekaterinburg,1287586
ru,amga,6151
ro,vadu moldovei,7325
ro,draguseni,3574.67
ph,tominjao,3644
pe,pampas,5545
br,barreiros,35565
ro,blaj,20371
ph,tagoloan,30390
ph,sinolon,2838
in,ingraj bazar,170056
be,zelzate,11901
us,canandaigua,11655
ru,novoilinsk,5045
ru,novoaltaysk,61051
ru,georgievsk,72652
ph,makir,2371
ph,kitapok,2924
it,piazzola sul brenta,11204
fr,valentigney,12221
cr,juntas,4737
co,puerto escondido,3020
vu,luganville,13398
ru,odintsovo,137043
it,rocca di papa,15026
gr,kokkonion,1221
fr,fos-sur-mer,15783
co,peque,1793
us,hybla valley,17491
ru,uchkent,3380
no,honningsvag,2561
jp,toyooka,46500
be,bredene,14862
de,toging,9830
dz,timizart,41398
ua,komyshnya,2539
ph,guiling,2873
pe,perene,6875
in,kinwat,25958
in,bambolim,5441
ge,pitsunda,8402
jp,iwakura,48007
it,arzignano,24565
in,dhanwar,8512
gb,whitehaven,24803
eg,talkha,157756
pk,larkana,364168
in,kharar,28872.5
us,maumelle,13822
ru,kizel,21808
ph,panalingaan,2973
mm,henzada,134964
be,meise,18497
dk,svejbaek,3743
py,valenzuela,587
ee,keila,9411
br,esplanada,18859
ru,krymsk,57556
pt,meinedo,4416
nc,ponerihouen,2934
mu,camp diable,5082
gr,valira,991
gb,forth,2087
de,mechernich,27551
ro,iepuresti,2334
pt,praia da vitoria,6061
lu,leithum,78
fr,verdun,19048
ru,velikovechnoye,5762
ru,krasnyy klyuch,2348
ro,ceahlau,2458
pe,santa ana,25259
it,fano,59864
in,karad,55667
de,norderstedt,72011
th,mae tha,10048
ru,gigant,10034
ro,secas,301
ph,hinundayan,2693
ph,dayapan,2396
it,salo,10525
br,bernardino de campos,9342
ru,lipin bor,3771
ru,krylovskaya,14605
om,ibra,21389
in,bhattiprolu,18001
fr,biscarrosse,9515
ru,rutul,4237
pl,olkusz,37744
in,fatehgarh churian,18053
ru,suksun,8284
ro,malu cu flori,2698
pl,piastow,23250
pa,nuevo san juan,1232
mx,el burrion,4169
in,karamadai,31190
an,nieuwpoort,1937
ee,audru,1430
es,torredonjimeno,13701
ro,traian,3483.75
jp,kokubunji,118682
il,nahariyya,50881
cr,palmares,4645
co,nemocon,5467
ru,staraya,4444
ru,chikola,7142
hu,tiszasuly,1737
hu,eger,56302
es,tudela,31687
ru,kholmskaya,17494
in,shillong,132853
in,kandra,6902
br,piracaia,26076
cz,stary plzenec,4225
us,crestview,16702
in,behat,18225
ee,mooste,450
de,goslar,43461
it,san martino buon albergo,13471
in,champahati,8922
co,jesus maria,823
br,abreu e lima,81960
dk,ejby,1991.5
us,hacienda heights,54289
ua,volodarka,7355
sz,hluti,6763
ru,tsivilsk,13636
pk,muzaffargarh,165240
fr,mont-de-marsan,30529
de,sarstedt,18555
br,rio brilhante,18837
us,fort walton beach,19731
ro,darova,3028
ro,cotofenii din dos,2594
ph,mondragon,5198
ir,ahvaz,854980
bg,elena,6171
ph,pambuhan,2526
ph,blingkong,4954
de,bad harzburg,22670
cz,karvina,65441
sl,seidu,3483
in,palwal,121974
us,elmira,30026
us,erlanger,16895
us,chicago,2841952
ru,asbestovskiy,1209
pe,la oroya,33495
no,harpefoss,453
in,koath,16727
hu,zagyvarekas,3700
ru,novopetrovskoye,5184
ru,berezovka,3670
ro,ganeasa,4157
ph,camalobalo,2539
my,petaling jaya,520712
it,sinalunga,12348
in,kandri,8323
ro,pogana,3378
it,avola,32767
am,musaler,2323
ca,deer lake,4163
us,hatillo,5622
mx,tlaltizapan,10465
mx,azoyu,4462
mt,birgu,2936
gb,oldmeldrum,2023
de,burstadt,15365
vn,bien hoa,407224
ph,orong,6772
ph,apitong,2402
mx,capula,4678
gw,catio,9898
gb,dalrymple,1264
fr,beauchamps,9173
br,cangucu,20134
pt,grandola,10737
am,aygek,1095
ee,tori,526
cn,tengzhou,105456
us,union,32473
no,nordkisa,900
mw,dowa,5568
ke,kapsabet,23990
jp,annaka,48236
in,hassan,128542
ie,ennis,24427
de,holzminden,21028
us,florissant,51786
us,glenwood springs,8540
ro,ortisoara,4042
mx,chilchotla,4348
gr,neos pirgos,911
fr,colombes,76209
es,manresa,69134
sv,izalco,19198
pk,risalpur,37099
lu,herborn,150
it,pozzuoli,81237
br,carpina,70690
in,khargapur,13508
ga,ndjole,5098
am,yeghegnut,1450
dk,koge,33885
sa,tarut,44849
ru,solnechnogorsk,58892
ph,dancalan,6014.5
jp,warabi,69648
id,manado,451910
hn,el derrumbo,929
gb,findochty,1102
ru,bograd,4623
ph,magalalag,2625
mx,jalcocotan,4370
ba,velagici,4972
de,diepholz,16874
us,east bethel,11971
us,aptos,9701
pt,aljubarrota,6146
pk,faruka,21746
hr,split,176315
ge,marneuli,18757
ir,khorramabad,329847
at,pottendorf,6105
tz,inyonga,11790
ro,sagu,3797
id,serang,164777
de,schortens,21251
py,san pedro del parana,5723
no,melhus,4602
no,granvin,469
dk,nordby,2512
pt,ferreira,4205
nl,almere,186457
us,batesville,9438
ro,veresti,7089
py,fuerte olimpo,2478
ph,dagupan,69119
nl,sassenheim,15097
co,florian,1227
ca,rockland,9023
es,santa pola,23111
zm,mufulira,120516
ru,sukpak,3648
ph,tandayag,3532
ph,abucayan,2204
it,stezzano,11844
gr,kouloura,1156
gl,upernavik,1129
vn,hai phong,602718
th,pak kret,182926
it,castellammare del golfo,15504
hu,szarvas,18170
gr,kalambaka,8138
hu,pusztafoldvar,1887
co,lopez,3700
us,santa rosa,155118
ru,shilka,14133
ro,copacele,1309
ph,sumpong,7399
it,casalmaggiore,14802
in,kanina,10816
gt,usumatlan,4884
gt,nueva santa rosa,9922
ca,macklin,1257
us,north port,38054
ru,achkhoy-martan,16779
id,sorong,125538
ro,targsorul-vechi,8460
ph,sabang,3488.88
pa,garachine,1350
nl,amsterdam,745811
mx,xalatlaco,13663
jp,iwanai,15584
br,barroso,16975
us,dana point,35870
se,lerum,15949
ru,akhty,14080
gb,innerleithen,2591
ck,omoka,180
ua,tyshkivka,3368
si,metlika,3237
ru,vyazovaya,2101
ru,raditsa-krylovka,3443
ph,mercedes,9394.67
mx,tuxpan,19250
lu,petange,7187
in,ettaiyapuram,12957
dz,algiers,1980242
dk,beder,4214
us,west odessa,18455
ro,ieud,4139
pl,ozimek,9963
mx,ocuituco,4728
hr,nasice,8213
es,lloret de mar,23009
dk,hammerum,3025
mu,surinam,10621
at,kindberg,5790
ru,voyvozh,3727
lu,grevenmacher,3958
gb,moffat,2077
fr,saint-etienne-du-rouvray,28344
am,masis,18911
pl,swietochlowice,55600
pl,gora,12668
ng,ikot ekpene,254821
hu,bercel,1991
ph,sandulot,3641
pa,ipeti,652
dk,hvide sande,3291
br,candido mendes,8613
ua,bila tserkva,199161
in,vapi,92225
gl,kangaatsiaq,680
br,castelo do piaui,8589
ph,binangonan,219203
it,bagnacavallo,16423
in,ludhiana,1545476
id,jetis,49292
hu,dunavarsany,6016
za,frankfort,38055
ph,minanga,2151
in,panhala,3634
in,ambattur,341078
es,sant cugat del valles,65118
ua,velyka kisnytsya,3088
tz,lushoto,24197
ru,parfino,8254
nz,meremere,379
it,valguarnera caropepe,8991
in,golakganj,8125
in,angul,44390
hu,abadszalok,4654
br,aguas belas,22563
us,west wendover,4953
us,hutchinson,27177.5
us,pine bluff,53217
in,yavatmal,128185
fr,aurillac,30652
cl,coquimbo,161319
at,freistadt,7574
ca,barrhead,4430
us,north ridgeville,25851
th,suwannaphum,12221
ru,nagornyy,3227.5
pa,santa fe,1092
nl,bladel,19199
ca,melfort,5410
de,versmold,21227
es,villaviciosa,13750
do,constanza,29485
ws,niusuatia,331
ru,kavalerovo,16945
pk,tangwani,9256
ru,inza,19737
id,tanjung morawa,157908
cn,dayong,86083
br,crateus,52934
pk,islamabad,756105
hu,vaskut,3613
hu,asvanyraro,1985
ci,toumodi,51560
ro,sieut,2754
in,sayalgudi,12415
in,kumbakonam,139276
fo,nolsoy,283
az,lerik,7094
ro,sipote,5800
ro,gherta mica,3188
ro,curtisoara,4583
pt,odemira,5830
nz,ohai,408
mx,la concordia,7423
de,rheda-wiedenbruck,46378
ru,kurilsk,2185
ro,cetate,5908
pt,maia,36425
lt,zarasai,8096
co,chaparral,19982
au,alice springs,26188
cr,la cruz,4319
us,grover beach,12974
ua,gornyak,4012
ie,monasterevan,2704
cf,zemio,7453
ua,moshny,4629
ph,san remigio,2976.5
nu,alofi,624
no,reinsvoll,1157
no,fitjar,1321
it,adria,21182
il,qesarya,4300
gb,fort augustus,499
br,nossa senhora das dores,14550
cu,las tunas,203690
br,dona ines,3709
us,saint marys,15533
rs,gnjilane,88287
pl,brwinow,11669
be,malmedy,11514
cz,mesto albrechtice,3612
am,aygepat,1349
us,elkridge,28734
ru,platonovka,3761
ph,lugo,2372
es,villanueva de cordoba,9880
us,loveland,35305.5
tr,durusu,2784
pt,faro,41355
ph,atipuluan,3940
be,alveringem,4910
us,pasadena,100911
ua,komyshany,6978
ph,lucsuhin,4240
in,tarana,22775
in,bah,15360
ci,abengourou,144074
al,kavaje,29354
cu,rancho veloz,4549
et,areka,33187
us,coventry,23976.5
ru,stroitel,18636
pe,oropesa,4040
ao,caconda,10551
de,lorrach,47666
ru,imeni karla libknekhta,8030
ph,marsada,2571
lu,pontpierre,1009
in,visnagar,68623
in,atrauli,47516
hu,tab,4824
hn,juticalpa,33690
ca,two hills,1147
ru,verkhneuralsk,9844
ru,novoraychikhinsk,2835
ru,krasnyy sulin,44134
fr,rombas,10764
de,treuchtlingen,13208
br,sobradinho,16350.5
ph,udalo,3047
hu,bordany,3097
ru,kapustin yar-1,31922
ph,bugasong,2828
no,tornes,431
no,smaland,349
it,taurisano,12340
in,amla,29998
id,kamal,22515
br,tapiramuta,16549
ch,kloten,18141
es,monforte de lemos,18451
ua,trybukhivtsi,4134
tz,nyanguge,10746
ro,aroneanu,2916
ph,bitoon,2395
ph,bakong,3185
hu,szentmartonkata,4868
gt,santiago chimaltenango,2958
co,el rosario,2607
br,rio novo do sul,6717
by,disna,2738
ee,vana-antsla,313
us,falls church,10340
us,hayden,11481
pl,ciechocinek,10832
ph,lusacan,14870
in,sihora,41196
br,catole do rocha,19812
de,bad waldsee,19749
ph,tococ,2266
in,bandora,12819
gb,cheltenham,103249
dk,thuro,3350
us,miramar,112922
ru,tereze,6335
no,havoysund,1149
ru,sangar,4633
ru,priladozhskiy,5159
ro,zetea,5670
mx,tepepa,4512
kg,isfana,16952
kg,batken,10155
gt,yupiltepeque,2966
cn,jimo,70733
dk,vissenbjerg,3055
us,collinsville,25491
ro,slobozia-mandra,4159
be,hemiksem,9504
br,solanea,17031
am,varser,1614
co,mahates,9224
us,chesapeake,219124
ua,smila,67530
pa,portobelo,1274
mx,ayautla,2896
ir,iranshahr,131242
in,sirur,31020
ch,buochs,5272
de,weida,8355
be,hamme,22891
ru,leninskiy,5938.5
mx,sucila,3910
mm,minbu,57350
in,amli,33368
bo,colquiri,3934
de,sonthofen,21512
dk,svendborg,27553
cl,coihueco,7346
ru,gornyatskiy,9292
ro,pucheni,2201
ro,necsesti,1562
ph,laya,3787
br,mariana,45237
de,forst,22521
th,nan,24670
ru,belaya gora,2383
be,messancy,7144
ru,solton,3122
ph,tocok,3067
in,chunar,36462
hn,san fernando,1026
gt,san cristobal verapaz,18748
at,vols,6573
cn,qianjiang,179079
ve,araure,73074
ro,ceanu mare,4247
ro,bailesti,19599
mx,ajacuba,6590
gr,selianitika,1210
de,grimma,17780
br,moreira sales,8699
al,kurbnesh,1429
ve,san juan de colon,38240
tz,mkuranga,28037
ro,zatreni,4524
ph,sitangkai,17200
it,bisceglie,52878
in,mahwa,22626
hu,tar,1972
hu,pocsaj,2709
co,jardin,7747
rs,kostolac,9248
pt,brito,5051
ph,lapinigan,4328
ng,wukari,92940
in,jalgaon,27796
cn,jinji,56816
bi,kayanza,19443
us,hialeah gardens,20241
us,la puente,42605
ru,kubachi,2977
py,chore,2193
lu,kehlen,1658
hu,tat,5575
ca,kamsack,1877
br,pilar do sul,19107
ru,polazna,12973
ru,antipovka,3021
ph,talangnan,3276
ng,otukpo,160830
de,saarbrucken,181779
br,silvania,11377
us,orem,93060
to,neiafu,4320
ph,abuyog,9504.5
my,rawang,120484
jp,kaita,29902
in,dharmapuri,66022
cn,linfen,232566
br,feira grande,3985
ad,ordino,2553
ua,rozhniv,5351
ru,karachev,19758
ph,sapa,2572
mx,san patricio,6713
jp,ohara,20226
jp,hirara,34354
id,driyorejo,26827
hn,chotepe,1564
br,porciuncula,12511
au,charters towers,9574
sk,brezno,23055
ru,vasilsursk,1307
ru,nelkan,135
ru,ivanovskaya,9415
ro,rachitoasa,5009
in,maudaha,37848
fr,autun,15684
ch,ascona,5236
in,jamai,22590
bg,rakitovo,8029
cn,guiren,57446
us,dublin,29978.7
ph,miglamin,2633
lu,hautcharage,1495
ke,shimoni,2374
in,dewas,261245
br,itabuna,205666
us,carson city,57341
ro,bucharest,1877155
ph,san simon,29049
ph,dinganen,4623
no,lia,258
it,lonato,13196
gb,dornoch,1261
us,cicero,81184
ph,abuyon,4342
pe,corrales,19856
mu,poste de flacq,7133
mg,moramanga,29212
is,hofsos,172
br,vitoria de santo antao,107385
br,moncao,11051
ca,simcoe,13446
de,marienberg,15600
de,dessau,76628
ar,tucuman,828402
jp,kamiichi,23004
ie,boyle,2199
in,baloda,12039
fr,montrouge,37670
ru,verkhniye sergi,6520
ru,petrodvorets,61974
ru,gedzhukh,6816
mx,teopantlan,3792
de,birkenau,10406
in,hariana,8333
bw,francistown,89979
de,friedrichsthal,11425
us,martinsburg,15616
no,kleive,516
it,san vito dei normanni,20057
cn,yanji,326957
br,pau brasil,8136
us,hackettstown,8264
sl,freetown,1190761
ph,magsaysay,10000
lt,kelme,10627
ge,ninotsminda,6142
fr,marly,11067
br,rondonopolis,152921
ua,sofiyivka,8017
sv,rosario de mora,5178
ru,kaminskiy,1645
ro,daneasa,3816
pl,wysokie mazowieckie,9203
dk,vipperod,2345
be,izegem,26382
am,voskehask,1803
pt,ovar,18452
id,teluknaga,128336
br,barra do corda,48902
br,muritiba,22388
ee,vastseliina,773
ca,kentville,12636
ua,otyniya,5205
tj,taboshar,11588
ru,matveyev kurgan,14342
ro,cosoveni,5024
no,follebu,926
fr,onnaing,8603
be,dilbeek,39482
at,worgl,11265
br,toledo,97846
mt,gzira,7513
jp,kashiwara,79059
de,dieburg,15452
cz,chocen,9002
pe,matucana,4985
be,eupen,18029
us,grass valley,12297
ua,lokachi,4056
ru,kabardinka,7395
ph,sapu,9788
ph,polomolok,64849
ml,kita,5769
ec,palenque,9083
de,raesfeld,11430
in,nanjangud,50247
hu,szigethalom,13092
cr,miramar,6540
ee,tabivere,1062
ee,leisi,329
us,akron,208414
sn,kaffrine,33572
ht,les cayes,59323
ca,cache creek,1061
us,mount juliet,18586
ro,baia-sprie,16746
mm,pathein,237119
gt,lanquin,1949
gr,loudias,981
gb,rochester,28671
co,cartagena del chaira,7586
sn,khombole,14762
py,doctor juan manuel frutos,4798
pl,jaslo,37851
ph,babag,3215
us,weslaco,32732
ml,bandiagara,6856
gr,skiathos,5187
bg,bobosevo,1528
de,kyritz,11321
ca,souris,1518
ru,velikie luki,103150
ru,roza,14491
ru,lomonosov,36778
ro,jichisu de jos,1305
mx,oxkutzcab,21508
gr,floyita,1589
cz,jilove,5233
de,friedeburg,10822
ru,zyryanskoye,6285
ph,paracale,8290
mu,quartier militaire,6424
lu,fentange,1302
in,vattalkundu,22640
cd,bukavu,225431
cz,dobronin,1897
tz,dodoma,180551
ru,chermen,8550
ru,aleksandrovskaya,2586.5
dm,portsmouth,3608
us,cutlerville,17231
ru,svirsk,14717
pt,milharado,5935
pl,tczew,60133
in,silvassa,27359
ug,bugiri,24154
ru,penza,512607
mx,zacamulpa,5985
mx,tehuantepec,37391
cn,huaiyuan,65530
us,pulaski,9016
us,poughkeepsie,30345
us,sherrelwood,17556
in,srivardhan,15280
in,sadasivpet,37249
id,tanggulangin,32867
cn,jinxiang,84231
bg,ajtos,21177
us,edmond,73915
us,bonita springs,41840
ru,lermontov,23369
ro,praid,6738
py,san salvador,723
pt,portalegre,15581
pl,trzebinia,18828
mm,magway,96966
gb,lhanbryde,1845
es,la puebla del rio,10775
cz,svoboda nad upou,2249
us,valley,8663
th,pong,14392
pl,wschowa,14458
pl,lwowek slaski,9657
nz,harihari,345
mx,tecoanapa,3675
in,gangawati,106259
be,ruiselede,5129
br,bela cruz,12715
jp,tadotsu,23515
bd,bhairab bazar,105470
br,maua,386077
us,la vergne,26412
ua,pryshyb,3365
ro,tamasi,6330
it,parabiago,25186
ch,rheinfelden,10657
se,staffanstorp,14192
ru,staropyshminsk,1679
pt,coimbra,106580
hn,guinope,2716
br,biritiba-mirim,26459
ru,verkhniy at-uryakh,57
ro,ponoarele,2906
pk,nankana sahib,56383
mx,itzincab,5013
ie,carrickmacross,3995
ee,korvekula,571
ph,maribong,3308
pa,bella vista,1104
na,rundu,58177
mx,villamar,3028
in,bankra,56278
br,encruzilhada,4711
ba,hadzici,7173
pa,pedregal,16287
nl,veendam,28099
it,padova,205247
in,medak,44356
dk,strib,4339
br,florianopolis,412731
nl,winschoten,18703
lu,hoscheid,319
in,kamalpur,5509
in,dostpur,12689
gb,york,144202
br,oeiras,21071
ci,mankono,25351
ve,carora,93803
ro,segarcea,7944
ma,asfi,328883
in,jagtial,99046
fr,bordeaux,219311
br,santa cruz das palmeiras,25801
br,vinhedo,56493
ru,bor,60648
pl,ropczyce,15254
ni,puerto cabezas,31050
ng,keffi,85919
na,bethanien,10400
jp,murakami,31334
jp,kesennuma,59117
ir,bardsir,37195
in,shiliguri,515623
gr,nea apollonia,1953
gh,aburi,15053
br,pereira barreto,22537
cn,honghu,175761
ru,yenotayevka,7985
ru,vanavara,3090
rs,melenci,6439
jp,naze,41366
ru,chernoistochinsk,3646
ro,catina,2436
ph,granada,2269
hu,balatonfured,13054
ru,valerianovsk,2152
ro,viseu de jos,5201
ro,giurgeni,1629
ro,dobromir,2597
ph,soyung,5418
no,kongsberg,17849
dk,struer,11317
ru,akhtyrskiy,19468
in,odlabari,12311
gb,dunblane,8056
us,lackawanna,18293
ua,serednye vodyane,5465
ru,morki,9568
ro,vladimir,3435
no,rypefjord,1741
fr,ris-orangis,24628
be,bievre,3207
us,mount pleasant,32929.7
ru,staromyshastovskaya,10625
ro,cerchezu,1548
ph,ramon,36307
mx,zongozotla,4467
cl,linares,69536
am,verin dvin,1853
rs,rusanj,4839
mx,reynosa,498670
at,ternitz,15153
br,nova esperanca,24833
ru,krasnogorskiy,7887.33
de,heppenheim,25580
co,sipi,332
bd,mirzapur,41142
tr,celaliye,7793
ru,novopavlovsk,24409
ru,kirgiz-miyaki,7673
it,valdagno,26435
bg,momcilgrad,6974
mx,tetela de ocampo,4234
mu,chemin grenier,12457
gr,ios,1803
ca,port-cartier,5851
ph,ramos,9054
ph,kibawe,5081
pa,balboa,807
us,south orange,17295
ru,krechevitsy,3287
rs,pocerski pricinovic,6187
gt,chiquimula,40669
at,wattens,7517
ca,kimberley,6513
bo,atocha,1833
pe,lima,7646786
gb,inverness,40755
gb,elie,949
bd,baniachang,37812
us,hillsdale,10075
lu,derenbach,287
in,ramkola,13950
gr,dikaia,737
de,mullheim,18518
dk,skaelskor,6455
cz,litvinov,27424
jp,chofu,212978
de,langenzenn,10767
tz,usagara,15514
ru,liman,8858
cn,changtu,71284
us,lake elsinore,40630
tw,luchou,203059
ru,kerchevskiy,2990
ru,agronom,3820
gh,cape coast,143044
at,vomp,4628
tr,hakkari,77739
ph,leganes,2463
it,casalecchio di reno,33288
is,laugarvatn,212
in,karwar,64462
cn,liaoyang,687890
de,neu-anspach,15609
ca,harbour breton,1898
ru,petrokamenskoye,3688
ru,noyabrsk,98278
ru,krasnyy kut,14956
ph,luuk datan,2567
mx,cajititlan,4855
it,cossato,15921
in,harsud,16738
gb,kilwinning,16000
gb,aberlady,876
co,tenza,1312
mx,charapan,3615
co,piedras,1173
be,putte,15276
br,coxim,30216
us,bayonet point,24618
ro,oravita,12332
it,san bonifacio,18684
gh,aflao,29991
fr,soyaux,10156
de,bergkamen,52670
nz,ruatoria,897
nl,strijen,9190
it,siena,47922
it,castano primo,10792
in,hindoria,15144
de,buren,22703
ru,utevka,4556
mx,playa del carmen,54346
jp,shintomi,20051
ie,clones,1834
ua,horlivka,278548
my,senai,73201
gt,moyuta,7978
be,zoutleeuw,7897
ch,giubiasco,7926
us,billings,99751
tr,milas,43215
ru,nolinsk,10282
ro,oprisor,3030
gr,emborion,1489.5
be,marchin,5063
tr,canakkale,87836
ru,uchkeken,15118
ro,vicovu de sus,14077
ph,lazi,3429
ki,buariki,2715
br,triunfo,9310
ca,ferme-neuve,2115
es,reinosa,10960
us,grand terrace,12518
ro,miclesti,2961
gb,barry,51681
fi,vammala,14982
ba,zabrisce,4261
in,remuna,30319
gr,lianoveryion,1712
cz,holysov,4562
ca,grand centre,12386
ca,saint-hyacinthe,50327
lu,landscheid,76
in,gwalior,882551
ee,kaiu,595
br,boquira,6306
br,amambai,20261
ph,uddiawan,3112
no,brandal,308
us,beloit,35210
tz,muleba,11555
ru,bezymyannyy,107
ro,valea seaca,4690.5
ro,siculeni,6806
in,saharanpur,484921
in,champawat,4669
gb,scalloway,809
fr,compiegne,41508
hn,la empalizada,933
ag,old road,623
af,tokzar,12021
cz,tovacov,2656
cu,guisa,18408
ba,jajce,9762
ir,behbahan,79335
us,north springfield,9342
pk,hala,47918
it,fucecchio,22187
in,nanguneri,6969
in,chhabra,25678
de,schmolln,13118
us,weatherford,16156.5
sn,ziguinchor,255391
ru,vorotynets,6606
ru,taseyevo,8479
ke,homa bay,40324
cr,orotina,6135
cn,buhe,106347
us,spearfish,9173
ro,olteni,3352
ph,san gregorio,3068
in,rohtak,317266
br,navirai,36453
am,pshatavan,2159
tr,golkoy,27418
jp,omigawa,25763
br,igarapava,29058
ph,manuk mangkaw,4981
in,ilampillai,11309
gr,katouna,2235
ru,kuvshinovo,10960
in,mudhol,47431
in,mandal,18411.5
cn,liusha,118023
de,hessisch oldendorf,19871
us,daytona beach,64661
pl,olsztyn,171803
hn,el escanito,1184
dk,viby,4505
de,butzbach,25804
ru,krasnyye tkachi,4054
ro,ocnita,4348
pt,arrifes,6981
no,levanger,8304
mx,panaba,5723
lk,homagama,34664
ca,les escoumins,2042
de,eching,13247
us,plainfield,28229
ua,horinchovo,2959
ru,leshukonskoye,4813
ro,ghimbav,4967
ro,cordun,7124
is,akranes,5606
in,banat,21582
id,ketanggungan,44288
so,hobyo,12564
ro,rosia montana,3776
pe,nazca,23662
no,batsfjord,2216
mx,ojuelos de jalisco,9827
gr,samos,6389
de,lemgo,42036
cn,nenjiang,87236
co,guamal,7021
br,regeneracao,13608
tr,silivri,53196
sl,daru,5159
ru,starotitarovskaya,12351
mx,sinaloa,4297
dk,krusa,1694
br,salvador,2711903
az,horadiz,2714
ru,nakhodka,146922
ng,uyo,124690
de,sehnde,22400
ru,salym,5605
ru,bolshaya atnya,3658
pk,kharan,30845
it,trento,106703
hu,bata,1891
cn,weihai,152595
ca,kenora,13075
th,phimai,13084
ru,khadyzhensk,21685
rs,lesnica,4715
ph,bagacay,3079.67
ph,anda,3160
lt,naujamiestis,770
jp,miyata,20421
in,irinjalakuda,29211
id,prambanan,44926
gb,whitburn,10137
gb,blackpool,143101
th,nang rong,21961
th,chaiyaphum,58350
mv,kudahuvadhoo,1320
it,vicenza,108636
uy,paso de carrasco,13846
ua,lebedyn,16048.5
pt,santo antonio da charneca,11143
jp,kitami,113138
it,monselice,16815
ba,fojnica,8244
ro,copaceni,3013
ph,natulongan,3165
gr,kokkinon,744
es,zamora,63160
uz,pop,22122
ro,grajduri,3264
pl,wloszczowa,10661
ph,abiera,2394
it,lugo,32235
ca,grand bend,2059
vn,hanoi,1431377
ru,chernyanka,15261
pe,talavera,7414
it,penne,13394
co,california,573
ly,hun,18878
uz,krasnogorskiy,11762
ru,sinegorsk,2444
in,dhekiajuli,21272
bw,gaborone,208411
us,league city,61894
us,pekin,32743
td,beboto,5432
ru,zalesovo,7936
ru,vysotsk,1873
ru,nozhay-yurt,5073
it,aulla,10492
ru,yalutorovsk,35892
ru,kunashak,5950
ph,polo,2785.25
nu,tuapa,126
it,torre santa susanna,10575
in,varangaon,44066
in,taleigao,17148
hu,lajosmizse,11034
sv,delgado,71593
ro,salva,4368
kz,gulshat,891
in,sabathu,6692
br,formosa do rio preto,14365
ru,andra,2013
in,berasia,27093
br,santa isabel do rio negro,4142
us,wildwood,35007
pl,gniezno,70269
gb,kirkton of largo,496
br,coreau,12383
tr,patnos,87490
jp,fujisawa,394630
br,crixas,11560
us,west saint paul,19195
us,payette,7525
ru,plastun,6082
ro,trifesti,5125
ro,garcovu,2684
pt,rebordosa,11490
gb,helmsdale,637
be,herstappe,93
br,itumbiara,79583
us,west des moines,55279
to,hihifo,815
ru,foki,3792
ph,banaue,2497
mx,cedral,9475
in,nagram,9859
hu,zagyvaszanto,2067
fr,chateaurenard,14088
co,funes,2508
no,magnor,1006
jp,kasaoka,58461
it,manduria,30534
fr,bihorel,8954
co,el dovio,7943
us,bexley,12244
ug,adjumani,26774
ru,yuganets,2991
ro,salistea,2328
ph,pangapisan,2602
hu,ujkigyos,5602
gr,ayios loukas,1310.5
zw,rusape,23761
ua,korostyshiv,25099
mx,durango,457154
lu,remich,3187
lu,colpach-haut,152
il,bene beraq,140849
fr,vernon,24688
et,gelemso,16067
br,linhares,105084
ru,nizhneangarsk,5493
ru,marfino,3499.5
ru,kurkent,3224
ro,matca,11642
ro,istria,2591
no,setermoen,2358
in,muzhappilangad,23033
gr,ayia trias,1810.67
ch,teufen,5621
vu,sola,1171
us,pearl,23272
de,unterhaching,20751
br,palmeiras de goias,13573
za,hendrina,15871
si,kranjska gora,1414
ru,dedovichi,9606
ph,domanpot,5340
mx,santa isabel,21152
in,panaji,65593
us,eatonton,6988
us,kenai,7610
tz,magugu,26132
ro,baneasa,4348.67
ph,lacdayan,2642
mx,san roque,4875
hu,jardanhaza,1938
de,schwarzenbek,15310
dk,aalestrup,2787
de,schiffdorf,14424
us,norland,23604
rs,zajecar,39849
ph,bacungan,3873
it,sesto calende,10402
it,cerea,16046
id,situbondo,51058
cl,la serena,154523
cn,ningxiang,55312
us,burbank,66355
ru,sredneuralsk,19616
ph,ula,2689
il,even yehuda,9091
bf,hounde,23617
us,marlborough,38334
ua,voznesenka,4917
ru,kholmogory,4417
nu,makefu,85
gb,newcastleton,751
us,minnehaha,7283
ru,aromashevo,5573
gb,fochabers,1494
bg,radomir,14971
us,brooklyn center,27718
ro,alimpesti,2232
it,zagarolo,14410
gr,piryion,1002
br,parati,15118
ru,tashtyp,6379
pa,plaza de caisan,1121
jp,tsubame,44284
cz,vikyrovice,2014
ro,maureni,2553
ph,andili,4400
gr,falanna,3557
cn,mingguang,68351
br,guaranesia,17437
tz,mbinga,25192
ru,molokovo,2490
ro,izvoru crisului,1638
cz,benesov,16321
es,el ejido,63155
ve,calabozo,117148
us,mineral wells,16993
mx,cuanajo,5110
kz,zholymbet,6876
fr,ajaccio,51058
bg,haskovo,78865
ru,yanaul,27963
ca,trois-pistoles,3695
ru,mozhaysk,31557
lt,rietavas,3737
hn,armenia,1488
bg,suvorovo,4514
ru,kirovsk,27142
it,partanna,11852
ca,dolbeau,12916
us,barrow,4336
ro,roznov,8688
mx,tapanatepec,7208
it,acqui terme,19410
ie,kilcock,3293
de,schwalmtal,19510
pt,turquel,4434
mx,rinconada,6687
tz,micheweni,9838
tz,masuguru,7946
ro,tanacu,5986
ph,pindasan,5254
no,gol,2521
it,caserta,78598
in,somvarpet,7228
gt,chiantla,8290
cn,langxiang,57318
bg,harmanli,20065
de,seevetal,41557
ru,sovetskaya gavan,29740
ru,komsomolskiy,4288.88
ro,galbenu,3572
fr,meyzieu,28198
co,cucuta,721406
am,sisavan,1793
cr,canas,20309
us,cortland,18017
us,northampton,19712.5
us,evansville,115474
ru,kanelovskaya,4332
lu,bigelbach,79
kg,toktogul,19336
br,campina grande do sul,31112
au,warragul,9128
ca,winkler,8270
ru,shushary,15503
ru,shumskiy,3095
ru,puksoozero,2086
ro,ezeris,1362
pk,lakhi,13600
in,igatpuri,35463
au,medowie,5841
us,merced,72619
ru,bolshiye uki,4331
ph,lacson,3970
mx,suchiapa,13282
id,sawangan,114063
br,coruripe,31428
in,biaora,41993
hu,fertorakos,2179
ec,atuntaqui,17456
ws,sauniatu,81
no,seljord,1187
in,ghaziabad,1199306
dk,hirtshals,6653
cn,linxi,100316
de,uberlingen,21613
sz,lavumisa,1300
ru,severomorsk,53921
in,tirodi,8871
hn,la entrada,14705
br,tambau,19957
ro,valea crisului,3405
ph,halayhayin,3834
es,guia de isora,16454
th,non sang,11819
ru,krutaya gorka,6779
ro,filipestii de targ,7794
no,andselv,700
gd,sauteurs,1320
eg,tanta,404934
cn,tianmen,224871
ru,sokolovyy,6183
ro,poeni,3335
ph,semirara,5470
gt,el tumbador,7406
gl,itterajivit,15
fo,skalavik,171
co,mallama,1788
us,moultonborough,5034
us,sauk rapids,12321
ug,ibanda,24704
ro,hidiselu de sus,3262
ro,copsa mica,5350
ro,cerna,4279
mx,cheran,12949
mu,plaines des papayes,7617
hu,zomba,2286
fr,dole,24186
br,camacari,188763
ws,sasina,566
ph,sara,4062
jp,shisui,19904
jp,hirata,28154
in,srivilliputtur,74377
gr,mandra,11294
gr,kharopon,1523
co,guayabal,5340
ru,yelovo,5570
ro,comarnic,13255
ph,panadtaban,2324
mx,las margaritas,16201
hu,zalaszentgrot,7796
ca,grand forks,4208
us,ware,11610
ru,provideniya,2536
ph,minolos,2355
pa,palmas bellas,1274
mx,zozocolco,3370
in,kasrawad,21486
hu,kotaj,4553
fr,florange,10533
bw,thamaga,20757
ru,sinegorskiy,3770
gt,rabinal,12641
co,florida,47173
de,traunreut,21535
ro,pestisani,4187
ph,siempre viva,3904
ph,libona,5713
mx,rio grande,29842
lu,prettange,101
hu,opalyi,3035
de,genthin,14573
ec,machachi,25742
de,visselhovede,10757
us,scotts valley,11120
sl,masoyila,3526
pl,bielsko-biala,176515
ph,san lucas,2268
de,cottbus,115246
us,bay shore,24969
ph,toritori,2076
in,dharmabad,32354
gt,san jose poaquil,5864
cz,roztoky,5910
ru,botlikh,11131
ru,balasheyka,3080
ph,canayan,4639
it,ruffano,9186
gb,torquay,65389
de,geilenkirchen,28587
am,lenughi,1499
ru,zyukayka,4556
ro,madaras,2964
pl,pionki,19966
mx,altamira,54956
gt,san sebastian coatan,784
de,lorsch,12829
cn,shilong,109733
ru,kazminskoye,6078
ru,bogolyubovo,4121
no,tonstad,756
ng,lagos,8789133
it,spinea,25198
in,khategaon,23407
br,sume,10441
de,freising,42322
us,somerville,43784.5
ro,gradistea,3459.75
ph,gabi,3064
np,tulsipur,39061
mx,uriangato,49747
it,lauria,13507
in,dohrighat,11182
gt,san bartolo,1264
fr,saint-remy-de-provence,10211
us,west university place,15107
ua,nova odesa,13547
ru,komsomolsk,5861
ru,alagir,21542
ph,cabilauan,2077
br,santana do acarau,14707
us,cranford,22627
ru,predivinsk,2028
gt,sipacapa,647
de,steinau,11199
be,oudenaarde,27935
us,statesboro,24558
ua,sadzhavka,3278
ph,rizal,4989.75
in,kannangad,68456
br,codajas,11185
cm,mokolo,275750
sv,la libertad,16855
ru,kamyshlov,28006
ke,makueni,20681
fr,saint-mande,20516
fr,bollene,14470
ba,omarska,6466
be,de panne,9799
us,south miami,12169
ro,savinesti,6012
lu,folschette,289
cu,mayari,83631
ar,lincoln,24798
us,rio grande,41218
pt,alenquer,9626
br,descalvado,26138
uz,gagarin,24856
ru,amurzet,5213
ro,garnic,1480
ro,feldioara,6307
ph,ogod,2948
mx,jaltenco,9603
us,east hartford,50160
ru,nekrasovka,8576.5
ro,constanta,303401
ph,cabangahan,3285
no,alta,12101
me,podgorica,156988
hu,mucsony,3486
it,alassio,10384
cz,bor,3944
us,lynnfield,11748
ua,zaliztsi,2612
ph,calategas,4542
it,pistoia,85267
in,narasimharajapura,7776
gb,eaton socon,12712
bo,totoral,1645
bd,lalmohan,42225
za,uitenhage,228924
ru,yanchukan,529
ph,san francisco,4673.15
ph,paombong,41384
nl,heerenveen,43715
az,vurgun,2635
cn,lingyuan,91418
ro,jidvei,5146
mg,antalaha,34112
it,melito di napoli,41291
gt,chiche,2357
tr,idil,22972
ru,vysokaya gora,8013
pt,vila real,17001
ca,kingston,114243
de,halle,126686
ro,oporelu,1265
ph,solsona,3725
br,horizonte,51181
ca,sydney mines,15474
ru,glinka,1964
ro,strejesti,3404
ph,tokawal,3435
jp,tarui,29070
in,shrirampur,226338
fr,bischheim,17164
us,pascagoula,25621
hu,vasarosnameny,9310
de,gummersbach,53244
us,athens,17484.2
rs,zabalj,9844
it,assisi,25749
br,lages,164679
rw,gikongoro,33832
ro,sura mare,3253
it,taviano,12797
hu,vaja,3774
fr,cluses,18907
br,rio das pedras,23722
am,vostan,2925
us,fort myers beach,6876
us,cortez,8285
ua,komyshuvakha,5231
sv,jucuapa,10601
pt,vialonga,16087
pa,santo domingo,1524
gr,neos marmaras,3013
ru,prigorodnyy,3222
cl,penco,46091
bg,vidin,50315
be,beersel,23228
us,sandusky,26428
ru,uralskiy,5490
fi,laukaa,17093
co,titiribi,3787
us,gatesville,15489
tz,morogoro,250914
tn,jamnah,6254
ru,bolshiye kolpany,4214
rs,alibunar,3353
ro,solca,4391
ro,oncesti,1686
it,matino,11410
il,kafar kama,2990
gr,pedini,2128
de,pfullingen,18426
us,taylors,20184
us,lansing,52068
ro,rona de jos,2089
ph,kalandagan,2137
no,uthaug,415
in,ghiror,14012
cn,jishu,103988
de,spenge,15569
co,fuente de oro,3610
br,pacatuba,28954
ua,bytkiv,4112
ir,kerman,577547
in,egra,32866
ch,schwyz,14425
ru,ternovskaya,6643
ru,syava,5339
ro,cosmesti,4630.5
in,barka kana,18184
cn,botou,63045
us,wolf trap,14561
us,ludlow,22201
tz,usoke,7295
nl,heiloo,22526
lu,elvange,404.5
hn,la lima,45962
fr,sarrebourg,13458
us,downers grove,49504
lt,tytuvenai,2770
id,sijunjung,27787
at,zirl,6567
eg,akhmim,99459
uz,karmana,23007
th,ko samui,39681
sl,lunsar,21650
mx,lazaro cardenas,84005
gr,kato tithorea,2753
pl,walcz,25971
pa,chepo,15338
no,verdalsora,7225
jp,tonami,42692
it,pisticci,17393
cz,nachod,21196
sv,san agustin,2149
ph,mahabang parang,2791
no,ovre ardal,3439
in,shirhatti,16605
in,bakewar,14219
gb,carstairs,691
br,guaxupe,47890
cy,lapithos,5215
bd,gaurnadi,40524
id,mojosari,36298
hn,jerico,2364
ru,novolvovsk,1973
py,yuty,4774
br,janauba,56573
es,mataro,114923
br,penalva,17186
us,north new hyde park,14514
tg,tchamba,24069
so,dujuma,2432
dk,norre alslev,2128
cz,vresina,2328
rs,kikinda,41704
ph,santo tomas,6648.17
ph,dagami,4387
ml,kidal,11642
jp,niimi,23787
gt,santa eulalia,4820
us,corrales,7678
us,bridgton,6351
gb,bridgend,41352
us,fair lawn,31503
tn,tabursuq,12727
ro,solont,3866
cn,chizhou,148375
be,keerbergen,12363
ru,cheremshanka,1161
pt,poceirao,4225
ph,mandaue,288898
mx,atzitzintla,3424
in,mankapur,9747
be,saint-leger,3092
ru,mikhaylovskaya,8050
ph,sual,5290
ph,kablon,4852
ng,ughelli,79993
in,titagarh,127763
us,beaver falls,9504
us,newnan,23409
ro,surduc,3934
mx,arandas,43344
it,biassono,12090
gb,peterhead,17627
br,capao da canoa,35896
pl,mikolow,38650
ph,lallayug,2102
hn,copan,6337
bz,san ignacio,16813
us,south hadley,17652
ro,cetateni,3032
pt,vilarinho,4177
am,aygavan,3758
ru,mizur,2934
pt,braga,121393
in,amod,18742
cn,lushunkou,82345
de,esslingen,92710
us,hobart,28008
nl,ootmarsum,4748
do,pimentel,9550
cr,sabanilla,13253
us,enfield,4969
sl,kambia,10279
nz,maungaturoto,790
hu,mezotur,19168
gr,rizoma,1410
br,piritiba,16230
us,west seneca,44712
us,amityville,9566
tz,ikwiriri,13071
ru,suzdal,11183
ru,podyuga,2977
ro,beriu,3309
pt,satao,4034
br,miranorte,12446
pt,luz,3627
ph,lumasal,3876
nl,moerdijk,36518
ir,ardistan,16058
au,crib point,6908
cu,colombia,20096
br,abaete,20371
us,bennington,18272
gt,jutiapa,33626
th,si sa ket,44751
ru,tulun,51331
ru,kolpino,136078
ro,ghergheasa,2726
ro,doicesti,4727
ph,mabusag,2249
ph,ivisan,5036
ph,anibongan,2468
it,goito,10185
fr,obernai,11146
ca,saint-sauveur-des-monts,4869
es,puertollano,49130
us,sand springs,17826
ru,kulotino,3352
no,hjukse,376
mx,dulce grande,5426
am,shenavan,1672
za,witbank,262514
ua,zatyshshya,3327
sa,turayf,32654
gr,panormos,1157
cd,ilebo,107086
us,gorham,22308
ua,slavuta,33080
lu,noertrange,274
in,sringeri,4272
hu,kozarmisleny,4093
gy,new amsterdam,35039
gb,stranraer,10582
ca,fort saint james,2392
ua,bilopillya,17824
ph,muladbucad,3988
mw,blantyre,584870
fr,les clayes-sous-bois,17491
ca,thurso,2476
cu,nueva gerona,20264
ug,kalangala,3731
ro,targu ocna,13127
jp,minokamo,53968
gr,amarousion,72310
ca,milverton,1803
de,netphen,25187
ng,maiduguri,1112511
ee,suigu,295
es,pilas,11480
mv,kulhudhuffushi,7775
ba,ostrozac,5456
ca,lanigan,1204
de,hamminkeln,27755
ro,alunu,4495
ph,gandara,3982
hu,asotthalom,4134
cl,angol,44856
cr,naranjo,11856
us,freehold,11558
ru,silikatnyy,3614
mx,chihuahua,708292
lv,saulkrasti,3184
gt,jerez,4330
cn,gushi,80666
ru,dneprovskaya,3236
ph,pacol,19839
mx,sarabia,5091
jp,obama,32896
it,como,78582
et,jimma,128330
so,afgoye,65461
ru,pokrovka,5502
ru,ikovka,5243
de,illingen,18312
bf,tenkodogo,37123
eg,fowa,63310
ru,polunochnoye,2848
nl,middelharnis,17971
fr,saint-dizier,29573
fr,creutzwald,13970
za,queenstown,105315
cn,caidian,71891
us,sun prairie,25561
us,ridgecrest,26110
ru,gribanovskiy,17220
ph,masaba,2456
ng,ankpa,61691
co,vegachi,9618
br,tres lagoas,78714
us,vernon,20302.5
pk,jalalpur jattan,93910
ph,pimbalayan,2143
pg,samarai,1638
it,finale emilia,15665
ir,qarchak,251857
ir,pishva,53861
gp,gourbeyre,8572
gh,konongo,26909
de,hattingen,58076
bf,diapaga,24302
za,butterworth,34353
ro,cornereva,3291
pl,dzierzoniow,34888
ph,bantacan,3299
in,gossaigaon,13933
it,saviano,15792
it,recanati,20540
bg,plackovci,2098
cn,loudi,150684
br,barras,21597
us,donna,15879
ir,baneh,104939
br,areia,13825
bg,bregovo,2629
co,valparaiso,3696.5
us,high point,94281
ru,borodinskiy,6447
hn,la jigua,971
fr,abbeville,25274
co,trujillo,5874
ca,cumberland,2630
in,purwa,22223
hu,elek,5465
cn,yizheng,176006
cn,daokou,56637
ye,ibb,234992
no,voll,461
in,kannauj,76721
tr,isparta,172424
ph,taal,39761
nl,rijssen,36244
gr,kastron,818
gl,timerliit,7
us,edgewater,15542
in,ambikapur,72829
de,senftenberg,28812
co,zapatoca,6052
co,san juan de betulia,9092
ca,clyde river,1017
bo,guayaramerin,36010
us,garfield,29614
ua,ochakiv,16300
se,falun,35385
cz,roudnice,13114
de,nidda,18335
tr,siirt,114094
sk,poprad,57431
ru,udobnaya,5519
ro,doclin,1979
mx,plateros,4158
fr,limoges,134549
br,conceicao do mato dentro,10708
am,aygezard,3192
br,itaueira,5146
cn,fushun,1400646
se,ljungby,14272
ph,quipot,3087.67
in,arki,3293
co,sevilla,41613
ru,vurnary,10825
ru,nizhneshilovka,5090
ru,kadnikov,5312
it,cornedo vicentino,11378
fr,sannois,25858
br,biguacu,51993
no,snasa,748
mx,espita,9960
gb,longniddry,2482
us,kihei,20707
tn,rafraf,9255
ru,meshchovsk,4386
ro,adunatii-copaceni,6584
my,pekan nenas,23293
in,ranaghat,70991
br,campo bom,54762
bo,san javier,7025
pl,grudziadz,99486
lu,stolzembourg,183
jp,kamagaya,106288
ec,daule,48505
ca,grande prairie,41463
cn,wufeng,101728
pl,czeladz,34308
ph,tinang,4217
no,bud,779
mx,tetelzingo,4193
it,squinzano,15156
br,alterosa,9277
de,olbernhau,11206
ru,spornoye,854
ru,kalikino,3352
mx,cuautlalpan,8176
jp,ube,173735
cn,quanzhou,184143
ro,ciucea,4393
in,bijapur,271087
in,badvel,16238
gt,villa nueva,397158
tr,denizli,313402
sr,nieuw amsterdam,4935
nl,brielle,16070
ca,kitimat,10278
br,cassilandia,18498
ru,tigil,1993
ru,muslyumovo,7406
ru,duminichi,7779
ir,saveh,175545
in,pale,5428
in,jashpurnagar,22609
td,bol,10551
ru,poputnaya,6279
ph,guintubhan,2330
mx,calmeca,4918
it,san salvo,19249
in,katihar,192575
gr,sardinia,1064
cz,havlickuv brod,24373
us,tiburon,8632
us,juneau,31796
rs,lucani,4324
ph,santa justina,5712
ph,balucuc,9214
pe,contamana,13947
it,marigliano,31772
in,piravam,28254
pk,warburton,24294
mr,nouakchott,709835
in,pali,80168.7
hn,el juncal,1286
gb,leighton buzzard,33467
es,la baneza,10019
ru,zubutli-miatli,4918
pl,staszow,15553
it,alberobello,11112
in,tekanpur,13683
fr,saint-malo,52909
ve,villa del rosario,65025
ph,lanuza,2033
gq,mbini,4061
ru,beloostrov,1654
ph,biabas,2381
lt,ziezmariai,4061
in,kuchaman,56729
gb,alyth,2354
fr,la motte-servolex,12172
be,bocholt,12346
am,brnakot,1912
pl,chelmza,15403
ph,mulanay,7643
mx,texmelucan,75906
ga,kango,1516
ru,tbilisskaya,24446
pa,los santos,5971
in,jha jha,38628
in,charkhari,24883
hu,kiskore,3038
us,mayfield,10153
ro,homorod,2344
ht,leogane,11545
us,middleton,13073.5
us,lemont,15042
mx,cansahcab,4582
in,jua,5470
id,banjar,37282
cz,novy bor,12325
us,lino lakes,20095
ru,uglovka,3472
mx,cuanala,5230
is,bolungarvik,918
in,moga,130559
hu,erd,59242
de,oberkirch,20264
ru,ulyanovka,9197
ph,rawis,4551
mx,atlixco,85894
hn,san antonio del norte,1002
gr,poliplatanos,892
tr,hayrabolu,19803
ru,volya,7869
ru,shumyachi,4607
ph,suba,2965
mx,rincon de tamayo,10015
ch,sarnen,9405
ca,salaberry-de-valleyfield,38662
ro,baita,4183
ph,new lagao,2223
pe,chilca,14216
nz,oxford,1776
br,pacajus,41558
bg,ugarcin,2896
us,ferguson,21519
us,cudahy,21852.5
ru,srednyaya akhtuba,13887
ro,valea argovei,2756
pl,myszkow,33273
gr,vathilakkos,2218
gr,traganon,2414
gr,pappados,1534
de,kaarst,42876
ph,malatap,2157
mx,xochiltenango,8337
tr,imamoglu,31932
ru,ordzhonikidzevskiy,3246
ro,desesti,2580
mx,mapastepec,16082
gq,micomeseng,5818
ge,martvili,5484
br,itaparica,20101
us,economy,9334
mx,gonzalez,11098
lt,kudirkos naumiestis,1962
fr,courcouronnes,14617
ee,orava,300
be,ciney,14830
py,itape,1641
gr,paramithia,2569
ua,lypnyazhka,4272
ru,krasnaya gora,6468
ph,mabilog,2581
it,perugia,157077
it,imperia,39987
it,arzachena,11716
ir,juybar,28406
us,casselberry,23821
rs,krupanj,4913
ro,matei,2949
ro,halmeu,7184
in,talaja,29950
be,opglabbeek,9452
ua,rozivka,4197
ru,sary-tyuz,3188
kz,shubarkuduk,11733
in,chinchani,14357
vc,kingstown,17995
tm,seydi,17761
mx,minas de barroteran,8482
in,dehri,129952
in,chirawa,41322
in,ariyalur,29146
us,okemos,23926
sv,acajutla,22764
no,vikesa,713
mx,tres picos,4881
mx,juchitepec,14870
co,el dorado,1011
us,west monroe,12900
ru,leninskoye,6075
ru,baltiysk,34541
ro,harau,2098
pl,rumia,44791
mx,tequixquitla,12548
in,kaikalur,20763
hu,babolna,3885
de,ludinghausen,24218
ro,meresti,1395
pk,hangu,36152
ph,bakhawan,2661
mg,fianarantsoa,167240
it,venice,259126
in,methala,42444
sk,trencianske teplice,4438
ru,tishchenskoye,3437
ro,valu lui traian,8733
mk,vasilevo,12382
it,san pietro in casale,10667
ir,qom,1011103
in,bandikui,16166
br,telemaco borba,58880
us,oregon,19408
ru,pereslavl-zalesskiy,43490
py,atyra,4769
pk,ranipur,22496
ph,linan,3160
pe,ayna,4609
in,attingal,36599
gr,kalivai poliyirou,1147
fr,moissy-cramayel,16104
ee,esku,413
ph,linao,3530
kz,shymkent,414059
in,saurikh,12056
ca,chesterville,1582
mq,riviere-pilote,13360
lu,wellenstein,499
in,handwara,12639
de,velten,11697
cl,tome,46698
by,brest,300716
br,reserva,11097
ve,tacarigua,39215
ru,chita,308294
co,marsella,11158
ca,raymond,3365
ca,saint anthony,2492
am,bagratashen,3024
us,pepperell,17453
ru,povolzhskiy,8952
in,suratgarh,63158
id,baki,58916
gb,nelson,29317
co,yali,3908
br,anapolis,319592
cm,dibombari,4811
th,phanom thuan,12469
sn,oussouye,7107
ru,bilimbay,5875
fr,verneuil-sur-seine,16261
de,sankt leon-rot,12143
ua,sumy,294454
pa,pueblo viejo,1042
hn,las tapias,814
ge,kojori,678
af,bagrami,30256
ru,betlitsa,3825
gr,nea stira,1061
de,betzdorf,10615
ug,lugazi,35038
ph,initao,9922
nz,outram,657
hu,cserszegtomaj,1941
za,cradock,32900
pl,wroclaw,634893
ph,rominimbang,2485
ph,linay,2657
ph,del pilar,14634
ca,picton,4820
ca,parrsboro,1472
ro,mihalaseni,2438
in,banda,90607
hu,tet,4104
sl,magburaka,13937
ro,chislaz,3386
ph,talugtug,6306
ci,tabou,21511
dk,aars,7247
us,knoxville,172474
us,green valley,16700.5
ro,galesti,2894
pt,vilar de andorinho,18944
ph,tuburan,6079.5
ph,jagupit,2157
ni,esteli,91687
jo,suf,14017
us,hayesville,20021
ru,vad,6645
at,nenzing,5856
us,sapulpa,19825
it,urbino,15284
br,centenario do sul,8358
cz,adamov,4951
hu,csemo,4411
us,brighton,32586
ro,balasesti,2534
ph,kinatakutan,2703
jp,yokote,39178
in,kalaikunda,3232
gb,ayr,45514
co,tibu,13566
ca,pictou,3732
de,rodgau,43760
ru,soltsy,11093
hu,magyarbanhegyes,2634
fr,septemes-les-vallons,10165
br,buriti bravo,17693
de,iserlohn,98190
ua,kushnytsya,4508
ru,krasnyy mayak,856
ru,dalnegorsk,38454
ph,balading,2755
jp,kaizuka,92633
hn,cane,2190
cy,paralimni,11838
mx,zapotlanejo,29055
mt,xewkija,3303
ke,luanda,10053
es,malgrat de mar,15524
ph,inangatan,3215
ph,bitaogan,2145
in,keshorai patan,23466
cn,hutang,56370
ve,el tocuyo,53108
ru,tsentralnyy,2163
ph,bacnar,4606
mx,teontepec,5475
au,busselton,12374
ru,demyanovo,6228
in,jasdan,43864
gb,llanelli,47206
cn,shashi,498780
rs,palic,7822
qa,doha,344939
gr,kalivia thorikou,14712
gr,amfiklia,3674
lu,schwebach,55
gt,olintepeque,28239
ar,san vicente,84333
co,lloro,2651
ro,vargata,1976
ro,covasna,10979
mk,brvenica,16267
gr,lardos,1348
bo,comarapa,4446
de,lindenberg,11614
al,koplik,4078
ru,otrado-olginskoye,3365
ro,rotunda,3194
ro,amarasti,2109
gn,tougue,25530
bt,punakha,18170
ru,yusva,4556
ru,minyar,10664
cn,yigou,59073
us,sylacauga,12543
ru,borgustanskaya,4250
mm,sagaing,78749
lu,girsterklaus,12
jp,mizusawa,61281
br,piquete,13845
th,nam som,19324
ph,butag,2833
jp,miyakonojo,130995
co,altos del rosario,5220
br,fortuna,9755
be,kapelle-op-den-bos,8859
br,barbacena,122213
kz,ayagoz,33479
it,viareggio,59866
ca,fernie,5019
ar,san juan,469958
cz,klimkovice,3755
vn,tan an,64806
ru,kyshtym,41625
rs,kovacica,6693
pl,nisko,15573
ph,pooc,2220
is,grindavik,2539
be,ostend,69011
pt,arrifana,6927
gr,asvestokhorion,5345
fr,muret,22819
cu,rio cauto,23737
cn,bozhou,174140
ca,alexandria,3559
cz,moravsky beroun,3418
th,warin chamrap,43102
ph,matiao,2814
it,collegno,17767
in,sarangpur,35831
in,sadalgi,22137
ee,vihtra,309
tz,makungu,10291
ru,isheyevka,9944
pt,lourosa,9619
mx,tenosique,32415
ki,tabukiniberu,1993
in,loyabad,33165
gr,oraiokastron,15006
ch,neuenkirch,5683
de,guben,21602
us,ferry pass,27810
ua,zachepylivka,4217
ua,kivsharivka,19738
ro,medias,53041
pl,miechow,11735
ph,gadu,2902
mx,juchitlan,3717
it,fidenza,24218
de,rheinau,10885
cr,guapiles,19097
us,boca raton,80689
ru,ob,24239
ph,tabu,6143
lk,kotikawatta,64565
jp,itoigawa,30866
br,sao luis do quitunde,20564
dk,kolt,5061
ca,goderich,8032
ru,elbrusskiy,243
ph,cantil,2648
mk,staravina,285
ke,kerugoya,15287
in,srirampur,18682
hn,el guantillo,1223
gr,apollonia,1054
gb,formby,24225
fr,villerupt,9514
ro,vrancioaia,3018
us,covina,48688
ro,recas,8508
fr,la crau,17335
fr,boulogne-sur-mer,45715
ru,vorgashor,18158
in,khajuraho,25681
fr,cholet,54292
cl,canete,20158
de,augustdorf,10275
pk,islamkot,12426
lt,visaginas,28350
tn,tuzah,6085
ru,kraskino,3369
pe,chicama,14982
in,tumsar,43222
hu,nagyvenyim,3949
am,gyulagarak,2109
us,sycamore,14145
no,velde,441
my,bedong,47598
de,schkeuditz,19337
ru,vilyuysk,9949
ro,gostinu,2388
lv,salaspils,17606
co,guaca,1637
co,el banco,54524
pt,nelas,4190
no,fosser,569
it,monteprandone,11113
hu,vecses,19327
gb,long eaton,47898
cn,nantai,56478
ro,leresti,4960
lu,nocher,233
it,san remo,49053
in,uran,25600
es,san bartolome de tirajana,37575
de,kreuzau,18670
de,bretzfeld,12223
de,feldkirchen-westerham,10177
ws,lalomanu,704
so,barawe,27067
in,maindargi,11445
gt,san sebastian huehuetenango,1284
us,pompano beach,89715
ro,santandrei,3902
ph,gabaldon,7259
mx,vista hermosa,7962.5
au,hastings,6583
cn,anqiu,105665
br,sao paulo do potengi,9334
ro,ulma,2285
jp,akashi,297281
de,dachau,39815
de,siegburg,38818
pk,kasur,290728
no,fagernes,1813
hu,fehervarcsurgo,1886
gh,ejura,43403
gh,agogo,37123
ws,manunu,284
us,river edge,10970
ua,petrykivka,4896
nz,taupo,22469
co,san joaquin,844
co,barichara,4150
cz,studenka,10503
ch,mendrisio,6192
de,haltern,38212
sd,uwayl,38745
co,rafael reyes,4084
br,itacare,12490
co,ventaquemada,1680
tr,sinop,34827
ru,starokucherganovka,5658
ro,sanpetru-de-campie,3142
ph,tayabo,4406
in,sendhwa,54535
ca,digby,2052
br,guaruja,310430
ca,lethbridge,70619
sd,bara,16969
ru,olymskiy,3128
nz,otaki,6086
nl,aalburg,12472
mx,felipe carrillo puerto,23109
gb,harthill,3464
cn,taonan,112819
sk,bojnice,5006
ru,sretensk,7698
ru,nizhniy odes,11165
no,lokken verk,916
cz,lazne bohdanec,3083
de,kall,12074
ro,ulmi,5752.5
ro,furculesti,3872
no,fedje,480
in,mainaguri,29462
gr,ayia paraskevi,13266.4
us,ives estates,20043
ro,scobinti,7618
in,melur,33842
be,bierbeek,8994
cz,krupka,13281
th,kanchanaburi,63699
ru,gornyak,14807.5
ph,camaligan,5950
in,shamgarh,23078
hn,mata de platano,1151
cu,baguanos,15176
es,camas,25622
ru,zdvinsk,5539
ru,vershino-darasunskiy,6451
mx,huitzuco,16238
in,kosamba,33221
br,surubim,34581
de,ostfildern,34162
us,white plains,57260
us,east northport,20887
us,fairview heights,15362
us,cullman,14796
se,upplands-vasby,36535
ru,verkhnebakanskiy,6746
ru,akhtanizovskaya,3342
ph,bagac,3969
mm,myanaung,42252
us,diamond bar,58935
ua,zhuravka,2900
ru,severnyy-kospashskiy,2212
no,geilo,2289
cz,kryry,2434
br,sao joao,6926
ru,sosnovo,5923
ru,kavkazskaya,11680
ph,santander,2541
mx,xocotla,4736
it,agrigento,55402
cz,hodkovice nad mohelkou,2588
co,cuitiva,233
de,barth,9344
us,palm springs,30504.5
ru,overyata,4507
pk,kahna nau,45885
jp,konan,100390
in,kannod,15872
co,molagavita,1205
am,margahovit,3308
us,north salt lake,9667
us,abbeville,11558
pk,bhera,31790
ca,saint-michel-des-saints,1835
de,ludwigsburg,87855
ru,lyaskelya,3571
ro,valea salciei,862
pt,sao pedro do sul,4080
no,sauda,4313
it,lanuvio,11458
ru,umba,6128
lu,filsdorf,371
co,acaricuara,430
be,waterloo,28910
zm,mporokoso,3401
yt,boueni,5335
br,tapaua,13211
th,ratchaburi,92448
ro,ulmu,3162
ph,linabuan sur,2789
gb,haverfordwest,13469
co,valencia,10653
ws,vailoa,336
ph,aliang,2642
no,lakselv,2167
fr,somain,12132
co,raquira,2120
de,oberhausen,220916
sk,senec,14673
sk,rajec,6400
lu,beyren,312
ee,tilsi,430
ua,tarutyne,5988
ph,bagan,2230
br,varzea paulista,110938
be,dalhem,6391
us,indian harbour beach,8579
ru,lobanovo,3563
ro,racoasa,3463
in,nayagarh,16002
us,summit,15765.5
us,chula vista,213032
ru,sudzha,6940
ru,kyzyl-mazhalyk,5004
ru,chernaya kholunitsa,1539
ro,baiut,2652
ph,puting kahoy,4046
gb,kirkby,39208
ca,trail,9707
de,numbrecht,17492
ro,certeju de sus,3422
pk,pindi gheb,34311
us,ipswich,18768
ph,dicabisagan,3503
gt,chuarrancho,7001
gr,nauplion,14582
th,betong,29604
no,nodeland,1815
cn,tieli,109636
de,regen,12591
cm,bafoussam,290798
us,eau claire,62852
us,east saint louis,29773
us,preston,4957
pe,requena,20494
mx,marquelia,6874
lt,dusetos,833
gt,nuevo progreso,7947
us,harlingen,63159
ru,lenina,5259
ro,stolnici,3784
nz,halcombe,446
mx,kantunil,3414
lv,zilupe,1897
hn,tegucigalpa,850961
al,milot,2157
ua,karlivka,17226
ru,blizhne-pesochnoye,2634
ph,bagahanglad,2649
no,forde,375
in,nimaj,20424
il,qiryat shemona,22738
fr,saint-orens-de-gameville,12024
fo,bour,67
at,perg,7644
pa,la herradura,3347
no,flateby,3186
br,simao dias,18386
cz,strani,3831
us,alcoa,8354
us,mishawaka,49055
ru,arshan,3542
ph,bagay,4977
mx,naucalpan,846222
hn,guaimaca,12901
ru,tselina,11075
lu,schrondweiler,285
in,hingoli,75884
cn,enshi,95227
hu,godollo,32374
gr,karditsomagoula,2200
ua,zhuravky,3068
ua,kulykiv,3763
ru,azovskaya,3960
fi,espoo,229528
ca,saint thomas,38694
br,paranhos,6516
us,cheyenne,55443
sm,serravalle,9258
ru,ostrogozhsk,34403
ru,nesterov,5072
ro,varasti,6412
jp,fukuroi,63046
in,lalgudi,20918
cz,mezibori,4945
an,oranjestad,1097
sl,foindu,3848
ro,cucuteni,1454
in,vasai,53255
hu,ujszilvas,2722
za,giyani,37047
sd,torit,20048
jp,handa,116120
ir,susangerd,41447
in,pinjaur,32164
hu,nagydorog,2787
be,kortenberg,17774
ca,macamic,1559
ca,morris,1742
br,itajuipe,15517
br,santa adelia,12585
ru,nekrasovskaya,4814
ph,villahermosa,2428
ph,saug,11693
no,molde,18603
in,hailakandi,31032
rs,beocin,8122
no,mehamn,733
jp,gotsu,24597
in,savda,19905
br,alto longa,4435
ch,zurich,346185
br,marilandia,3900
se,ronneby,11618
pl,wodzislaw slaski,49521
ph,leuteboro,3802
kz,zhanakorgan,21339
it,benevento,61728
hu,hercegszanto,2308
br,salgado de sao felix,4266
us,coos bay,15394
ua,hlyboka,8942
ru,bolshoye murashkino,6269
rs,predejane,1174
ro,ciocarlia,881
gb,lincoln,89228
am,verin artashat,3931
co,utica,2945
us,bradley,13748
ph,san jose malino,4979
ph,balaoan,2928
se,vetlanda,12068
ro,caineni,2731
pl,sosnowiec,227295
pl,ostrow mazowiecka,22653
mx,villagran,24155
mk,konce,3475
zw,marondera,82294
us,bonney lake,14873
ro,anina,8689
ph,llanera,5121
ph,feliciano,2484
jp,okegawa,75063
ca,kedgwick,1146
tr,tosya,24025
sn,fatick,62987
ro,macesu de jos,1650
ph,banaoang,4168
mx,primo tapia,5039
fr,orsay,17418
ar,rio tercero,53396
tz,namikupa,11733
ru,vsevolozhsk,48224
ru,lesnoy gorodok,5056
de,quickborn,20281
cl,llaillay,16646
za,thohoyandou,44046
ru,aktanysh,8163
nl,beek,16989
ng,kaduna,1582211
fr,graulhet,12246
co,candelaria,17708
us,wallington,11469
ir,behshahr,93508
gt,senahu,5378
gr,kalivia,1060
cn,songjianghe,67672
us,hereford,14372
lu,niederanven,1508
in,avanashi,24329
gb,lewes,16479
br,barreirinhas,17437
tz,kiomboi,23519
br,cansancao,9905
gt,san juan tecuaco,2164
be,herselt,13493
es,mazarron,23068
be,vielsalm,7291
ca,virden,3237
ph,kinablangan,5423
pe,acobamba,7193
mx,pitiquito,5157
jp,tomigusuku,55715
il,ganne tiqwa,12408
cd,kabinda,58999
cn,panzhihua,461513
py,san lorenzo,227898
mw,nkhotakota,24869
jp,akita,320071
it,omegna,15940
in,haringhata,9705
gr,axos,1336
ru,kurganinsk,47682
ro,suplacu de barcau,4517
ro,beresti-sat,4352
gr,piryetos,1681
ch,schattdorf,4779
us,centralia,14266.5
ru,pryazha,4156
in,samthar,21584
in,mandsaur,125002
ua,kostryzhivka,2768
ru,mariinskiy posad,10199
ng,uromi,108617
jp,mitsuke,43180
hu,kistarcsa,9637
gt,la democracia,5366
br,guaraciaba do norte,18186
cd,demba,22261
ru,kozhevnikovo,7970
pt,tondela,4393
ph,pulilan,77187
no,skjold,417
mm,nyaunglebin,89638
it,porto san giorgio,16010
fr,triel-sur-seine,12351
ru,bashmakovo,9654
ru,avtury,18370
lk,hatton,15076
it,scicli,27198
es,mislata,43287
cz,ruda nad moravou,2464
no,otta,1623
bg,sredec,9362
bd,sakhipur,40874
de,plankstadt,9300
sv,jucuaran,1643
nz,foxton,4780
mx,esperanza,8190
mx,cardenas,50342.5
gr,varnavas,1516
cn,pingliang,108156
at,lenzing,5044
us,grayslake,22768
us,san carlos park,19158
ph,paradahan,8977
in,bhindar,16946
cn,shizuishan,136570
be,zottegem,24434
us,saint simons,13915
tz,mpanda,73338
tr,aliaga,44906
br,montes altos,3518
co,pesca,5113
do,villa bisono,33141
us,lake lucerne,9044
th,songkhla,86899
pl,wolbrom,9146
om,sur,77419
ng,idanre,86468
kz,derzhavinsk,13856
mx,tecolutla,3879
mx,las rosas,16752
jm,may pen,44757
in,wadi,30605
in,dhuburi,62528
hu,hajduhadhaz,12892
cz,hovezi,2302
be,opwijk,12045
us,scranton,73206
us,santa clarita,168927
be,la roche-en-ardenne,4200
ro,grosi,2493
mx,colotlan,12927
jp,yamoto,32029
hu,pilis,11102
hu,berzence,2694
ru,smolino,2862
ro,uivar,4378
ph,gulod,2705
mx,miguel auza,12685
in,panihati,378741
br,sao miguel do oeste,27360
co,san antonio del tequendama,1577
de,wunstorf,42145
pk,zafarwal,23077
in,hoshangabad,109370
co,betulia,3466
br,jacareacanga,1402
ro,chiochis,3520
gr,proti,1783
am,noyakert,1751
co,curiti,3417
ee,karstna,300
mg,marolambo,26160
al,puke,6495
ro,turnu rosu,2578
pl,bochnia,29184
it,ferrara,131252
gm,essau,4997
gb,tarland,550
de,dannenberg,8612
de,sundern,29648
ca,sainte-marie,8735
us,mount clemens,16776
ru,ayutinskiy,10623
ro,sprancenata,2983
ph,padre zamora,2271
gt,san pedro jocopilas,1019
ee,kallaste,1171
ke,kikuyu,3960
in,basar,4157
ge,mestia,3187
cz,rakovnik,16725
ro,miraslau,2298
ph,nahawan,2226
mx,vicente guerrero,21714.5
lu,useldange,657
us,grants,9067
ru,lopandino,1938
in,kampil,9201
es,tarazona,10935
ch,brugg,9159
us,lexington-fayette,272079
ru,tsilna,4128
it,loreto,11701
gr,grevena,10563
cn,suihua,252245
cn,huadian,139047
ca,amqui,5117
ro,vima mica,1621
jp,urayasu,143761
in,malaut,76621
ge,tkibuli,13203
cz,velke opatovice,4176
za,grahamstown,91552
ua,bilky,7778
ru,novyy urengoy,94214
gb,townhill,1190
am,aygeshat,1482
de,ravensburg,48441
rw,gisenyi,83718
ru,tolstoy-yurt,7772
in,shirpur,69545
ee,vonnu,630
us,dorado,13117
ru,birakan,2463
ph,tiguha,2142
au,narrabri,7082
mx,atoyac,12937
hu,gyomaendrod,15194
gl,qassiarsuk,40
co,el espino,1313
th,ban dung,19479
ro,carcaliu,3422
co,san calixto,2080
de,krefeld,239908
us,cranston,82926
ua,bazaliya,2035
sz,nsoko,1180
ru,kislyakovskaya,5501
mx,tlaltelulco,14860
mx,puerto escondido,19488
gr,vathi,2025
gr,astipalaia,1129
bs,marsh harbour,5314
in,kushtagi,24182
fr,cambrai,34140
de,eppingen,21457
ca,swan river,4198
de,schieder-schwalenberg,9382
tz,uyovu,60849
ph,upi,5647
ph,edcor,2483
in,baramati,53923
br,julio de castilhos,16487
ua,katsiveli,631
tr,horasan,17076
ru,novosibirsk,1419016
nz,wyndham,586
cz,tepla,3085
cz,kraslice,7236
us,miami shores,10056
ug,moyo,14377
ua,dibrova,187
py,santa maria,2095
mu,mapou,1288
dk,frederikssund,14564
br,viseu,18958
rs,kosovska mitrovica,84736
hu,hajos,3520
gr,sivota,973
us,lockhart,13783.5
lu,boursdorf,22
fr,melun,36223
ba,srebrenica,2861
ee,jamejala,294
ca,thornbury,1970
us,rogers,45524
ph,soledad,4728
hn,guarizama,1300
de,hohenstein-ernstthal,16416
br,senador guiomard,11727
cn,heishan,68603
us,yeehaw junction,24080
mx,tlaxcoapan,12772
gb,galston,4902
us,safford,8825
ua,kolochava,4839
ph,tugdan,2373
id,medan,1751190
cn,songling,77566
us,moberly,13849
us,madison,42156
ru,izumrud,1307
ph,amulung,2354
ca,price,1830
us,golden glades,36924
ph,mamatid,40271
ph,aloleng,2389
nc,mont-dore,26237
in,walajapet,30259
ie,ballyhaunis,1344
us,roosevelt,16129
ru,gzhatsk,28880
it,boves,9782
ua,chuhuyiv,36519
jp,kitsuki,23353
gt,ostuncalco,28301
br,cidreira,8965
ws,fogatuli,273
lk,negombo,137246
ie,fermoy,4933
gr,megali khora,1191
be,antoing,7507
au,nguiu,1250
ca,petrolia,5453
ru,ostashkov,19563
pl,olecko,15923
ph,telbang,2795
mx,suchiate,13743
mx,mocorito,5304
lu,eschweiler,161.5
fr,epinal,35423
es,miranda de ebro,36386
ph,guinsiliban,2074
na,gobabis,16323
in,patrasaer,11520
gr,metamorfosis,873
gr,khrison,2079
es,lalin,20266
ru,rodniki,15695.5
ro,balilesti,4362
ir,ravar,40170
hu,nagymanyok,2504
ru,vorsma,12362
ro,almas,2957
ph,davao,1212285
in,bhandara,90190
cr,curridabat,34592
cr,cinco esquinas,7158
ca,iqaluit,6124
tr,solhan,15311
ro,bobicesti,3468
gr,vrina,860
ec,azogues,34877
cz,bucovice,6297
us,lexington,18901.2
no,sortland,4609
il,sulam,2426
us,guilford,22498
ph,marawa,3812
ph,laylay,2718
kz,kazalinsk,6582
gt,san francisco el alto,53226
fr,vitre,16026
de,westerland,8927
br,alvorada,10232
us,west point,11674
ro,targoviste,88436
ph,dumabato,2590
ir,nahavand,76258
ph,pansol,6380
br,santa vitoria,11657
ca,rivers,1165
us,south hill,44139
tj,adrasmon,13372
ru,terek,21180
pl,pruszkow,54851
ph,damabalas,3230
ph,balele,6496
de,steinen,10038
ca,woodstock,19462.5
bb,greenland,623
ru,lokomotivnyy,10663
ro,tasca,2682
ro,avrameni,5490
ph,san teodoro,4827
my,jerantut,33608
hn,santa elena,1361
jp,isawa,29616
am,gavar,21681
ro,putna,3727
fi,riihimaki,26451
pl,belchatow,62896
cu,placetas,55410
ph,marawi,143546
nz,muriwai beach,2183
gr,oinoi,898
co,acandi,4840
bo,tarabuco,2428
tn,qafsah,81236
ru,turochak,5514
ro,sant,3312
ph,totolan,4030
ec,tosagua,14680
co,el penol,2294
ca,trois-rivieres,119693
br,capitao poco,32704
za,balfour,46039
ua,zhovtneve,2630.5
tn,qibili,19880
ru,khorinsk,7986
mx,nacajuca,9471
cr,paraiso,39709
by,gomel,481000
ee,paide,9735
us,defiance,15926
us,north lindenhurst,12282
co,el penon,1921
br,medianeira,34069
de,petersberg,14350
ru,dolinsk,11989
in,malkera,12593
us,del rio,36068
ro,seitin,2943
mx,atliaca,6766
hu,tiszabezded,2054
gr,plomarion,3338
fr,le petit-quevilly,22373
dk,brorup,4233
ph,morales,2600
br,novo oriente,14529
ru,zhelnino,684
ru,chkalovskoye,3606
ru,bakal,21763
pk,harunabad,72453
ph,pansoy,5728
ph,liboro,6028
in,jagalur,15789
in,deshnok,16721
gb,consett,21016
gb,cannock,68067
at,weiz,9128
ru,kalevala,5431
pk,rojhan,13030
it,melzo,19453
cz,borovany,3565
au,port macquarie,48553
zm,ndola,394559
ru,oktyabrskaya,11608
ro,bosanci,6270
mx,sultepec,3979
pk,tando ghulam ali,16299
lt,vieksniai,2212
fr,pont-saint-esprit,9382
us,enid,46138
tz,mugumu,18431
ro,rosiesti,3769
ro,pechea,11287
ro,mozaceni,2684
ge,gagra,8266
ph,pongol,3421
br,tarauaca,16526
tw,hsilo,48180
so,dinsor,16149
rs,novi banovci,10378
pl,namyslow,16376
id,kroya,23255
id,bekasi,1520204
hu,bolcske,2946
pe,illimo,5709
mg,ambatolampy,28461
in,ahwa,14321
af,carikar,53693
za,knysna,63110
ua,lanivtsi,8357
ph,banquerohan,9040
in,dergaon,13366
gb,saline,1161
dk,jyllinge,9981
br,itaiba,13870
ru,dukat,1194
pa,la mitra,4778
in,pulivendla,33615
gb,runcorn,59679
bd,tungi,337620
es,hernani,18482
ro,talmaciu,8660
ro,otopeni,10332
ro,sacosu turcesc,3121
mx,camargo,23915
mm,mawlaik,44540
az,yevlax,53715
ca,ottawa,874433
us,brownfield,8958
in,alnavar,16928
bg,kavarna,10626
br,penapolis,54478
us,hazel park,18261
ua,borshchiv,10959
ph,bancal,4295
hu,helvecia,3918
br,salinas,25747
ca,hauterive,12816
sk,sliac,4667
ro,dersca,5105
pk,ghauspur,29769
ph,luna,5134.33
mm,paungde,36971
br,paulinia,65596
ru,tolbazy,10183
ru,togul,4937
ru,gofitskoye,5493
ro,perisani,3781
nl,liesveld,9842
gb,torphins,1245
fr,luxeuil-les-bains,8261
sv,san alejo,5149
mx,lagos de moreno,84681
mx,isla aguada,4440
zw,harare,2213701
ru,pavda,677
cm,bafang,80966
us,levelland,12865
ru,tashla,6651
fr,la ciotat,32596
us,logansport,19064
ru,zhemtala,3266
ro,gheorghe doja,2827
ph,san juan,3696.81
nl,leusden,29843
mu,saint hubert,4170
gr,polikhnitos,2667
gr,keratsinion,77222
us,greece,14048
th,chok chai,23337
ro,ip,3833
ro,gornet-cricov,2651
pf,fitii,1154
mx,nazareno,6332
gt,conguaco,3345
ca,saint-jean-port-joli,1929
br,santo antonio da platina,35260
ch,sursee,7962
ru,yugorsk,30878
ru,togur,8442
py,natalicio talavera,1809
pk,tando adam,125646
ph,cagbang,3856
mx,el quince,11878
mg,tsihombe,29825
lb,jubayl,20786
fr,tarnos,10850
bg,dolna mitropolija,3746
ci,ndouci,25134
ve,carupano,112102
ru,chelbasskaya,7080
ni,laguna de perlas,4944
it,selvazzano dentro,20047
in,gauripur,24695
br,macatuba,16180
de,idar-oberstein,32876
ua,uzhhorod,117877
ru,novorudnyy,1930
ph,pawak,2555
in,jagadhri,112590
gr,patrai,163361
us,san german,12055
ru,malgobek,46340
ru,inzhavino,10278
pl,poniatowa,10056
ee,kilingi-nomme,2175
be,sint-lievens-houtem,9146
us,cadillac,10258
us,effingham,12616
us,carol stream,39839
us,east la mirada,9764
ug,kireka,17947
ua,malynivka,7502
sk,kremnica,5822
ro,selaru,3924
hu,barand,2728
bz,benque viejo,7092
ua,korolevo,7844
no,olen,905
kz,zharkent,34422
it,saronno,38080
in,valsad,72934
es,alcobendas,101860
cz,zbysov,3925
cn,tangping,81729
az,alunitdag,857
us,paducah,25306
lu,pettingen,206
az,istisu,929
de,scharbeutz,11973
ve,charallave,129213
pt,povoa de santo adriao,14897
hu,okoritofulpos,2034
ca,springdale,2779
cn,xiangfan,462956
ua,nizhyn,75498
nl,bunschoten,19494
gp,le gosier,28700
de,gilching,17204
us,ormond beach,38455
rs,boljevac,3765
ph,cantilan,9408
mx,adolfo ruiz cortines,12947
id,muntilan,44859
br,caninde,42721
za,cape town,3433504
us,corona,152954
ru,tarnogskiy gorodok,5432
ro,tarlungeni,7219
pe,calca,9220
nl,zundert,20656
cu,baragua,15268
br,bacabal,72374
ca,grimshaw,2560
br,vassouras,21175
es,manzanares,18306
us,east patchogue,20961
us,oceanside,101481
ro,racovita,2325.75
ph,tiguib,2573
ph,hermosa,33714
mx,benjamin hill,5735
gr,petra,1299
br,custodia,18107
cz,chropyne,5232
cz,louny,19720
th,nakhon phanom,34595
ru,mekhelta,2898
ru,buy,26486
ph,guirang,2504
gr,xanthi,48221
gb,saint helens,102555
fo,svinoy,95
bd,rangpur,285586
br,tutoia,12212
us,lynnwood,33478
us,upland,74230
sj,barentsburg,576
mx,tlamacazapa,5168
in,soro,29800
hn,jamalteca,1107
co,guaduas,14392
th,takhli,41745
in,pahalgam,7753
gb,whitefield,23546
de,heidelberg,144703
us,hartsdale,9868
ro,godinesti,2426
ph,castilla,2771
us,riverdale,15291.5
ua,viline,6649
ru,neklyudovo,9052
ph,palayan,23742
br,guarapari,100927
ru,lakhdenpokhya,8448
ph,casian,2677
ca,lucan,2123
br,cambuquira,10116
pk,zaida,26789
ph,catuday,2149
hn,la bueso,1139
br,pilar,19102.5
pt,vila cha,4295
ph,talaban,6003
no,karasjok,1928
it,malo,13107
iq,irbil,932854
id,kediri,235171
gr,ambelakia,4671
dk,hjallerup,3320
us,gloucester,30916
ru,vavozh,5569
ro,sanmihaiu roman,4343
ro,camarzana,2591
at,salzburg,145310
am,musayelyan,1499
br,uruguaiana,123482
ws,faleula,2592
mx,hostotipaquillo,3189
in,vaijapur,40046
ru,buynaksk,62690
pt,pedroso,18962
id,kefamenanu,29491
ca,mackenzie,4978
dk,arden,2516
nz,tolaga bay,932
fr,bergerac,25766
am,balahovit,2982
tr,mus,82578
in,bolpur,71005
tr,mut,49423
rs,vladicin han,8453
ph,nagcarlan,24560
it,gioia del colle,26205
in,jahanabad,55008
th,phayao,21058
ru,kaliningrad,434959
it,pineto,14469
gb,leyland,37615
za,potchefstroom,123674
ru,surovatikha,4644
ly,awbari,42975
in,moram,17697
es,avila,49408
co,coloso,3749
us,roswell,60643.5
ph,damayan,2308
ph,castillo,4203
my,kluang,169838
in,dwarahat,2443
in,banga,19236
us,astoria,9535
in,cuddapah,127024
gh,oda,32151
fr,saint-junien,10779
ua,babanka,2460
gb,gullane,2133
bf,djibo,22821
pl,wladyslawowo,14889
ph,mauboh,2561
ph,cotmon,2770
it,spoleto,36489
gr,makrokhorion,4965
de,grunstadt,13219
ru,demyansk,5693
rs,priboj,19139
nz,blackball,321
mx,zacatelco,32573
lu,neunhausen,65
in,morar,44456
in,ahraura,25078
hu,bag,4071
ru,priamurskiy,3560
rs,kraljevo,58140
mx,juventino rosas,38199
gb,boddam,1327
fr,valence,63754
es,ayamonte,17026
us,staunton,24040
co,alto baudo,3242
us,westlake,31990
ph,mayana,2305
kz,batamshinskiy,5668
hu,baj,2664
ru,sukhoy log,36329
ro,novaci,6033
mx,coatlan,4052
it,trapani,70031
in,gevrai,30408
gr,ayios petros,1310
cn,lianran,106795
ch,richterswil,11398
ru,kudeyevskiy,2872
ph,linmansangan,3872
mx,xalpa,10444
in,jaleswar,23282
us,lindenwold,17320
ph,rajal,10281
ph,bal-os,3206
my,kangar,63894
de,burbach,14984
cn,liancheng,100341
co,salgar,6429
us,ogdensburg,11455
tr,hendek,35275
ro,iclanzel,2255
gb,bideford,16624
fi,loviisa,7264
us,albany,57622.2
ru,verkhozim,1756
ph,piape,2543
in,dharapuram,72297
fr,saint-max,10926
de,heidenau,16719
ca,gaspe,3331
ru,sandata,4047
ru,bazarnyy syzgan,6039
ro,amara,7557
id,jambi,420391
gb,ruthin,5344
cn,suifenhe,15183
be,verviers,52824
in,porsa,37827
hu,kalocsa,18242
gb,carlisle,72633
ru,staritsa,9135
ro,oboga,3620
pl,jaroslaw,40134
mg,ikongo,32374
in,isagarh,10370
gb,newry,26271
br,tupancireta,17488
cl,victoria,24555
us,scarborough,27706
us,pedley,12697
ro,vulcan,17181
ph,pigkelegan,6083
cu,cifuentes,40142
nz,otematata,265
lt,kaisiadorys,9868
in,dasna,27928
gt,malacatancito,2078
us,urbandale,33528
us,lehigh acres,48534
us,black forest,16096
jp,naruto,44890
gr,olinthos,1155
gh,salaga,19609
co,buenavista,3573
mg,mananjary,27686
in,charthawal,19944
gr,potamia,1260
co,taminango,2919
co,pivijay,33493
ru,makarov,6663
it,cervignano del friuli,12674
us,willingboro,31668
us,mira loma,18827
ro,urecheni,4007
no,alsvag,335
nc,yate,1674
in,munirabad,8246
fr,grasse,46221
be,tervuren,20623
cr,roxana,2351
ru,polyarnyye zori,15092
hu,kethely,2408
br,resplendor,15131
us,pecan grove,16050
th,nong khae,41067
ru,sinegorye,3776
no,trondheim,146930
nl,kesteren,22527
hu,tolcsva,1860
us,pocatello,50656
ua,horodkivka,6188
ro,stramtura,4156
in,aron,24277
cz,sardice,2189
do,hato mayor,36002
bw,bokaa,4131
ru,sadon,754
pg,popondetta,28199
be,herstal,36503
br,boquim,14848
ee,uusna,368
de,eltville,16858
us,odessa,91256
us,tuscaloosa,79816
ru,imeni babushkina,4026
pt,campanario,3987
in,tuljapur,35599
in,konanur,9555
in,kadayanallur,77779
hu,sarbogard,13424
cn,dalinghe,56176
ch,hochdorf,7793
th,nong khai,63609
ru,nikologory,6244
ph,talaga,3943
in,chengam,23904
hu,nemesvamos,2508
gr,rodotopion,1130
br,pato branco,65754
cn,fuzhou,1179720
cz,mlade buky,2199
ph,san roque dau,9621
gt,colomba,18722
fi,ilmajoki,11694
us,wellesley,26446
ua,rykhtychi,3115
th,phetchaburi,46601
pk,haveli,65308
jp,kariya,139160
ca,englehart,1685
th,kaset sombun,16996
ph,aguada,2552
pf,papeete,26358
jm,black river,4229
it,cuneo,52500
in,vasudevanallur,19021
fr,cachan,25391
de,schoningen,13313
us,yeadon,11469
us,beacon,18644
re,la possession,26867
pl,konin,81258
ph,poro,2621
be,rouvroy,1946
be,oostrozebeke,7489
no,kasfjord,281
it,caldogno,10854
ua,verbivka,3377
ua,tarashcha,12952
ro,ludesti,5011
ro,amaru,2749
ph,padong,3361
pa,santa clara,1410
id,merauke,49079
at,garsten,6657
ru,verkhniy baskunchak,8745
ro,albeni,2820
mx,quechultenango,5112
it,erba,17258
gr,ellinikon,18094
co,agustin codazzi,51479
ua,manchenky,1147
ro,micula,3707
ro,curtesti,4331
nl,oss,69965
lu,huttange,37
ua,stari kuty,5068
ru,tarbagatay,3293.5
ro,calimanesti,8486
pa,nuevo emperador,1723
in,salon,14313
co,san jose de miranda,1096
ec,muisne,13393
by,hrodna,317366
ru,gayduk,7266
ro,balesti,4774
ph,bantuanon,4673
mx,seybaplaya,8884
jp,sagamihara,648811
ba,sanski most,13550
tr,bulancak,36882
mx,las varas,12837
in,amravati,603885
ru,novyy kostek,4000
nz,otane,566
lu,helmsange,2193
br,bom jesus do itabapoana,30822
ws,avata,302
ru,pechora,46113
in,bhanpura,17084
gr,lapas,1377
fr,talence,39514
de,kleinblittersdorf,12940
ua,bakhmach,2970
tn,bardaw,74027
it,fiumicino,56970
in,manihari,23734
dk,ganlose,2843
us,west columbia,12861
us,bossier city,59580
us,waterloo,37575.5
ph,gimangpang,2472
jp,miyazu,21632
gr,pilion,2430
gr,patitirion,1647
bd,laksham,82299
ca,temiscaming,1854
ba,voljevac,3764
vn,cao bang,41117
th,don sak,12422
ru,pushchino,20073
ru,churapcha,7280
ru,makarakskiy,442
ru,goryachevodskiy,35075
gb,kingussie,1442
ru,bolshaya rechka,2368
pl,biala podlaska,57541
in,bid,148477
id,banjarmasin,572910
ht,lascahobas,7564
gr,longa,983
gb,wallsend,42739
fr,beziers,68264
br,passos,98753
us,sturgeon bay,9492
ua,hvizd,3311
tj,tartki,2342
ru,samarskoye,10638
ru,ivanovo,420843
mx,salitrillo,4829
it,ciro marina,13929
us,lewiston,33810.5
jp,shimabara,38114
in,dhenkanal,62235
fr,houilles,30101
et,asbe teferi,30777
be,temse,26054
us,plano,253372
in,santokhgarh,8878
in,bhanpuri,17270
gr,nea peramos,5173.5
gr,exaplatanos,1665
be,silly,7887
ro,ipatele,2095
ph,yuni,5714
ir,tuysarkan,48165
il,kefar habad,4771
es,tineo,12416
us,baker,13396
ro,barbuletu,6777
mr,bababe,11507
br,santa gertrudes,18490
de,gelsenkirchen,271647
ws,samea,150
ro,stefan cel mare,2870.25
gt,nebaj,22821
ca,owen sound,22625
de,lehre,11664
de,budingen,22157
ca,bonavista,3658
de,ennigerloh,20678
at,fohnsdorf,8203
ve,valera,93764
sz,nhlangano,9017
ru,budogoshch,3865
bw,nata,4794
tr,safranbolu,35259
ru,vanino,18618
am,arevshat,1856
am,mayakovski,1727
us,grand rapids,193852
ru,amderma,609
pg,kavieng,14491
pa,quebrada bonita adentro,1807
no,gjolme,473
mx,filomeno mata,8973
in,amta,16753
am,lanjaghbyur,2097
ro,rimetea,1191
in,arkalgud,15803
co,palmira,247991
za,danielskuil,10123
ro,strunga,4508
ph,dongon,3181
om,nizwa,86619
cn,longyan,125778
ru,nauchnyy gorodok,2687
ro,voluntari,30323
no,vardo,2023
it,agira,8585
hn,yuscaran,2371
de,viersen,76771
ch,baden,16659
cm,sangmelima,54427
us,solon,22451
ru,kalininskaya,13363
de,rosrath,27353
ci,boundiali,61998
ua,yelyzavethradka,1673
tz,ngara,16890
ph,amlimay,2405
it,terralba,9530
eg,el wasta,37453
de,schneeberg,16833
ua,svarychiv,4845
ro,plenita,5260
ro,pacureti,2252
it,ispica,15238
gr,kormista,1008
gb,pudsey,33109
de,uslar,15982
ru,otradnaya,22985
pl,skawina,23647
ph,tamnag,6302
lu,boudler,69
de,luneburg,73252
ru,kingisepp,50567
ph,cabiraoan,2932
no,sand,977
jp,katsuyama,27088
it,casandrino,13963
in,patna,1600085
fo,lopra,124
cn,xian,3953191
cn,nanzhang,83604
am,sevan,17083
ro,laza,6694
no,koppang,1166
nl,simpelveld,11276
ir,rafsanjan,147691
de,gotha,47214
ru,pechory,13246
mx,tepalcatepec,15281
it,porcia,13981
gb,maidstone,90894
us,maitland,11686
ru,svetlograd,39727
no,brusand,399
fr,neuville-en-ferrain,9372
ru,glubokiy,7369
gr,khios,23953
br,mirante do paranapanema,9387
ba,sekovici,6315
tw,chiali,58438
ru,bolshiye klyuchishchi,3691
ph,ipilan,5076
my,shah alam,481670
mx,tepexi,4617
mx,ocozocoautla,31597
it,cori,11826
gt,san jeronimo,8317
gb,wigtown,934
de,deggendorf,31146
ca,la ronge,3071
ru,besleney,3189
ph,malayal,2811
br,sao luis,917252
us,waxahachie,25612
us,caribou,8336
ru,kyakhta,18431
ph,aglalana,2868
jp,tendo,65394
ir,javanrud,38660
gr,komnina,1126
gb,evanton,1138
us,santa isabel,7260
us,carlsbad,58186
ru,maksatikha,9441
ro,bucuresci,1906
cu,colon,63885
tm,asgabat,797900
ru,bazarnyye mataki,5339
ro,sibiu,151895
pk,charsadda,95358
gb,eaglesfield,601
eg,aswan,241282
au,gympie,11029
dk,hals,2388
br,rio verde de mato grosso,16613
ca,vermilion,4151
ru,izoplit,4299
ro,gaiceana,3063
ph,nagbalaye,5108
jp,narashino,156085
ch,ollon,6494
ru,kuznechnoye,4714
mx,dzan,4532
br,bequimao,5695
co,mariquita,23104
bt,mongar,1397
us,temple city,37973
cn,dongtai,110988
ph,ayusan,3715
lu,bettborn,231
fr,claye-souilly,10648
bs,pirates well,217
dk,aarup,2592
co,guadalupe,2892
ph,tignapoloan,4098
in,malappuram,61749
in,koppa,5124
gb,heswall,30065
ca,strathroy,13525
ci,botro,15581
ru,magan,1686
pa,la chorrera,61235
nl,renkum,32323
de,furth im wald,9400
co,herran,1648
us,paterson,151205
tr,erzurum,420919
us,sammamish,33929
ru,bolshiye kaybitsy,1581
ro,recea,3934
ro,baia de aries,4566
mg,toliary,115328
lt,subacius,1116
cz,solnice,2076
ws,salani,524
us,kewanee,12574
us,richmond heights,9520.33
pe,pucallpa,311793
hu,petervasara,2568
es,huercal-overa,16204
ee,narva-joesuu,2802
co,coromoro,1010
ru,ust-kulom,5205
ro,creteni,2602
pk,kunri,26774
ng,shaki,178688
lu,weicherdange,220
jp,nemuro,31224
gt,san cristobal totonicapan,4104
ca,matagami,1966
sk,giraltovce,4189
ph,silanga,2350
ru,olenegorsk,23670
rs,apatin,19677
pk,renala khurd,37109
cz,varnsdorf,16018
au,port lincoln,11247
br,iguape,23785
si,lenart,2567
mt,dingli,3009
gb,darlington,87205
br,pontal,32567
si,radovljica,5978
iq,kifri,30241
in,alawalpur,7411
gt,momostenango,31088
gb,darvel,3225
ba,maricka,3707
us,houma,31800
rs,majur,6984
lt,rudiskes,2616
jp,sunagawa,20102
id,ciampea,207445
gb,innellan,1132
ru,bredy,10450
ph,baleno,3741
in,pandavapura,19052
ph,san alejandro,3064
in,chakan,23161
am,akhuryan,7672
us,florence,26804.8
gr,loutros,1140
br,cajazeiras,43914
ar,san carlos de bariloche,110044
ro,racaciuni,7839
br,satuba,15898
ee,laekvere,472
br,wanderlandia,6545
ru,yefremov,45498
in,jhargram,57802
hu,zsambok,2474
am,verin getashen,4173
at,tamsweg,6126
ua,hrebinka,11017
mx,cahuacan,4729
in,bandipur,31980
br,getulio vargas,13695
th,kantang,14156
ru,ural,2057
ph,taft,4421
ph,palacpalac,2956
ph,east valencia,2444
id,gedangan,79239
es,cambados,13653
br,caxias,117393
uy,artigas,44564
pt,aradas,7294
mx,ignacio de la llave,4888
ke,chuka,9348
in,unnao,161687
id,kebumen,144457
bf,garango,29076
de,ilsede,12326
us,eustis,17071
tz,kasamwa,27681
za,westonaria,156831
ro,melinesti,4429
pl,choszczno,15733
ph,samboan,3646
ws,saleaula,597
us,escanaba,12622
ro,deda,4263
ro,carlibaba,1965
ph,manalad,3151
pe,andahuaylas,17522
id,sooko,25494
dk,assentoft,2432
br,moji das cruzes,325753
ve,caucaguita,52555
ro,tupilati,2388
at,sieghartskirchen,7062
cn,langfang,720119
us,north canton,16886
us,glen cove,26717
pt,avintes,11577
ph,magarao,15205
it,bronte,19134
ph,jipapad,3797
in,tufanganj,20422
et,nazret,214034
es,langreo,45071
co,suarez,5614.5
eg,gizeh,2443490
tt,couva,5178
ru,medyn,7791
pe,los aquijes,7883
in,chandauli,25038
az,goycay,35348
cz,kostelec nad orlici,6153
ws,patamea,597
us,rapid city,61888
ru,lesnyye polyany,2713
ru,kumeny,5090
ph,alangilan,4613
ph,aguining,2488
nl,castricum,35750
ch,ecublens,10655
es,el viso del alcor,16762
dk,haarby,2400
ru,tovarkovskiy,7959
jp,tottori,154099
th,roi et,39328
so,kismayo,234884
rs,cajetina,3309
it,cavarzere,15543
in,pallikonda,21337
pt,gafanha da nazare,14840
pk,keti bandar,2934
mx,puerto vallarta,187143
it,pozzallo,19030
cn,shuiji,75849
ee,johvi,11469
us,maple grove,59902
ru,uray,39879
ph,batasan,3983
co,sibundoy,9458
de,vaihingen,29284
ro,brusturi,4295
ph,tabunok,2746
ao,sumbe,33278
ca,golden,4038
co,el guamo,4732
ch,naters,7472
ch,grenchen,16135
us,galena park,10252
ru,zavyalovo,7383.5
ru,sholokhovskiy,10062
ru,proletariy,5240
mx,ticul,30282
cy,larnaca,48954
cn,zhenjiang,632552
pt,vila nova da telha,5848
mz,macia,23156
ug,moroto,8490
pe,soritor,10907
lu,walferdange,740
in,sabalgarh,31035
in,pulwama,20073
in,dhing,20827
br,valinhos,88631
ca,viking,1106
dk,tjaereborg,2146
de,homburg,45010
ad,les escaldes,15854
ph,lupi,2253
in,ambagarh chauki,9266
fo,akrar,13
br,nazare,25604
ru,verkhneyarkeyevo,9357
ru,demidov,8516
pe,aguas verdes,9147
ki,taburao,3823
in,kampli,36644
do,tamayo,6431
co,el cairo,3268
ru,palkino,3112
ru,berezanskaya,6568
ph,hagdan,3120
ph,baylo,3552
in,jais,25729
hu,liter,2010
hu,albertirsa,11864
ec,coronel mariduena,7303
za,stutterheim,35524
ph,san fabian,2335
ph,bacsay,2615
lu,hierheck,36
it,sava,15819
in,lar,26691
de,kothen,28700
cz,stara ves nad ondrejnici,2439
us,grinnell,9312
ro,borosneu mare,3063
ph,la curva,3359
no,ballstad,763
hn,trinidad de quebradas,1405
cf,berberati,59963
ca,botwood,2940
za,burgersdorp,12548
ru,ertil,12622
hu,komarom,19646
gr,ano mera,1611
co,el aguila,2725
br,mucuri,26823
af,khowst,96246
us,norristown,30735
ru,golovino,2990
ph,lupo,2291
ph,lakewood,6540
jp,tsubata,38645
jp,togitsu,29365
gt,cuilapa,16484
gr,kineta,2004
co,sativasur,579
ua,lysyanka,7954
ru,olkhovatka,4363
ru,miatli,4424
in,sambalpur,162901
bo,cobija,26583
co,buesaco,4177
us,appleton,70112
us,rancho mirage,16742
ru,pushkin,82417
ro,pantelimon,9038
pa,burica,1360
de,nienburg,32512
br,camboriu,49101
de,strausberg,26835
am,yeghvard,10705
ru,lenki,3859
ph,malajog,2196
mx,ocosingo,28721
jp,ikeda,57686
fr,royan,17408
br,santo antonio do leverger,6387
us,bethpage,16791
ru,serebryanyy bor,4302
ro,stanilesti,5874
id,gamping,66116
gn,tondon,12235
br,pocao de pedras,12337
no,langangen,507
is,dalvik,1403
us,west mifflin,21454
ph,dos hermanas,9270
in,jawad,16889
gt,san antonio suchitepequez,10726
de,sinzig,17708
ru,pistsovo,2775
br,igaracu do tiete,22758
zw,chinhoyi,77007
ph,cabog,2967
mg,marovoay,31253
hu,taktaszada,2067
ee,rannu,439
ro,tomesti,6553.5
it,concordia sagittaria,10859
us,franconia,40213
us,ann arbor,113810
ru,yuryevets,11636.5
it,pianoro,17497
us,manville,10357
ru,vylgort,9707
ru,gelendzhik,50715
ro,tataru,1255
mx,santa anita,13515
gb,southport,93044
de,pinneberg,40679
mx,teabo,5040
au,bowen,10983
de,kirchlinteln,10644
br,apiai,18260
us,elkhart,51400
nz,fairlie,788
lu,eischen,1559
lu,betzdorf,248
in,kollegal,56502
in,baragaon,11362
ee,vaimastvere,346
us,munhall,11561
ua,rokytne,7028
si,ig,2078
ro,cudalbi,8055
my,mentakab,42174
br,pojuca,25102
et,gewane,11279
za,bronkhorstspruit,27343
us,fresno,465183
ro,jirlau,3397
pl,kalisz,108759
nl,zaanstad,141800
il,elyakhin,2728
ba,rumboci,3854
ws,matautu,203
ws,iliili,30
ua,bilokurakyne,7712
ro,remeti,3001
ph,pulungmasle,9278
ph,barong,2392
ph,balagtas,31059.5
in,chandbali,9918
ua,monastyryshche,9111
so,mahadday weyne,8273
ro,valcele,3646
jp,sadowara,33112
cl,coronel,92941
ci,ayame,15442
us,port angeles,18636
ru,borisoglebskiy,5832
id,dukuhturi,98084
br,porto nacional,40862
br,betim,384038
bg,dulovo,6463
py,general elizardo aquino,2983
in,pilibhit,131021
gr,drosaton,1148
cz,jachymov,2816
ro,vitanesti,3214
lu,haller,223
in,jawar,7753
dk,spentrup,2155
bg,pernik,82185
th,chom bung,15143
ru,krasnyy chikoy,6824
pt,venda do pinheiro,4950
no,nordfjordeid,2535
mx,eldorado,14136
mt,naxxar,10378
hn,san jose de colinas,3985
br,maracaju,22690
be,maldegem,22092
co,san sebastian,4657
au,kawana waters,19881
ru,pochinki,11724
no,lodingen,1845
in,vedasandur,12494
hu,cserkeszolo,2182
gb,brigg,5988
fi,savonlinna,27353
ba,svojat,3515
us,kirkland,45778
ru,tinskoy,4147
my,kapit,15771
ir,torbat-e jam,58935
in,amur,40811
ge,surami,10091
fr,stiring-wendel,12872
cn,xiaoshan,95234
ca,chester,1531
ru,gorbunki,7566
pe,junin,15389
no,vik,381
bg,topolovgrad,5824
co,alcala,9135
ru,orotukan,2560
ro,oradea,203841
mx,acatlan,11112.5
it,cividale del friuli,11590
hu,tiszanana,2607
gb,halesowen,55265
br,amarante,8828
ar,necochea,84969
vn,long xuyen,158159
ru,novoomskiy,4467
ro,sulina,4443
pl,sulechow,18055
us,clemson,11901
ph,taga,4898
jp,kosai,43914
id,singosari,57794
gm,kuntaur,11399
ru,verkhnyaya sysert,1115
pk,naukot,22082
jp,ichinoseki,62971
in,koraput,41174
in,kharhial,14008
br,americo brasiliense,34332
us,ferndale,15874
sk,tisovec,4215
ph,bialong,8639
gr,paiania,14246
de,belm,14073
be,fleurus,22080
br,monte alegre de minas,12451
us,winchester,23301.2
ru,sadovyy,2968
ru,kuyanovo,3895
in,penugonda,23659
gr,almiros,7253
de,wittmund,21417
gr,stipsi,1020
cz,becov,2069
ca,valleyview,1951
us,godfrey,16844
ph,tiwi,9547.5
lu,rollingen,1448
ua,komarno,3845
tg,bassar,55901
ru,khryashchevka,3210
py,buena vista,1580
ph,cabusao,2269
mx,bellavista,6884
lv,saldus,12223
hn,rancho grande,1484
co,flandes,20919
us,gallatin,26200
ph,dulag,10151
de,wiefelstede,14816
cz,rumburk,11000
mx,naolinco,8246
fo,hvalba,673
at,wels,57947
us,marana,25553
ro,ionesti,3442
nz,lake tekapo,330
it,marcon,13368
in,cortalim,7564
ge,abastumani,1285
ca,saint-donat-de-montcalm,1685
co,risaralda,5421
us,mitchell,14741
vn,tay ninh,47971
ro,boldesti,1952
mx,montemorelos,37695
mx,calipan,4454
it,limbiate,31736
br,serra,394160
cn,hailun,109881
co,capitanejo,3791
de,lunen,91912
ru,perevoz,9228
cm,mfou,10033
co,madrid,50438
nl,hilvarenbeek,15147
lt,kaunas,374655
hn,ahuas,1505
gr,kallithiron,1098
ch,blonay,5294
ru,privodino,3140
ru,burkhala,530
ru,bulanash,13056
ro,mogosoaia,5304
ph,tago,6300
mt,luqa,5053
jp,imari,57940
in,jagatsinghapur,32948
id,boyolali,59852
ru,log,3695
ph,dulao,7403
it,settimo torinese,47463
in,rajgarh,15645.3
fi,orimattila,14603
de,norden,24686
br,castilho,11419
zw,chitungwiza,456206
ru,sadovoye,5672
ru,bolotnoye,17704
fr,bourg-la-reine,18179
co,sonson,17232
cn,yunhe,82641
us,chowchilla,14898
mx,santa elena,3335
it,casalpusterlengo,14586
us,leesburg,27668.5
us,monterey,30307
ru,mokrous,6738
pk,zhob,50559
ph,balas,2406
jp,seki,77085
hu,inarcs,4262
cu,banes,53107
us,kirby,8725
us,kankakee,26623
ru,peskovka,6746
mx,padilla,5624
in,nagapattinam,94247
br,araripe,11860
th,lom sak,17309
nl,beesel,13656
mx,graciano sanchez,4411
lu,heiderscheid,424
lu,frisange,1355
in,firozpur jhirka,20196
am,nor yerznka,1459
tj,shaartuz,13042
si,maribor,89056
ru,glushkovo,5618
nl,heusden,44200
in,laksar,19272
us,cross lanes,10133
us,north merrick,11628
ru,yakovlevskoye,4330
ru,sarana,2640
ro,sinaia,11918
pg,mount hagen,33622
lt,svencionys,5539
kz,karabulak,16252
ar,neuquen,359037
ro,perieni,5258
ro,hudesti,6360
ph,silago,2276
pf,hitiaa,1826
it,cormano,18545
in,satrikh,11024
fr,gennevillers,41553
dk,assens,5913
de,schwalmstadt,20002
mx,palenque,36670
pt,castelo branco,33479
gp,basse-terre,11472
fr,saint-maur-des-fosses,71267
br,serro,12616
cd,mbandaka,184189
ee,juri,2581
ru,irtyshskiy,3859
ro,gostinari,2720
in,dharur,19062
ve,los teques,173749
us,carney,30078
pl,piekary slaskie,59757
dk,fakse ladeplads,2837
am,bardzrashen,1273
si,straza,1978
ph,jolo,102222
it,terracina,37984
in,dasuya,20699
gr,kavili,1531
fr,cergy,60288
br,itaqui,34631
tr,kastamonu,70438
ro,pauleni-ciuc,1711
ro,baicoi,19869
in,dayal bagh,3369
cn,daxian,130749
am,lernantsk,1192
ph,satan,4068
pa,atalaya,2857
in,nadiad,202080
in,khagaria,49988
de,reutlingen,113625
us,ramsey,17441
ph,inicbulan,2570
ph,binalonan,8145
gt,retalhuleu,35903
ro,brebu,4441.5
ph,pitogo,4465.8
ph,palampas,9036
lu,wiltz,4816
it,calvizzano,13333
in,panara,4097
cm,mindif,10538
br,ibirapitanga,7302
br,braganca paulista,125099
ru,novyy chirkey,7556
ru,kizner,9847
ru,istok,4371
ro,cojocna,4336
jp,taketoyo,41679
jp,misato,129695
hu,pecsvarad,4024
gr,afration,1365
br,guaramirim,21422
br,nilopolis,147283
us,belleville,38898.5
ph,balatan,4451
mx,tlanalapan,11792
lv,varaklani,2344
dk,dybbol,2303
ca,hastings,1276
mx,xochitlan,4659
mx,ixtacuixtla,6160
in,mughal sarai,98053
gr,spata,8137
cz,jedovnice,2477
cz,horni sucha,4353
ua,shevchenkove,5161
hr,vinkovci,33315
ca,hinton,9889
de,dietzenbach,32975
us,laurens,9737
hn,tela,29329
bf,reo,24616
ua,vinnytsya,352113
pt,esmoriz,11393
mx,soltepec,6508
mw,mponela,11222
fr,mons-en-baroeul,22710
ca,grande-riviere,1508
ca,saint-raymond,3570
tg,mango,34791
ru,fevralsk,4510
in,sadat,11212
be,hulshout,9198
ca,pembroke,15551
ee,adavere,646
de,plochingen,14627
nz,waiouru,1347
lt,kursenai,13915
gl,tasiusaq,7
fr,fougeres,21710
tr,tatvan,73259
us,opelika,23625
se,avesta,14110
bs,high rock,3744
ee,albu,349
cy,empa,4520
mw,salima,30056
ee,lullemae,290
tj,tugalan,18476
ru,sarany,1224
ph,kapatagan,9664
ph,bonawon,9189
om,qurayyat,29615
it,casalnuovo di napoli,52709
cu,condado,38249
ru,pogar,11242
hu,csepreg,3568
gb,cowie,2506
de,bergneustadt,20865
de,porta westfalica,36419
vn,bac lieu,107920
us,isabela,12505
us,warrensville heights,14409
ru,maslovka,7518
ph,japitan,2979
ph,doong,2554
lu,boulaide,396
jo,bayir,5314
gb,kilmaurs,2528
et,gimbi,31815
ro,rus,2608
ph,gasan,2228
in,sojitra,19403
in,khurai,31617
gr,milesion,1121
gb,glenboig,1468
fr,argenteuil,95075
ch,frutigen,6668
pt,golega,3830
pk,alizai,3334
mk,mavrovi anovi,914
mg,amparafaravola,51520
hu,ibrany,6880
us,texas city,43879
ru,bolgar,8641
ng,gbongan,139494
mt,xghajra,837
ke,naivasha,38366
co,viota,5840
co,becerril,9002
sv,nahuizalco,7358
pt,ferreira do alentejo,4689
nz,porirua,50914
mx,chignahuapan,16138
dz,birin,51460
ru,marevo,2571
no,skjeberg,1876
br,pinhao,15141
de,wesel,61768
de,remscheid,118230
br,jutai,5863
ch,losone,6060
us,newburgh,28476
ua,balakliya,31156
ro,dranceni sat,4719
ph,new panay,3151
lu,limpach,254
hu,simontornya,4536
si,rence,1836
ru,sovetskoye,4378
ru,potma,4296
ru,nizhneyansk,678
ru,bakaly,9532
ro,milcovul,8547
us,ogden,78324
de,schoneiche,11812
ve,baruta,244216
th,selaphum,17412
ru,aniva,7963
pl,tuchola,13686
ph,vizal san pablo,2322
ph,igang,3468
no,stavern,5577
no,folkestad,430
br,laguna,39712
td,bitkine,18495
ru,shaami-yurt,3209
ph,parian dakula,4005
ph,mansalay,23044
hu,nagyszenas,5617
cz,stod,3429
ph,dampol,2796
mx,tekanto,3425
mt,ghaxaq,4375
it,torre annunziata,47211
eg,port said,538377
us,aberdeen,18053
ca,napierville,3124
th,pak phanang,25014
ru,zaykovo,4731
ro,gemenele,1899
py,fram,3916
mx,tlalixtac,6581
hu,solt,6984
gb,saint andrews,15435
cu,marti,13439
co,rio viejo,6963
tw,hsichih,213899
ph,lonoy,2586
mt,mosta,17789
mg,ambanja,30621
ru,likhovskoy,13617
jp,maizuru,92466
it,dalmine,23928
hu,alattyan,2004
ve,los dos caminos,58300
us,southern pines,11640
us,tempe,158368
in,rasipuram,48954
bj,allada,20094
co,palmito,3993
sd,waw,127400
ro,asau,7438
ph,maluay,2878
ma,martil,29805
ca,hearst,4746
cn,dunhua,148844
zm,mansa,42280
us,tiverton,19432
ru,ilanskiy,16668
ph,labrador,2108
gb,swadlincote,40961
fr,cappelle-la-grande,8495
cf,damara,16056
au,biloela,6309
ca,amherstburg,11459
se,ornskoldsvik,27749
sd,tabat,10976
ru,yelizavetinskoye,3316
ru,seredka,3724
mx,xicotencatl,9346
in,devanhalli,25230
fr,gap,38617
ao,luau,18465
br,america dourada,14018
br,cravinhos,32690
us,wolfeboro,6715
ru,prudy,3806
ph,balogo,3153.4
gb,bury,61045
de,springe,30284
pg,alotau,12095
no,rosendal,965
hu,zalakomar,3103
gb,alloa,18885
co,cordoba,5752.33
ee,karu,460
es,torello,13275
us,state college,41835
us,farmington,16654.4
cn,xuanhua,373422
vn,vinh long,103323
us,westland,84801
ru,gergebil,5107
it,luzzi,10338
by,horki,33897
br,schroeder,15515
de,ihlow,12757
us,south salt lake,21598
se,kungsbacka,18698
in,modasa,58974
hu,matraderecske,2232
de,oranienburg,43275
de,drochtersen,12404
ca,erin,3053
pe,mazamari,6856
jp,yawata,71657
cr,colon,9687
us,port neches,13101
tr,merzifon,50685
ph,cumadcad,5203
gb,clackmannan,3432
ru,tyukhtet,5138
ro,baclesu,2730
mu,saint julien,3188
kz,komsomolets,9838
id,singojuruh,29418
br,itainopolis,2922
ee,toila,750
be,lint,7982
us,weirton,19450
ro,abramut,2962
mx,yaqui,14802
mx,san felipe del progreso,3909
mx,minatitlan,77796.5
at,rust,1726
ru,trud,664
in,elur,30832
hu,szegvar,4897
gb,avonbridge,560
br,tapes,18570
tc,cockburn town,5525
si,zelezniki,3175
ro,butoiesti,3438
it,jesi,39463
it,giugliano in campania,107680
in,sanwer,14216
in,basoda,69285
gr,zelion,868
gn,kindia,117095
gb,stow,551
bg,smoljan,31870
es,el prat de llobregat,66796
us,north decatur,15765
tz,kingori,22840
tg,bafilo,20870
ni,belen,4968
gb,chesham,20649
fi,lahti,98826
dk,harlev,2423
us,atkinson,6782
ru,potanino,8717
li,balzers,4447
gb,bognor regis,65391
ge,zahesi,1933
br,cambe,91081
np,malangwa,20285
it,qualiano,27149
br,ubaira,8069
am,hayanist,2031
ru,ust-izhora,1127
ru,seredeyskiy,1927
ro,pomi,2312
ro,catunele,2604
fr,challans,17688
cn,gejiu,136135
ru,komarikhinskiy,1510
ro,romani,4597
nl,horst,28657
in,khargupur,9577
hu,csenger,5225
gr,souflion,4149
us,nome,3485
ru,vostochnyy,6801
fr,fleury-les-aubrais,20981
co,san jeronimo,3356
dk,stege,3881
us,tigard,47068
th,lop buri,57761
ru,sernovodskoye,9882
ru,kurchaloy,20903
jp,koshigaya,317443
gb,alfreton,22550
co,orocue,2835
br,sao mateus,77119
ru,chernoye,5755
py,capitan bado,9115
in,disa,92230
in,bilgi,16257
gt,cuyotenango,10602
gb,helensburgh,14108
mu,le hochet,15197
it,belvedere marittimo,8880
hu,eloszallas,2556
fr,nimes,137532
ca,saint-jerome,54948
do,sanchez,11368
ph,pantubig,39285
lu,sonlez,41
kw,kayfan,27202
gr,drama,44225
ug,bundibugyo,16920
ro,stoicanesti,3015
lt,vilnius,542381
co,coello,769
be,doische,2739
be,onhaye,3014
it,crispiano,12663
gr,sindos,8228
ch,freienbach,14900
ru,kultuk,4151
rs,lazarevac,24503
no,aukra,712
mx,piedra gorda,7135
id,jogonalan,28114
hn,el pino,3004
fr,louviers,18401
cn,anyang,781129
us,gardena,60915
ua,ponyzivka,348
tz,mtama,11928
sk,humenne,35367
ru,roshal,21951
ro,brezoaiele,4100
py,independencia,1575
lu,berle,110
es,alhaurin de la torre,25791
br,presidente medici,11923
us,winston-salem,193300
ru,nezlobnaya,18412
no,kvithammer,235
mk,zrnovci,3236
cz,rotava,3431
es,san andres del rabanedo,25618
tz,tumbi,32900
ru,uglovskoye,4744
ro,romanu,1913
mm,thaton,123742
az,qobustan,13398
us,des plaines,54067
lu,reuler,193
jp,okazaki,352364
it,preganziol,15877
in,ranapur,10677
cn,zhanjiang,637790
br,novo horizonte,30159
us,pinecrest,19720
ru,uk,2342
pk,khairpur nathan shah,30287
ph,lungaog,3203
it,santa maria capua vetere,29780
ca,humboldt,4822
at,fugen,3734
co,los patios,58663
sk,gelnica,6404
mx,perote,32560
in,hosur,103769
ba,tolisa,4282
ru,andreapol,9209
ro,iernut,9343
it,rosolini,20671
gr,sarti,1258
ca,carleton place,9743
es,ronda,38040
ro,bozovici,3187
pt,carvalhosa,4502
ly,surt,128123
lt,simnas,1864
jp,makabe,19294
in,gannavaram,19410
de,gernsbach,14548
ro,merisani,4390
gt,san martin zapotitlan,4328
gb,mold,9995
de,ebersbach,12599.5
cz,slany,15330
ua,chornyanka,3363
ph,dinahican,7062
ht,port-de-paix,34659
gb,pontypool,35687
bo,sorata,2190
br,taua,29189
ua,slatyne,6544
pt,evora,45851
ph,anonang,6348
ir,tabriz,1424701
in,hastinapur,24095
gb,sevenoaks,27871
sl,waterloo,21222
mx,aguascalientes,658193
in,kot khai,1253
vn,ben tre,59449
si,gornja radgona,3194
sd,sinnar,130138
ru,chermoz,4079
ph,cuartero,3520
id,purwokerto,217245
cd,bandundu,118203
de,gescher,16937
dk,olstykke,5348
tr,bayburt,31274
no,rausand,305
mx,chautla,5174
et,negele,42358
tz,ilembula,18870
ro,erbiceni,5655
ro,beresti,3518
ph,ginatilan,2699
ph,caraga,4410
no,rognan,2492
lu,watrange,92
in,siyana,43026
hu,beled,2933
cl,iquique,227501
az,samur,1760
co,santander de quilichao,40799
de,hovelhof,16349
it,gavardo,10948
us,delray beach,65511
mx,union hidalgo,12736
it,tezze sul brenta,11215
us,belchertown,22391
us,crystal lake,41188
ru,minusinsk,72782
ph,calabaca,2749
lu,reimberg,182
it,patti,13703
in,jawhar,12083
us,cleburne,28981
us,loudon,5199
us,warrensburg,17431
pw,ollei,109
in,kondagaon,27630
in,jaswantnagar,27780
gb,seafield,1386
de,babenhausen,16551
br,barroquinha,12410
ch,bulle,12460
us,central islip,34907
ph,motiong,2507
lu,siebenaler,58
li,vaduz,5197
ba,skender vakuf,6866
cn,baoying,80292
cr,cartago,26615
us,brownsburg,18528
ph,asia,23547
gb,mauchline,4137
de,engen,10195
ro,calmatuiu,2747
ph,surop,2119
ph,carigara,17495
jp,futtsu,51651
us,fuquay-varina,12127
ua,soledar,12662
se,orebro,98573
pw,melekeok,217
pl,elk,55769
ph,san pedro,33158.8
pe,chivay,4563
mx,cholul,4716
it,melegnano,16155
de,plauen,69378
ph,alcala,6775.5
mx,malinalco,7220
in,ashoknagar,64729
br,fernandopolis,61932
cn,jixi,403759
za,paarl,187875
tr,gumushane,32266
ru,novogurovskiy,3702
ph,malabag,7021
mx,chocaman,9277
gr,mirsini,1213
de,enger,20417
jp,shibukawa,48323
hn,chalmeca,2008
us,yukon,21196
tr,karacabey,44279
sk,podolinec,3173
mx,misantla,23242
in,haveri,60161
ca,gander,8772
us,williston,10142.5
ro,nicolae balcescu,5548.33
ro,maneciu,11033
mm,pyu,40386
ca,lachute,9562
br,sao jeronimo,17057
ua,bobrovytsya,11544
tz,ngorongoro,10836
is,hvanneyri,231
in,bissau,22622
id,randudongkal,28532
fr,berck,14638
cn,chifeng,346654
ca,exeter,4702
pt,almargem do bispo,8271
hu,sajoszentpeter,13125
br,juazeiro,137807
af,ciras,12778
cz,telc,6028
ch,bellinzona,17006
us,klamath falls,19203
us,monroe,23455.5
mx,ahome,10806
cz,rudnik,2178
de,goldbach,10038
zw,kadoma,100276
pl,nowe miasto lubawskie,10997
it,sondrio,22064
in,asansol,504320
gr,xilagani,1445
es,puerto real,36946
ca,selkirk,9653
tz,nanhyanga,13519
tz,makanya,9505
ph,asin,3550
no,leland,563
in,yol,11315
hu,malyi,4128
ws,aopo,390
us,glen ellyn,27276
us,belvedere park,19149
us,alpine,15391
jp,kakuda,33221
it,argenta,22005
hu,akaszto,3480
gr,koilas,1126
gb,sutton in ashfield,43912
fi,muhos,8232
dk,glamsbjerg,3099
ru,novoye leushino,1565
ru,leninsk,8434
nz,russell,839
in,kannur,7625
ru,turtas,5050
ro,pardosi,572
ph,veruela,18114
ir,alashtar,27703
in,alampur,12040
gr,rentina,828
br,sao joao dos patos,19539
ph,madrid,3119
ph,kitcharao,7213
id,ciamis,123631
gr,verdikoussa,1603
gr,naousa,11241.5
co,providencia,3326
in,banka,38943
id,samarinda,355223
gr,korinos,4191
br,araguatins,17106
be,houthulst,8951
tj,chkalovsk,21555
ro,slanic-moldova,4955
ph,jones,5227
mx,huiloapan,3780
gr,kiriakion,2227
ru,alleroy,10247
pt,matosinhos,28069
in,raypur,6907
gb,blantyre,16739
br,presidente bernardes,12954
us,isla vista,17716
ro,ploiesti,228853
ph,consuegra,3337
no,royken,2902
ch,ruti,11361
co,san jose del guaviare,22136
cr,san antonio,12965
am,artimet,1501
us,pleasant hill,34477
ua,velyka bilozerka,3511
ua,bila,3728
tr,unye,77626
rw,cyangugu,63883
ru,dergachi,9570
mx,puruaran,7403
it,menfi,13231
gr,vayia,4535
es,carmona,26471
cz,lom,3603
tz,ikungi,19692
ro,santamaria orlea,3485
ro,sanger,2491
ph,tinambacan,4555
ph,gainza,2173
in,mangrul pir,29200
in,basirhat,117431
us,wekiva springs,23416
no,ogna,324
in,singur,19404
in,pallavaram,157158
hu,vertesszolos,2747
am,tsovinar,3968
de,worms,82104
de,rothenbach,12084
us,clarksdale,19143
fr,taverny,26828
de,uelzen,35096
us,west melbourne,14159
ro,costisa,3540
no,steinkjer,11198
no,larsnes,519
in,banki,16557
cn,neijiang,546854
br,santa cecilia,15092
us,rolla,17865
ch,ruswil,6441
be,wemmel,14406
ca,watrous,1689
cn,hengshui,456356
de,issum,12257
tr,selimpasa,10569
pl,kedzierzyn-kozle,65636
ph,bulalacao,5842
hu,enying,7171
fr,gaillard,10253
br,japoata,4207
us,findlay,40354
us,elizabeth,123913
us,north laurel,24046
th,nam phong,15759
rs,svilajnac,9677
cn,lianyuan,66501
br,rio pardo de minas,9540
us,union city,40144.8
ro,selimbar,4829
ph,bagong sikat,5468
nz,urenui,421
nz,manapouri,248
hr,sisak,35749
de,weinsberg,11910
za,kokstad,25373
ro,timisesti,4004
nl,hendrik-ido-ambacht,22478
mk,karbinci,3900
gf,apatou,4753
ga,port-gentil,109163
cl,quillota,67779
us,north smithfield,11212
rs,pinosava,2871
ro,suraia,7770
mm,martaban,48629
hu,hajdudorog,9514
cu,cienfuegos,186648
ru,yevsino,5036
ru,pokrovsk,9763
mx,anahuac,13650.3
in,dera gopipur,4735
us,charter oak,9244
ua,zhytomyr,282190
si,store,1872
ru,yllymakh,484
hu,danszentmiklos,2838
fr,tulle,14728
us,north lauderdale,34267
ru,progress,12578
gr,ouranopolis,1047
ec,la libertad,75881
br,monte carmelo,44041
pl,pleszew,17640
gb,blackwood,1901
cn,jiangyan,70375
ua,pryyutivka,3238
rs,sremcica,19077
pa,canaveral,874
ro,rusanesti,4819
ro,padina,4774
ph,biao,12043
ca,nanaimo,84906
cz,nivnice,3221
ru,imeni vorovskogo,3706.5
mx,atlacomulco,22247
br,rio tinto,11804
us,marblehead,20424
lu,insenborn,165
in,ponnani,105521
id,bogor,769328
hu,toszeg,4621
ro,dudesti,4061
ng,ikare,182779
lu,kockelscheuer,270
au,dalby,9848
br,umbuzeiro,4588
de,pegnitz,14337
us,brewer,9140
ro,dimitrie cantemir,3040
pe,coracora,7453
mx,balancan,11895
cr,matina,2315
br,timbauba,45122
cz,mohelnice,9808
pl,zakopane,27581
ch,mohlin,8353
bi,bururi,19740
af,sindand,29273
ru,usman,19910
mx,contepec,3623
co,sotara,1390
ru,listvyagi,4627
ru,berikulskiy,932
ro,tudora,5139
it,nembro,11635
gr,methana,1183
ph,tulunan,9584
it,cantu,36513
dk,tune,5168
vn,qui nhon,210346
us,belton,19849.5
us,bensenville,20496
ru,pervomayskaya,5026
ro,chiojdeanca,1788
nc,paita,10436
mw,chikwawa,8966
fr,joinville-le-pont,17542
fr,aubergenville,11785
br,sao roque,50541
tw,hsinying,77207
tr,aksaray,152281
pk,usta muhammad,43988
ph,biay,2257
mx,san pedro buenavista,8390
in,jagannathpur,7020
hr,sibenik,37113
pa,el porvenir,10
jp,uji,192926
gr,pelopion,1073
rs,jasa tomic,2876
nl,oudewater,9755
lt,lazdijai,4975
in,udagamandalam,98247
gb,leuchars,2341
co,andes,16420
br,natividade,12014
ch,aadorf,7100
ru,zasechnoye,4733
ru,novyy karachay,2172
in,kheralu,20757
ch,chene-bougeries,9821
be,dison,13642
ru,abinsk,34669
re,les trois-bassins,7114
cd,kikwit,186995
us,jollyville,16148
ru,srednyaya yelyuzan,8279
ru,nizhnyaya omka,5246
ru,afipskiy,18209
ph,mabilbila,2408
lu,niedercorn,3164
at,horsching,5312
ve,guigue,71548
ua,davydivka,2981
ru,novotalitsy,8543
my,sabak,17251
ie,blarney,2215
hu,tokaj,5071
br,cameta,45202
sj,ny-alesund,40
ph,buracan,2309
ph,bayog,4284
mu,providence,3126
jp,yanagawa,30597
in,muddebihal,31898
fr,saverne,11925
us,daly city,98959
no,gjusvik,1635
id,stabat,26863
gb,leeds,455124
br,pombos,15895
cz,ledec,6101
tz,tandahimba,17041
mx,matias romero,21064
rs,odzaci,9749
lu,binsfeld,235
gb,bridge of weir,4418
ch,mannedorf,10164
us,wanaque,10512
sy,damascus,1576843
pt,cacilhas,6494
it,ascoli piceno,50092
de,gorlitz,57097
ru,kyakhulay,5731
hu,mezoszilas,2309
ci,agnibilekrou,59780
be,lincent,2884
us,massapequa park,17313
jp,toyonaka,384463
de,lebach,21665
br,nova serrana,51103
ro,baltatesti,6635
no,storas,323
no,oltedal,719
hu,dunaszentgyorgy,2624
cn,huanren,66147
ru,vilya,3338
ru,kavkazskiy,3052
ro,parscov,5968
mu,pailles,10622
hn,el lolo,1438
de,coesfeld,36929
tz,itigi,19711
th,bang khla,13528
pt,vila nova de famalicao,9496
pt,almeirim,11556
no,viksoyri,1101
mx,potrero del llano,4513
br,ipu,26679
br,lauro muller,10036
cz,nydek,1944
bg,batanovci,2532
ph,tabinay,2522
mx,fernandez,29672
in,lunavada,35433
in,barpali,20204
ec,machala,198123
us,granite city,30732
ua,pervomaysk,54393
ro,valea larga,3326
mk,kosel,1281
hu,rackeve,9229
gb,forres,9134
fr,nanterre,84448
br,granja,25880
us,el paso,597181
ru,gusino,3211
ph,banocboc,3963
no,narvik,14178
it,barberino di mugello,10271
fr,soissons,29480
ee,viiratsi,1338
co,fosca,1451
tz,ngudu,22658
tr,yozgat,87926
ro,hoghilag,2110
no,lonevag,523
it,occhiobello,10500
gb,washington,53527
ua,kakhovka,36816
ph,cabra,3261
lu,dudelange,18013
jp,arai,27481
hu,paks,20638
gb,east kilbride,74231
us,kenmore,17443.5
tr,esenyurt,211443
ru,ulyanovsk,640685
jp,sagara,25922
hu,kaposmero,2506
be,denderleeuw,16969
za,durban,3120340
us,ewa beach,15100
py,paraguari,10079
ch,kuttigen,5092
pl,czluchow,14759
bi,gitega,23168
us,leavenworth,34880
ph,canhaway,3157
in,raiganj,170268
in,hapur,242944
hn,el balsamo,1741
ua,sudak,13956
no,skanevik,615
mx,sombrerete,18805
in,akividu,40421
il,qiryat atta,49548
fr,villeparisis,23557
ca,saint stephen,4518
mx,tabasco,6626
lu,lullange,132
id,cileungsi,202360
ee,raja,469
co,anapoima,4953
ru,zmievka,6288
ro,nojorid,4484
ph,new iloilo,3707
it,poirino,9404
it,castellammare di stabia,66944
in,margherita,24430
ee,essu,302
uy,canelones,21081
ru,vidim,1415
gb,stockton-on-tees,79957
ch,hinwil,10533
ph,mamburao,23892
bg,saedinenie,6363
cz,blansko,20643
ua,mynay,2973
sn,dagana,31310
ru,krasnyy profintern,1468
it,azzano decimo,13421
in,kochi,604751
ee,vaskjala,325
cz,sezemice,2995
ua,krasyliv,19815
se,skelleftea,30839
ru,donskoye,6711.5
ro,cozmesti,3192
pt,vagos,4529
ph,punang,2533
ls,mafeteng,40591
in,tira sujanpur,7748
dk,horsholm,36670
bg,kneza,9201
ch,igis,7078
se,norrtalje,16914
ru,luzino,9897
in,begowal,10175
br,mimoso do sul,14045
ao,namibe,80150
cn,daan,120340
cn,kuche,68105
mx,ixtlahuacan de los membrillos,5539
hu,palmonostora,2052
br,abaetetuba,78052
se,trollhattan,44522
no,tennevoll,254
ng,bugama,135417
in,raver,26637
in,palghar,72383
in,jalalpur,31391
ba,coralici,5223
us,la marque,13864
ph,odiong,3629
hn,nuevo chamelecon,2098
de,ergolding,11513
so,bereda,11262
ru,lepley,3074
ro,leordina,2537
ro,curcani,5167
ph,lingating,3774
pe,ayabaca,5294
br,tucuma,15031
at,neulengbach,7521
ua,zhovti vody,51559
sv,sensuntepeque,20387
ru,koshki,8086
mx,villa corzo,9123
co,duitama,92041
at,sankt florian,5760
br,taquaritinga,50099
us,watauga,24333
ro,moldovenesti,3618
ph,mataywanac,2375
jp,minamata,29429
in,gokak,73484
us,south gate,64790
ro,tilisca,1656
ph,liminangcong,4790
mx,madrid,4411
jp,isahaya,97372
gr,kiverion,979
fr,les ponts-de-ce,11757
do,jarabacoa,29991
co,san benito,426
ro,finta,4613
ro,cauas,2497
jp,oarai,19326
gb,sutton coldfield,107030
ba,sipovo,10737
mg,ambovombe,66818
in,jhusi,16644
gb,sandhaven,690
cn,yuncheng,120884
ba,barice,3697
us,san bernardino,202381
ru,chikoy,705
jp,ushibuka,16668
ir,dezful,212367
in,mandla,45189
in,chikhli,30166
dk,blovstrod,2137
au,mildura,47867
ua,iza,5015
ru,sladkovo,3455
ph,kalabugao,5982
mt,attard,9510
id,ambarawa,84380
hu,barcs,12116
be,bertrix,8063
us,newport,12553.4
ru,perevolotskiy,9667
rs,kacarevo,7556
pk,chishtian mandi,122235
it,alpignano,17390
in,bewar,23283
br,iracemapolis,16796
ua,vyshhorod,22080
tr,igdir,72597
si,sevnica,4836
ru,novosineglazovskiy,14620
ru,kirovo-chepetsk,90253
lu,schweich,194
us,fort hunt,13011
ee,sonda,594
us,arnold,22831.5
ro,suletea,2535
ph,lacag,2207
mx,meoqui,21179
hu,totkomlos,6497
de,telgte,19739
bs,snug corner,407
br,capinzal,23799
br,juripiranga,8320
rs,rudovci,1779
ro,seaca de padure,1370
ph,mati,71832
in,kesinga,17995
in,kattivakkam,34598
gt,san marcos,24573
us,portales,11035
us,loma linda,20802
ro,gherla,23741
mk,dzepciste,8166
gb,littlehampton,58714
de,aue,18630
de,friesoythe,20178
sd,bentiu,7653
rs,valjevo,62471
de,nideggen,11075
dk,greve strand,41560
de,siegen,108228
af,baglan,108481
pl,debica,47366
ph,capuluan,2234
it,casarano,20722
hn,la esperanza,2309.25
gt,zacualpa,9050
es,arona,44838
dk,espergaerde,11358
cu,guane,16548
ao,catabola,18858
an,willemstad,97590
ve,cagua,119052
tw,miaoli,88945
jp,ryotsu,16359
fr,montpellier,238887
ca,bagotville,1081
ro,horlesti,3112
pl,lubsko,14994
pa,santa maria,1739
in,jammu,465600
gr,sikeai,44955
gr,preveza,17283
ni,juigalpa,48899
ng,ede,283728
lu,asselborn,413
jp,matsuura,20785
ie,kells,4820
bs,nassau,227936
co,colon,2308.5
za,ellisras,15360
ru,glazov,100677
ph,hijo,3014
ph,esmeralda,2674
ph,butig,6016
ni,managua,1140499
gr,khoristi,2719
gb,prestwich,32125
ca,havre-saint-pierre,2966
ph,la granja,5277
jp,minamiashigara,45129
in,washim,68628
cf,bambari,54783
co,distraccion,4742
us,noblesville,35840
ro,murgeni,7665
in,ojhar,44939
br,mutum,12582
us,barnstead,4572
ru,chebsara,1742
ph,angad,2223
gb,peebles,8404
es,benalmadena,38147
ph,espana,2624
fr,villiers-sur-marne,29652
bf,dori,27554
ua,okhtyrka,49818
ua,myhove,3546
nz,waharoa,569
mx,tlaltenango,10024.5
ir,sonqor,43177
hu,bekecs,2446
ph,magtanggol,2204
ke,ruiru,114636
jp,misawa,42805
gr,larisa,128760
gr,kamena vourla,2881
gr,kamarion,1382.5
fr,yerres,28052
ru,uren,12311
ca,notre-dame-du-lac,1545
ph,botao,2719
mk,zelino,25422
jp,itako,25791
gl,qallimiut,12
cr,buenos aires,11680
br,russas,39465
zm,kitwe,400955
ru,tonkino,5406
ru,ketovo,6966
ru,istra,33391
pk,rajanpur,50679
de,erlangen,102781
za,tzaneen,16954
sv,nueva guadalupe,5798
ru,balgazyn,3342
ph,bataraza,6169
na,oshakati,33636
gr,malesina,4281
es,oria,17378
ro,segarcea vale,3768
pk,mandi bahauddin,129770
mx,tultitlan,24387
it,agliana,15721
br,conceicao do coite,35172
br,iguatu,70381
pt,aveiras de cima,4615
ph,guinacutan,2861
mx,xiutetelco,6971
in,orai,158280
id,kebomas,75990
cl,lampa,29250
ec,san miguel,11706.5
ci,beoumi,25940
za,mmabatho,76897
tz,makuyuni,15516
sv,el transito,9486
it,tolmezzo,10777
us,country club hills,16350
ua,pershotravneve,2523
tz,kitangari,10956
ru,lvovskoye,4771
ru,kuytun,10566
in,pachora,46827
et,fiche,25763
ru,bezhetsk,28114
ru,adil-yangiyurt,4017
it,riese,10568
gt,siquinala,12881
dk,saeby,8435
ru,mglin,8369
in,leh,37498
fr,schiltigheim,32138
us,west haven,53401
ru,furmanov,38381
pk,ubauro,23463
ph,vitali,9653
no,fauske,5974
mx,pesqueria,5689
in,oran,6496
ro,bogdan voda,3377
pl,koluszki,13343
ph,angat,41235
no,heradsbygd,466
mu,saint aubin,1659
fo,gasadalur,17
ca,midland,31502
co,une,3208
ca,chatham,44554
ru,storozhevaya,7986
ro,helesteni harmaneasa,2652
ph,minante,6697
it,riesi,11322
gt,camotan,1565
gd,victoria,2256
br,loanda,18233
br,barra velha,17665
ru,vyyezdnoye,7857
in,kharod,8927
de,mulheim-karlich,10414
us,irvington,61323
ru,arzamas,109480
ph,dalaoig,2485
nz,wairoa,4260
nl,voorhout,16650
hu,polgar,8347
bf,sapouy,3862
ca,hebertville,1691
us,secaucus,15534
ua,dovbysh,4559
it,acerra,46729
in,karjat,34577
fr,le portel,10880
ua,nova ushytsya,4548
ph,lumbac,2448
hn,trinidad de copan,2232
cn,yingzhong,108883
an,soto,1987
th,uttaradit,58313
pe,oyotun,6359
ky,bodden town,6514
in,bijawar,19470
gb,dewsbury,56641
dk,bording,2104
ca,chapleau,2991
co,marulanda,1256
cm,foumbot,84417
es,manacor,36095
co,san diego,8014
se,vasteras,107194
ro,cupseni,3727
hu,pellerd,1881
us,kalispell,18018
us,elk river,20377
ru,salair,9096
rs,paracin,25411
ph,lupao,11000
jp,tokorozawa,339441
ro,buhoci,4736
pl,sztum,10081
ph,binanwanaan,3034
no,gjovik,17733
in,khurda,42530
cz,bruntal,17610
ro,darlos,3212
lu,bettembourg,7437
hu,jaszjakohalma,3088
fo,oyri,140
cn,helong,85756
au,bairnsdale,11006
bg,radnevo,13157
bm,hamilton,902
us,southborough,9686
ru,mayma,15428
rs,bor,39388
id,karang tengah,138471
br,teodoro sampaio,15193
us,fort collins,129252
ru,pokosnoye,3110
my,kuang,21184
mm,tharrawaddy,54393
de,halstenbek,16074
rs,novi knezevac,7499
bi,ruyigi,38459
br,maracana,12683
co,chinavita,1113
ua,kayiry,3364
ru,tulskiy,10508
ro,budesti,5111.75
in,chapar,19302
hu,debrecen,204825
ru,akkermanovka,1264
co,san pedro de cartago,1524
br,coari,50491
br,ipojuca,53365
us,emmaus,11206
ph,nunguan,2584
ph,lumban,30269
pa,boca de parita,1047
na,arandis,4507
jp,koganei,115968
az,gurgan,712
au,mackay,75924
br,santos dumont,41582
ru,kursk,409435
ru,koboldo,530
de,lengede,13196
co,ansermanuevo,12332
ru,nerekhta,25353
ru,gremyachinsk,12094
ro,saraiu,1464
my,kuala sungai baru,12269
au,swan hill,9276
us,mundelein,33012
ph,igmaya-an,3164
mx,chilon,5228
za,umkomaas,20410
ru,martyush,4110
it,lavello,12774
ir,shahreza,100806
in,talipparamba,69884
hn,armenta,2989
ca,medicine hat,63140
si,slovenska bistrica,6561
id,palabuhanratu,42999
no,kviteseid,644
mx,tierranueva,5362
at,anif,4154
cz,sitborice,1940
us,montpelier,7828
us,mission bend,34143
us,guthrie,10277
ru,balashikha,150105
hn,tepanguare,1040
hn,brus laguna,4067
br,arroio grande,16117
cd,boende,32089
ch,biasca,5937
us,cidra,5067
ph,dagup,2090
ro,ciocile,3101
mk,lipkovo,28103
gb,pencaitland,1671
gb,glasgow,610271
cn,chaoyang,410005
ca,waterford,3033
ca,flin flon,6002
az,turkan,9699
be,glabbeek,5070
de,dreieich,41054
br,charqueada,12391
se,sundsvall,48463
ro,jijila,5770
ro,chirnogeni,3533
pw,ngetkip,62
hu,felsoszentivan,1998
br,bueno brandao,5777
ro,cincu,1762
ru,tempy,458
ph,gibon,6919
lv,strenci,1593
hn,el guayabo,889
gr,meligalas,1431
at,laa,6084
us,duluth,55006.5
us,paradise valley,14400
ru,vladimiro-aleksandrovskoye,5444
pl,aleksandrow kujawski,12285
cn,yakeshi,116284
co,mitu,5917
ro,sichevita,2643
it,sinnai,17218
cn,pingyi,78254
ph,polahongon,2730
it,locri,12994
ar,gualeguay,33120
cd,libenge,27051
us,raymondville,9331
us,hollywood,144821
in,achhnera,20534
gn,siguiri,43599
co,otanche,3589
gr,arfara,1285
de,markt schwaben,11251
mx,el grullo,21031
in,mohpa,7141
gr,sperkhoyia,1004
br,beberibe,37028
ru,pochinok,9310
ph,san isidro,3088.05
gr,alistrati,2965
fr,levallois-perret,59434
ca,baie-comeau,10435
zm,chinsali,14016
us,flagstaff,57566
ru,bichura,9559
id,batu,75640
ru,podolsk,175326
nz,brightwater,1677
za,zeerust,17708
us,lake ridge,34382
ro,mehadica,891
ph,dapitan,50517
mz,xai-xai,127366
mx,comoapan,4846
hu,ocseny,2536
ca,sainte-agathe-des-monts,5706
ru,gordeyevka,3005
ro,piatra neamt,102689
ch,meiringen,4708
cg,djambala,9650
ca,saint-henri-de-levis,1380
br,itaituba,64758
us,sheffield lake,9139
us,beach park,12382
us,palmer,12423
ru,kishpek,4327
ro,ciobanu,3477
de,eutin,17258
ph,laurel,9720
de,emden,51639
de,rudersberg,11651
ch,bassersdorf,9860
ru,primore,859
ph,villanueva,5003.5
ph,lut-od,2418
in,honnali,16755
br,tapejara,12395
ca,norwood,1746
gb,coventry,308314
ru,ivanovka,4758
ru,atyuryevo,4628
rs,irig,4988
ro,ogra,2403
ro,aninoasa,4632
hu,mohacs,18711
cz,lomnice nad popelkou,6108
us,kingsburg,11413
ru,novogagatli,4619
ru,kafyr-kumukh,4274
ph,narvacan,3019
hu,kaloz,2527
gr,arakhnaion,803
gb,fenwick,828
ru,ullubiyaul,3665
gb,manchester,395516
in,patuli,4694
hu,nagybajom,3532
gl,savissivik,82
ge,ambrolauri,2408
gb,brae,622
ca,terrace bay,2060
tw,chishan,41137
ru,cheremnoye,4458
br,belo jardim,49923
br,nortelandia,9636
ba,bijela,3484
ug,busia,42596
ro,poienesti,3141
pg,daru,15215
in,kiratpur,60229
hn,achiotal,1210
at,rankweil,11455
ci,seguela,79565
co,penol,7698
ro,tulghes,3543
pk,kandiari,6861
ph,culaba,6232
pa,nuevo vigia,2163
in,redhakhol,14367
id,kertosono,60789
hn,mandasta,940
co,marinilla,24172
ru,verkhnyaya pyshma,59062
ro,bocsig,3493
no,tjorvag,361
mx,banderilla,15757
in,wellington,20256
gr,pentaplatanon,1015
us,east meadow,37427
us,hazelwood,25661
ru,arsenyev,61620
ro,sovata,11465
us,dickson,13234
pk,naushahro firoz,17632
de,radevormwald,24298
us,leander,19321
ru,velikent,4020
ao,cabinda,66020
br,cha grande,17117
us,hickory hills,13601
ph,santo domingo,3849
pe,chota,14304
no,hvittingfoss,1026
hu,orkeny,5119
br,lima duarte,13480
ro,plopii slavitesti,4716
pt,ribeirao,8735
pk,kandiaro,26808
jp,kushima,22102
ro,salsig,3097
ph,gamu,5545
jp,mishima,113480
in,shergarh,14078
gt,san sebastian,14519
be,lovendegem,9272
cr,mercedes,26013
ru,kosh-agach,5732
ph,bitanhuan,2841
gb,fauldhouse,4610
cl,melipilla,63100
ru,berezovyy,5633
np,dhankuta,22085
gb,new pitsligo,907
br,castelo,20198
pe,reque,9852
ch,vernier,29767
us,nantucket,14775
in,amarkantak,7613
au,coolum beach,8555
az,salyan,36555
us,brainerd,14218
ro,bodoc,2466
ph,calsib,2157
us,berlin,9953
us,santa fe springs,16330
tr,adilcevaz,52794
ru,chebarkul,46503
md,donduseni,9077
br,ribeirao do pinhal,11275
pe,la huaca,8506
hu,osi,2146
be,court-saint-etienne,9353
us,spanaway,25045
ua,vendychany,4182
ru,kuba-taba,3179
in,mahudha,16828
gt,atescatempa,11306
cn,zaoyang,184509
cz,klasterec nad ohri,15724
us,anaheim,333689
ro,barbatesti,2845.5
dk,vojens,8019
pt,valongo,21327
no,sandane,2137
lu,niederpallen,374
hu,arlo,4129
br,maraba,145865
co,san agustin,9481
us,waynesville,9463
ru,novozavidovskiy,7641
mx,alamos,8521
ph,jovellar,3146.5
ca,saint-gedeon,1859
zw,hwange,41632
ws,salelesi,411
ru,sestroretsk,41281
au,dubbo,29362
tz,isaka,21094
ro,hereclean,3685
it,rieti,45355
gr,potamos,2556
cz,brusperk,3573
ua,lyubeshiv,5812
tz,mahanje,15009
ru,shudayag,3446
pt,ponta delgada,20056
pt,oliveira de azemeis,11771
kz,saryagash,25139
in,alangayam,17357
hn,la sarrosa,2188
fr,mende,12214
ee,panga,290
ee,vinni,1032
us,arkansas city,11464
mx,tlalpujahua,3420
lc,gros islet,2448
in,naduvattam,11675
at,grodig,6918
ru,bogoroditsk,30216
mm,thayetmyo,98197
in,salur,50212
ca,saint-jean-de-dieu,1161
us,dodge city,25932
ua,andrushivka,9522
ph,idtig,3969
gb,grays,70935
ru,georgiyevka,3638
ph,sula,3431
mx,ascension,11781
id,wanaraja,26239
de,fuldatal,12102
de,arnsberg,77415
zm,kalomo,12485
sh,georgetown,538
ph,sasmuan,21124
ph,barongis,2987
hu,vamosgyork,2020
ru,skuratovskiy,13325
mz,tete,129316
sk,cierna nad tisou,4645
ph,calaba,3355.5
fo,toftir,854
au,castlemaine,6604
co,yondo,7516
cn,huinan,66315
us,huntington park,63831
ro,preutesti,9048
lv,plavinas,3848
co,cogua,4755
cr,alajuela,47503
af,sangin,13579
de,mering,12437
ru,starbeyevo,370
ru,mayna,6595.5
ro,ion corvin,2137
ph,capissayan,2882
np,dharan,108605
kz,saryshagan,4365
ke,nandi,3758
gt,mixco,460576
br,rosario,23271
cz,modrice,3491
co,topaipi,1099
sz,big bend,10344
br,carai,6750
ec,montecristi,18351
gh,tafo,50456
ba,zeljezno polje,5783
ro,slobozia,27659.5
pk,muridke,164292
hu,baracska,2701
gr,platanos,1195.33
br,jardim de piranhas,10935
ru,biskamzha,1961
it,aradeo,9108
in,bangarapet,42793
fr,plouzane,12588
bj,ouidah,83506
cz,votice,4599
cd,bosobolo,14552
ru,lgov,23265
lu,nagem,216
hn,el guante,1082
bd,faridpur,112200
de,bopfingen,12669
tn,bajah,57211
ro,micesti,4061
ee,kabli,365
us,new lenox,24315
tz,nyangao,16343
ro,busteni,9907
no,espeland,1782
mx,san luis de la paz,47323
md,taraclia,14094
br,belford roxo,466101
us,joppatowne,11716
us,hinsdale,18229
us,westlake village,8663
ru,zhavoronki,2899
it,tempio pausania,13947
cu,cardenas,98519
ca,east angus,3634
br,ibaiti,25797
us,bettendorf,31421
us,fremont,81697.3
ua,velykyy klyuchiv,3290
ro,sapanta,3234
ro,dobroesti,6599
it,cisternino,12265
de,landsberg,26624
mx,atlatongo,4983
gr,koila,1493
gb,inverkip,1733
br,itapecerica da serra,151608
cn,shouguang,79212
cz,mlada boleslav,44417
at,knittelfeld,12704
ro,magura ilvei,3767
pt,candoso,3893
no,skodje,1599
id,astanajapura,148055
hn,canaveral,2137
uz,parkent,35972
tz,ifakara,49532
rs,baljevac,1625
pg,porgera,1578
lk,bandarawela,7103
gb,reigate,52123
co,consaca,2239
th,phun phin,25810
ro,sarulesti,2346.5
ph,usab,2404
pe,nauta,11757
mx,cuacnopalan,7888
gt,quetzaltenango,132231
at,guntramsdorf,9071
tr,cumra,45681
ru,novorzhev,3988
id,atambua,35794
gr,kristallopiyi,699
br,curvelo,63955
us,stuart,15112
in,tori fatehpur,10211
us,east hemet,13876
si,borovnica,2115
ru,veletma,1178
ru,matveyevka,3276
cd,bulungu,48340
cn,yushu,124736
za,randfontein,133659
nl,vriezenveen,33809
co,cerro san antonio,7058
be,liege,182597
ru,zelenets,3040
pt,maceira,9831
ph,midsayap,32932
ph,abilay,2195
no,inndyr,662
ni,nagarote,35438
mx,tixtla,21130
mt,gudja,3023
tz,mbamba,8997
ro,hida,3083
ne,ouallam,7501
in,tadepallegudem,108176
bd,ishurdi,82005
co,los cordobas,2007
us,key west,24646
ro,recea cristur,1680
it,manfredonia,57015
hu,borsodnadasd,3546
hn,el zapote,970
be,farciennes,11488
ca,nipawin,3994
cn,jinxi,313247
sv,quezaltepeque,28886
kh,kampong cham,61761
br,botelhos,11073
cz,drnovice,2178
de,biberach,32501
us,eden prairie,63319
us,odenton,26005
ph,binodegahan,2471
in,patti,23388
in,kaimganj,32861
ie,kilcormac,1200
us,foxborough,22733
ro,sibot,2427
de,mainburg,13944
cm,meiganga,80355
us,opportunity,25877
us,nanuet,17973
us,hingham,30151
no,malm,1234
hn,corquin,4753
af,panjab,13471
pt,cascais,36436
jo,busayra,8238
ru,yuryev-polskiy,19414
ro,todiresti,6040.33
cn,fuxin,689050
us,glen allen,14820
us,the colony,41769
ua,vysokopillya,4542
ru,verkhoshizhemye,4382
ph,tala,4270
ph,palagao,2953
mu,moka,8842
es,la llagosta,13012
ar,villa carlos paz,61095
ru,monino,19852
ru,kardymovo,4951
ph,malawa,2102
co,corrales,1561
au,devonport,19318
uz,hamza,13470
us,temecula,85145
tr,tarsus,256617
ru,dzhalil,14797
nz,rolleston,3124
id,ciledug,98524
br,campo alegre,16786
de,lennestadt,28142
us,north platte,24172
ph,kapatalan,2719
ph,balete,5389.33
lu,bourscheid,275
ie,kilrush,2712
hu,kazincbarcika,32396
us,albemarle,15281
tr,anamur,57157
ru,bursol,978
lu,drauffelt,143
ru,pesochnyy,6348
pl,glowno,15103
ph,gang,3317
ni,masaya,123474
in,navadwip,111134
in,mokama,55209
in,addanki,28547
ca,hanover,7255
ru,novopokrovskaya,19342
ru,bogandinskiy,9586
ph,guiuan,11041
br,lagoa da canoa,13428
ph,kalanganan,2331
mx,jonuta,6483
de,wurselen,37594
at,wolfsberg,25610
pk,dalbandin,14623
pe,acolla,6836
mx,tacambaro,21059
in,sargur,10983
fr,paray-le-monial,8867
dk,hjortshoj,2515
us,laguna beach,24181
th,kalasin,55102
ro,titu,10081
mx,palmar de bravo,4504
mx,la perla,3249
kz,taraz,358167
in,silchar,152399
ph,balingueo,2906
it,cusano milanino,19368
ru,chany,8923
jp,mobara,97317
jp,ishinomaki,117235
hu,szentlorinc,7123
cl,osorno,135774
ve,tariba,27432
ua,rzhyshchiv,7993
ru,novogornyy,8132
mx,xitla,3515
lu,sanem,2489
in,topchanchi,5789
hu,tapiosag,2760
br,campo do brito,8011
br,delmiro gouveia,35260
br,miracatu,11679
tr,trabzon,244209
nz,raglan,2863
mx,atempan,5284
fr,rive-de-gier,13733
us,shelton,24363.5
lt,veisiejai,1654
in,arvi,41840
gh,takoradi,114989
br,manhuacu,54608
ru,dzhubga,5314
mx,ojinaga,22128
jp,itami,193526
br,pedregulho,11216
br,quarai,23229
ru,yelan,15181
ru,terskaya,3069
ph,calituban,3950
mx,buctzotz,7162
in,loharu,12411
ie,newcastle,4184
at,leonding,22736
ua,dublyany,2086
pg,kokoda,6199
mx,cazones,4001
fr,auch,21221
ba,bosanska kostajnica,4739
ua,vynohradivka,3110
ro,simonesti,3685
kz,aqtobe,262471
in,feroke,30229
br,general salgado,8084
ee,vanamoisa,353
ru,maloyaroslavets,32669
ro,mihailesti,3719
gt,dolores,10385
gb,west linton,1578
ca,pincher creek,3855
us,ephrata,13182
ro,voila,4513
ni,dolores,6143
in,bhuban,20480
gl,niaqornaarsuk,336
gb,denton,27464
cn,xianshuigu,74028
ua,drabiv,7011
ru,krasnooktyabrskiy,6941.67
mx,zaachila,12240
cn,yuzhou,87961
ro,auseu,2978
mx,tecalco,4810
it,san gavino monreale,9814
in,amritsar,1092528
be,berloz,2770
cz,valasske mezirici,27562
de,saarwellingen,13882
ar,zarate,88222
us,greenwich,63652
ru,yagunovskiy,8199
ru,slavgorodskoye,3683
no,byglandsfjord,328
it,cinisello balsamo,74123
br,itaperucu,26552
us,north highlands,45878
sv,ciudad barrios,8491
ru,chernukha,3448
ph,bagumbayan,2456.25
jp,umi,39773
co,villeta,20689
am,getazat,1947
pe,yunguyo,10210
wf,kolia,437
us,sevierville,15655
us,vidalia,10743
pt,sao teotonio,4936
pk,mustafabad,45809
ph,pangdan,3330
in,tiruvalla,57228
in,sumbal,11694
gh,akim swedru,8355
cg,brazzaville,1115773
us,west allis,59363
ua,sencha,2953
ru,bereznik,6218
ph,kimanait,3589
nz,rakaia,1043
in,erode,147283
in,dalkola,15287
gr,ioannina,64012
ph,talang,2497
ph,lapog,3148
in,mansar,6901
gr,kria vrisi,6839
za,jan kempdorp,13485
ro,comlosu mare,4745
ph,lamisahan,2989
ni,san miguelito,4447
gl,paamiut,1862
ye,lahij,23377
ph,new lucena,3059
hu,pand,2041
cn,linkou,77754
pt,vilar do paraiso,14727
in,maheshwar,21502
gt,olopa,1655
bj,parakou,163759
us,caledonia,24282
sd,kusti,345102
rs,sivac,8899
mx,la barca,34450
in,sonari,19673
gb,yetholm,584
fr,tournon-sur-rhone,10314
ph,jabonga,3245
tz,puma,17092
ro,halaucesti,5819
in,bakloh,1737
co,sacama,744
br,inhumas,44058
ru,ust-tarka,4325
mx,tlatenchi,4730
in,magadi,27215
bg,zlatarica,2847
tj,kulob,78794
pt,ericeira,7538
kz,arys,36289
gr,gargalianoi,6282
fo,gjanoyri,55
de,malchin,8413
co,rionegro,35903.5
de,dillingen,20232
br,boqueirao,11566
hn,casa quemada,2033
gb,lundin links,2124
br,urussanga,10670
us,brent,22735
ru,shabrovskiy,3868
ru,natyrbovo,3377
ph,tugbong,2636
mx,zolotepec,9857
ee,karksi-nuia,1986
au,townsville,138959
no,sommaroy,276
gr,kalos agros,1275
de,monheim,43905
ru,malaya purga,6803
co,guamo,14881
be,musson,4225
gt,san pedro ayampuc,45755
so,hargeysa,478283
ru,sibirskiy,11952
ph,balatero,3746
hu,bokod,2229
br,acu,36126
cn,nianzishan,62131
co,san pelayo,5637
ph,albuera,4968
mx,dzitbalche,10902
ly,suluq,15543
ao,luanda,2776125
ro,apostolache,2311
no,jevnaker,4347
lu,dahlem,389
fr,libourne,22514
au,torquay,6670
cn,suozhen,58766
cn,lishui,98946
de,viernheim,32921
td,ngama,12438
ro,cerbal,655
id,bengkulu,309759
hu,kisleta,1944
de,stockach,16800
fi,hameenlinna,47261
ru,nizhniy ingash,8458
ru,lyangasovo,12626
ro,manastiur,1757
ph,ilog,6741
pf,faaone,1747
gr,patris,1330
gh,bekwai,4260
ru,kabansk,6257
ru,berkakit,4764
ph,maanas,3477
ph,lapuan,3825
in,herbertpur,9479
gt,oratorio,9946
ge,tbilisi,1049516
cn,xihe,90422
hn,buenos aires,1030
hn,arizona,4444
de,traunstein,18275
tr,iznik,22242
ro,lazareni,2982
ph,del gallego,4070
it,sestri levante,18906
at,engerwitzdorf,8510
id,singkawang,101851
hu,kocser,2096
gb,bristol,430714
do,el penon,4088
us,bellmead,9801
ro,vladesti,2590
cz,ceske velenice,3504
br,ponta grossa,292179
us,piedmont,10619
tw,taitung,109353
ro,ciurila,1506
ro,andrid,2627
hu,biharnagybajom,2936
au,griffith,15456
us,fargo,92103
ru,oksovskiy,2123
pa,cabra,1415
nz,waipawa,1899
mx,tehuixtla,7075
mg,fenoarivo atsinanana,21036
in,shirwal,12703
es,priego de cordoba,22604
de,meinerzhagen,21907
de,kerpen,64729
cn,dehui,108818
de,zwonitz,12424
br,castro,42092
az,qazanbulaq,980
tw,tainan,734314
ru,vyritsa,11107
in,wazirganj,19374
dk,slagelse,31896
co,tangua,3348
si,tolmin,3684
ru,krasnokumskoye,13630
ru,kamenka,10156.4
ru,dobrinka,10063
ro,azuga,4961
ph,culubasa,2268
in,ladnun,60494
co,arboledas,2702
br,alegrete,77540
sv,nueva esparta,2528
ru,semikarakorsk,23583
ru,firsanovka,2824
ph,camias,7412
it,tarquinia,16898
tz,rulenge,22069
ph,taclobo,4782
ph,bongabon,36168
id,balapulang,28484
ge,kaspi,14735
ch,zofingen,12327
do,villa vazquez,11645
ws,amaile,221
ru,zadonsk,10326
ru,mamonovo,7271
it,castelfidardo,17870
br,paracatu,70754
us,south houston,16041
ua,berezanka,4090
ru,radovitskiy,1887
ru,pribelskiy,4969
ro,benesat,1737
lt,silale,6026
br,manhumirim,15544
cn,yingkou,591159
am,arevashogh,2435
am,dalar,2504
ph,tampilisan,3578
nl,doesburg,11692
cz,kamenice,2901
bd,nawabganj,142373
mk,labunista,8805
us,river rouge,9117
tr,batman,302204
ly,tarhunah,210698
it,recco,10341
ba,cazin,21741
bg,ljubimec,7623
us,danvers,25829
ru,kurtamysh,17936
pt,anta,10951
jp,suzuka,191479
gr,parga,2379
co,jurado,2351
br,tremedal,3252
ru,terenga,5461
mx,necaxa,8375
be,brasschaat,37040
us,lima,39906
ru,gvardeysk,15099
es,torremolinos,49412
ca,thompson,12467
co,mocoa,22035
us,millbrook,14308
in,nawashahr,31123
hu,merk,2335
fr,pont-a-mousson,14657
ru,bessonovka,6470
ro,suici,2897
hu,naszaly,2239
de,denzlingen,13388
za,lady frere,25041
us,davenport,96930
ph,san patricio,3647
pg,vanimo,11204
in,jhansi,412968
ge,adigeni,1313
ru,zenzeli,3147
ru,ulan-ude,360281
ro,solesti,3862
gb,boat of garten,517
br,volta redonda,249584
us,jensen beach,11812
pe,yanacancha,23280
pe,lircay,5260
de,gladbeck,77264
br,santo angelo,64607
ee,uuemoisa,1068
ro,islaz,6029
no,rakkestad,3813
nl,boxtel,29572
ng,port harcourt,1148753
fi,oulu,128618
be,herzele,16523
cn,liuhe,66975
ru,charyshskoye,3371
in,patur,21748
in,lunglei,52734
cn,rongcheng,320112
be,koekelare,8317
jp,numata,45526
gr,makrikhorion,1511.5
ee,karksi,528
zm,chililabombwe,57335
sy,salamiyah,91318
ro,peciu nou,4937
hn,nueva florida,904
cn,zhenhai,61979
rs,raca,2757
pt,mealhada,4443
gr,viron,61888
br,amarante do maranhao,11510
de,schwetzingen,23270
us,wood dale,13316
so,qandala,15923
sk,kosice,236563
ru,arsk,17243
ro,doba,2727
om,muscat,67445
jp,rumoi,26454
hu,katymar,2374
de,ginsheim-gustavsburg,16283
us,south saint paul,19338
ph,cabayangan,16539
us,desert hot springs,18991
mx,amozoc,57364
fr,saint-denis,84027
am,aygut,997
co,icononzo,3540
ua,vatutine,19407
ro,vulturu,741
gt,san cristobal cucho,8948
gb,south shields,83656
br,brusque,88286
za,benoni,605363
us,rosemount,18593
ru,ketchenery,3834
no,vikersund,2496
in,dahanu,49052
gr,viros,1057
ca,penhold,1818
ee,luganuse,454
cz,velka bites,4868
us,vidor,11213
pt,odivelas,54623
ph,mambayaan,2781
mx,cihuatlan,16520
mv,hithadhoo,5305
in,baramula,77282
ru,darovskoy,7261
pk,raiwind,31590
jp,hokota,27691
in,kanigiri,25045
tn,qasr hallal,39792
jp,kamaishi,43108
hn,oropendolas,1333
gb,salisbury,45600
br,arapongas,97513
de,nauen,19203
tz,arusha,341155
ru,krasnouralsk,27656
jp,hanno,86264
in,parichhatgarh,18992
id,plered,25122
fr,montesson,14947
ro,vadastrita,3715
hu,nagyrede,3308
de,sankt georgen,13825
az,haftoni,2003
us,hilliard,26893
ro,adamclisi,2247
gb,londonderry,86312
fr,le bouscat,23331
fr,la chapelle-sur-erdre,17646
de,stralsund,57959
br,petrolina de goias,7710
de,langenau,14411
gr,afra,879
cz,batelov,2383
cm,kumba,144428
bd,jamalpur,167914
us,nashua,87039
us,calverton,13083
tw,fengshan,334443
ph,nalsian,3157
hu,hernad,3689
br,rubiataba,16128
dk,gundsomagle,2149
us,olympia,44916
us,norwell,10581
ua,klishkivtsi,6272
mx,copala,6875
ga,okandja,7155
ee,suure-jaani,1254
bo,oruro,208687
bd,manikchhari,24836
us,mineola,19006
tr,fatsa,82203
sk,cadca,27281
ru,korkmaskala,6402
pt,real,5827
kn,cotton ground,381
in,mehkar,41140
in,kanker,25987
hn,yamaranguila,1187
gr,korisos,1389
be,bassenge,8151
us,saint matthews,17503
tj,vorukh,3836
ro,perieti,3800.5
ru,plast,17050
ro,galatii bistritei,2458
vn,vung tau,209699
ru,shakhta,2767
no,strai,1389
in,junagadh,184459
br,sao caetano do sul,136456
th,tha rua,19116
ru,cherepet,2070
ro,sanmihaiu de campie,1614
ro,gropnita,3414
mx,celaya,305913
fr,clichy-sous-bois,28642
br,santana do paraiso,25537
ee,vastse-kuuste,510
us,hallandale beach,35761
ph,caranan,7265
in,chandausi,112646
ro,cotusca,5333
nl,rheden,45374
hu,tiszaroff,1874
fr,lingolsheim,17242
us,aguadilla,16074
us,valley stream,35934
tv,lolua,628
ng,oron,112040
it,torre del greco,88006
it,san miniato,27806
dk,holbaek,24544
in,wani,57293
cl,concepcion,215414
cz,zlonice,2261
jp,chiryu,67062
id,tasikmalaya,271160
br,panambi,30408
br,patos de minas,126236
br,floriano,48588
ru,novosemeykino,9646
ro,filipestii de padure,10169
na,oranjemund,8496
mx,mazatepec,4975
gr,apollona,982
us,woodmere,16740
ua,tsybli,3512
cm,kumbo,53970
ua,vynohradove,4422
ru,ryazanskaya,5157
ro,maracineni,5782
ro,galbinasi,4013
ro,buchin,2073
au,armidale,22673
ru,likhoslavl,12290
pa,buena vista,3060
ke,malakisi,4319
it,galatone,15802
gb,falkland,1168
us,savage,27096
ru,sharanga,6273
co,amaga,12170
lu,echternach,4787
jp,niiza,153591
hr,dubrovnik,28428
de,tettnang,18365
us,easton,20915
in,tanda,44826
fo,haldarsvik,175
be,wevelgem,30954
es,altea,18588
co,almeida,754
cn,taian,750340
br,pitanga,18652
tz,nyamuswa,16507
nz,woodlands,285
gb,creetown,677
co,montecristo,5608
br,rolante,15594
br,catende,23323
ph,santa catalina norte,5448
ph,purikay,2537
ph,manuangan,4422
mx,mixtequilla,3526
it,procida,10835
gr,amalias,19580
br,espinosa,17549
bw,tsienyane,5222
us,wyandotte,26802
ru,stoyba,895
ro,samburesti,1458
ro,campia turzii,26457
ph,tagas,15292
lv,daugavpils,111564
hr,krapina,4725
fo,morskranes,45
br,itu,137589
de,pfarrkirchen,12029
ru,bereslavka,4817
ro,orastie,20763
in,begamganj,33470
in,sijua,31540
in,madikeri,33543
hn,san francisco de becerra,2411
us,west carson,21947
ph,valencia,3223.67
fr,gaillac,11635
ua,koryukivka,14214
py,los cedrales,2755
ph,wao,17845
ir,shahriyar,58855
gl,alluitsup paa,364
ca,wainwright,5380
us,missouri city,69715
sy,safita,20394
ro,magura,3887.67
ph,tangub,29721
ph,nagbacalan,2778
ph,miaga,2149
ng,funtua,136821
id,yogyakarta,636711
fr,vaureal,20250
co,santana,2091
cu,palma soriano,102830
de,horb,26287
us,normal,51331
us,laguna woods,19862
ru,tyumen,519124
ru,saskylakh,1920
pt,oliveirinha,4971
no,sparbu,619
gr,nea zikhni,2400
gr,kaminia,850
br,poco verde,12167
az,artyom,13435
in,raigarh,121291
de,stein,13885
us,east millcreek,20816
us,norman,101742
ug,kaabong,9806
ru,zernograd,29268
ru,shakhty,221315
ro,gaesti,15037
kz,tasbuget,16455
hn,laguna seca,1131
cn,huangmei,77633
ca,albanel,1087
ua,kalanchak,10673
lu,warken,1188
cz,mnisek pod brdy,4208
de,donzdorf,11038
cn,zhaoqing,361969
ro,slatina,42092.5
in,tirthahalli,15423
hn,arenal,1722
gr,atsipopoulon,1826
cz,frydlant nad ostravici,9753
es,benidorm,60603
cd,gandajika,154414
be,charleroi,200132
es,tomino,11598
us,walnut park,17168
ro,farau,1866
mu,calebasses,4648
ir,bafq,31218
in,narayanpet,39045
hu,siofok,23028
cz,moravsky pisek,2140
ru,ust-tsilma,4830
ru,tsementnyy,5972
br,panelas,12625
cn,pingdingshan,889675
de,bad laasphe,15268
de,aschaffenburg,69248
ua,blagodatnoye,1263
ru,pavlovskaya sloboda,5937
ph,mandih,3420
ph,malayu-an,2868
tz,mabama,15320
ru,novolakskoye,4463
ru,nizhniy bestyakh,3218
pt,monchique,5421
ir,baft,43081
in,sindhnur,68799
ru,okoneshnikovo,5501
rs,vinca,6027
in,vadakku valliyur,24749
in,periyapatti,10646
hu,rozsaszentmarton,2028
gr,petroton,842
gb,loanhead,6358
gb,lichfield,28973
ug,tororo,47729
tz,mingoyo,10480
ro,udesti,7177
eg,abnub,68756
is,stokkseyri,459
ua,sribne,3534
hu,matraterenye,1995
hu,harsany,2059
ar,rawson,26341
ee,rani,498
in,chandrakona,21858
fr,conflans-sainte-honorine,35122
fr,chalette-sur-loing,13771
co,prado,3556
us,columbia heights,18235
ua,dubove,8902
ru,dzhalka,6306
mx,tula de allende,27678
mm,ye,55682
in,proddatur,177816
in,nongpoh,14387
ee,prillimae,406
ru,elban,12531
ro,seimeni,2239
ke,nakuru,259934
it,suzzara,18304
in,farrukhnagar,24931.5
in,amanganj,13169
ph,puerto princesa,154816
ph,lucatan,2557
il,bet dagan,5990
hn,cubulero,1286
zw,masvingo,86772
tw,touliu,104726
th,wiang sa,11933
ru,usogorsk,5308
ru,dvinskoy,2845
ph,bintawan,4971
ng,ihiala,83272
in,raurkela,226886
in,malihabad,16651
br,bauru,335031
es,toro,9041
es,viladecans,61419
us,layton,62308
pe,sayan,6837
mx,progreso industrial,10332
in,konganapuram,8331
hn,belen gualcho,2359
gt,comapa,1462
fi,naantali,13607
cn,fulitun,76465
ro,edera de jos,3925
ro,bengesti,3504
ph,luzong,2207
mx,vega de alatorre,6710
ph,kajatian,5436
in,nangloi jat,194381
de,neubiberg,13057
bw,tonota,17760
de,loningen,13315
us,polson,4832
ru,shakhovskaya,10353
pl,garwolin,15912
in,basavana bagevadi,30829
id,ngoro,22871
hn,palo pintado,909
gb,fairlie,1568
gb,dunfermline,38961
fr,chalon-sur-saone,47968
ee,kullamaa,332
us,irmo,11286
ro,pausesti,2973
ph,tublay,3706
it,altopascio,12150
fr,bagnols-sur-ceze,18497
et,adwa,43582
ru,gastello,1042
ro,stolniceni-prajescu,5625
ro,certesti,2506
ph,bugas,2261
jp,kakogawa,271636
ph,malaya,11442
pa,cativa,29609
it,velletri,56758
in,chakia,16416.5
co,aguadas,19727
us,fort worth,618119
us,islip,21232
us,santa paula,29015
ru,turinskaya sloboda,6023
ro,santana-de-mures,4201
ph,trento,15916
it,busca,10168
gr,palaiokhorion,1540.5
us,oviedo,29056
ua,novi bilokorovychi,3251
ro,pielesti,3647
in,arcot,51948
hu,balatonszabadi,2838
au,cowra,6799
us,anderson mill,8744
us,moss point,14998
ua,bolhrad,16708
ph,lantapan,5021
in,bundi,98576
ec,rocafuerte,10274
br,itajuba,81871
ru,arti,13564
ph,legaspi,73076
in,jalalabad,27565.5
us,vadnais heights,13003
tr,korfez,90626
hu,pincehely,2548
gb,dartford,56694
et,mizan teferi,14002
sk,brezova pod bradlom,5567
ru,sol-iletsk,27420
ph,angono,87199
hn,san pedro zacapa,1065
gr,polikhronon,1174
ga,nkan,8526
ca,mayo,540
ug,kapchorwa,10416
ru,belomorsk,12165
rs,brus,4651
ph,pandanon,2201
in,rishikesh,66397
an,sint michiel,5138
sk,bratislava,423737
ru,krasnoyarskaya,5198
mx,usila,5063
hu,jaszbereny,27835
co,linares,3512
es,moron de la frontera,28438
ua,shyroke,5960.5
ro,balotesti,6795
fr,landerneau,14419
cl,ovalle,77139
sy,idlib,110503
ru,ekimchan,1177
ro,sendriceni,4200
mx,nuevo casas grandes,51358
in,talikota,27905
in,manjeshwar,8928
us,twinsburg,17352
se,marsta,23194
ro,sacaseni,1319
gb,insch,1504
dk,rodekro,5452
fi,jyvaskyla,85026
ee,surgavere,423
ru,trudobelikovskiy,9013
ru,temirtau,4723
ru,kadykchan,812
ro,rauseni,2987
gb,dunning,955
fr,plougastel-daoulas,13128
co,aranzazu,9327
ro,tunari,3859
pe,iquitos,439114
mx,juquila,5318
ua,brylivka,4305
ro,surani,1838
ro,draganesti-vlasca,4740
in,sardarpur,6710
ba,lamovita,4582
us,murphy,8834
tj,kim,2411
th,uthai thani,22219
td,beinamar,7445
lt,alytus,70750
jp,inagi,77024
it,parabita,9804
in,bundu,19469
us,kingman,24431
ru,tomarovka,7916
ru,izhmorskiy,5950
de,bad durrheim,12668
es,andoain,13961
us,chicago heights,31806
pl,torun,208717
br,mendes,17308
us,woodway,8771
us,kittery,13063
ru,iki-burul,3709
cn,luyang,55489
br,sao joaquim,16250
rs,ruski krstur,5122
nl,woudrichem,14762
dm,berekua,3195
de,bohmte,13432
br,extrema,13682
cz,libcice nad vltavou,3404
za,villiers,11240
us,north myrtle beach,13385
us,farmington hills,79955
ru,khodz,3028
ro,onesti,50489
ro,holboca,11708
mx,huatulco,5472
id,pekalongan,257973
hu,kallosemjen,3968
cn,zhangzhou,589831
us,skowhegan,9531
ro,valenii de munte,13276
in,rabkavi,73841
us,elmhurst,45060
us,watertown,25374.4
ua,kolomak,3712
it,magenta,23621
in,kanadukathan,4814
in,almora,32446
ws,utulaelae,166
us,river falls,13435
ru,dmitrov,61608
ro,borascu,3641
ph,karungdong,7269
ph,daguit,3391
pe,tarata,4936
mx,cadereyta,39760.5
it,cuorgne,10371
de,rielasingen-worblingen,12006
es,zaragoza,635509
de,ludenscheid,80045
de,hanau,89938
ro,barasti,2156
lu,weiler-la-tour,484
jm,ocho rios,9451
ua,rudnytsya,1228
ro,verguleasa,3439
ro,otelu rosu,11482
ml,kati,42927
hu,papa,32990
gr,layina,2649
es,soller,12658
ca,labelle,1239
dk,hobro,11064
cz,trojanovice,2054
bd,feni,84038
us,galveston,56420
ru,levokumka,5651
pt,rabo de peixe,7681
ph,dapdap,2175
fr,ostwald,11224
us,iowa city,64170
ru,belaya,2810
ph,murcia,5138
ph,maydolong,5492
mx,yanga,5300
lu,eltz,34
jp,ebetsu,133955
it,borgosesia,14144
co,sincelejo,261190
dk,seden,3350
pk,sarai naurang,19695
gb,burghead,1684
de,ingolstadt,120598
us,wadsworth,20187
us,homer,6560
ro,curtea de arges,32179
pf,teahupoo,1423
hn,agua fria,3196
gn,telimele,30310
fr,arras,41551
hn,french harbor,2698
fr,tassin-la-demi-lune,16450
fi,kankaanpaa,12381
us,saint john,10391
ru,yaroslavl,606735
ru,tugolesskiy bor,2217
ph,minuri,2546
hu,ofeherto,2727
hu,bodajk,4069
cn,didao,109561
br,altonia,11242
ro,ilia,3967
ro,ciurea,10110
mx,tenabo,6814
mx,chiautla,9643
gb,batley,50807
ar,viedma,76553
es,sanlucar de barrameda,62213
us,lenoir,17806
mx,irapuato,339568
lt,garliava,13811
jp,komono,40740
it,impruneta,14949
pl,grodzisk wielkopolski,13826
my,yong peng,27139
lu,pratz,367
us,north plainfield,20991
us,scottsboro,14737
pk,nasirabad,27810
ph,magallon cadre,3622
it,rubiera,12617
hu,dombrad,4276
gb,crimond,758
co,istmina,13788
gt,chajul,11416
us,cedar rapids,122945
us,bell,38335
ru,ostrovnoy,4747
ly,mizdah,26107
lt,kretinga,22238
jp,fukagawa,26152
br,sao joao batista,9086.5
pl,police,34350
lu,doncols,232
in,nimaparha,18224
co,taraza,13639
am,mrgashat,4961
ph,balabac,9880
lu,weiler,153
in,harihar,78041
in,bhor,18984
de,mombris,12393
tz,mtinko,26725
pa,pedasi,1558
in,moth,14078
au,nambucca heads,6899
ph,intampilan,2226
it,canosa di puglia,30426
in,suriapet,111741
be,houffalize,4614
au,jabiru,1892
ru,zarechnyy,20821.6
ro,mavrodin,5628
it,grezzana,10706
hr,pozega,21153
cv,praia,111611
de,wolfhagen,13265
za,lydenburg,21695
us,margate,55510
ph,balabag,3582
no,rotnes,4766
no,asen,447
ir,chalus,69644
gr,loukisia,1038
ca,oxford,1283
at,wolfurt,8110
us,richmond west,31541
us,hamden,59847
lu,wahl,235
il,tel aviv-yafo,370480
gf,iracoubo,1539
co,albania,3778.33
ee,aakre,295
se,timra,10168
ph,mambajao,10057
cz,banov,2072
br,ubatuba,79008
us,shrewsbury,33893
us,morro bay,10242
ru,temnikov,8252
ru,lensk,23695
ro,chiajna,8105
mx,tlaquiltenango,19056
ca,lumby,1625
za,springs,186400
sr,paramaribo,220306
ph,zamboanguita,6164
mx,tekax,22807
gr,pella,2476
gr,melissourgoi,593
fr,bayonne,40336
bo,los negros,3046
uy,pando,28775
sr,totness,1800
ru,rzhavki,4084
lu,wasserbillig,2327
ie,ballinasloe,6388
cr,escazu,12073
zw,shurugwi,17107
us,rupert,5216
rs,bavaniste,6027
ph,real,5709.5
in,indergarh,17368
cz,chlumec nad cidlinou,5229
tn,taklisah,20659
ro,scrioastea,4244
ro,lopatari,4385
ro,fratesti,5527
ro,conop,2296
ph,tamugan,8291
pg,rabaul,8085
pe,chimbote,320119
it,carmignano,13366
br,aimores,19133
dk,maribo,5349
br,sento se,19596
ug,fort portal,42671
ru,privolnaya,6566
ru,novaya tavolzhanka,5053
pl,lubaczow,12595
pa,boquete,6123
mx,san bartolo del llano,10937
at,ebreichsdorf,9509
ph,tagakpan,4019
lu,cinqfontaines,13
ee,janeda,448
cz,baska,3145
se,kungalv,21262
pk,hingorja,22264
ph,digkilaan,4349
pa,rio hato,4752
gr,anavissos,8459
by,vawkavysk,47300
dk,sakskobing,4928
pl,nidzica,14720
gr,fanai,868
fr,notre-dame-de-gravenchon,8511
ch,massagno,5918
br,cornelio procopio,45031
us,washougal,10234
tr,eregli,90530
tr,demirci,21389
ru,belichan,30
pt,caldas da rainha,26647
gr,petinos,1014
be,laarne,11600
co,sutatausa,1332
an,kralendijk,3081
ba,polje,3799
us,eugene,145208
ro,mirsid,2246
in,andippatti,24450
hn,santa barbara,15121
dk,gram,2548
us,middleburg heights,15681
in,narwana,55854
no,vassenden,246
be,waasmunster,10460
co,bochalema,2511
be,waarschoot,7762
us,fernley,11974
br,wenceslau braz,15726
de,schermbeck,13758
ro,taga,2124
mu,esperance trebuchet,2323
gr,daratsos,3747
br,maribondo,10475
bg,borovo,2520
br,padre bernardo,16118
us,lompoc,40957
ua,khyriv,4419
sk,malacky,17773
rs,ripanj,10827
ie,shannon,8781
gb,wolverhampton,252792
cz,volary,4047
at,kremsmunster,6626
mx,chapultepec,5828
lr,monrovia,935427
jp,soja,57469
gr,rizia,1645
de,grunwald,11173
tz,mlandizi,29394
mx,calvillo,19663
ly,darnah,78782
it,appiano,13521
gb,bletchley,50193
be,zingem,6588
ec,el angel,3983
us,south euclid,22350
ro,salciile,2286
mw,ntcheu,10464
in,umri,9365
am,verishen,2114
tr,carsamba,50488
ph,maya,7572
mx,xoxtla,10089
mx,enthavi,4810
in,baindur,20322
ca,stephenville crossing,1183
ro,suncuius,3444
ro,sacalaseni,5733
ph,tablac,2903
mz,chokwe,63695
lu,medernach,907
it,lastra a signa,18870
cn,tongzi,80344
ua,voronovytsya,6389
th,kabin buri,20212
ru,yablonovskiy,25078
pt,godim,4919
ph,botolan,22994
ph,biga,3130.75
it,spoltore,17633
in,saraikela,12665
gb,bolton,141331
fr,les herbiers,14433
fr,drancy,63535
fo,funningur,66
br,teixeira,9954
ro,scurtu mare,2066
ro,maciuca,2193
ph,naga,77788
jp,kisai,20851
it,mortara,14300
ru,taremskoye,3059
ro,negru voda,5585
it,ugento,9893
gb,stourbridge,56284
fi,sakyla,4870
in,shorapur,49505
hn,san pedro sula,489506
gt,champerico,7602
gb,ochiltree,665
de,sonneberg,24351
cr,quesada,27316
ru,ferzikovo,4344
pl,suchedniow,9184
ph,tandag,29010
lt,sakiai,6614
gb,haywards heath,29660
fr,mantes-la-ville,19639
br,aracoiaba,13260
za,breyten,12550
us,jeffersontown,26464
ph,caminawit,11161
ni,rosita,8151
mx,coatzacoalcos,230727
hu,hernadnemeti,3629
gr,royitika,1206
fr,annecy,51119
ba,bijeljina,37691
ru,medvedovskaya,16941
ro,husnicioara,1699
ph,dulig,2572
hu,dunakeszi,30246
bo,rurrenabaque,11750
us,ithaca,31159
ph,naguilayan,3777
nz,murupara,1876
it,san sebastiano al vesuvio,9931
ru,lev tolstoy,8955
pt,ourem,12729
pt,argoncilhe,8743
hu,jaszszentandras,2640
ch,spreitenbach,10544
br,marialva,26001
ch,suhr,9522
ro,morunglav,2958
ro,campeni,7932
pk,rohri,50668
cn,nehe,108253
us,la grande,12288
ph,mababanaba,3733
gr,nea santa,1420
cn,hangzhou,1878129
ru,verkhneye dubrovo,4596
ru,goragorskiy,4783
ro,poiana mare,12633
ph,mayo,2829
hu,bagamer,2433
br,horizontina,14416
at,bergheim,5031
de,bad bentheim,15436
ye,aden,550744
rs,cacak,75062
ro,rasca,5127
ro,hoceni,3192
pl,elblag,127558
mx,santa barbara,10800
us,peachtree city,34215
ru,tselinnoye,5773.5
cz,cernilov,2160
ph,tablas,2336
ph,liboran,2772
gr,kozani,36481
co,yacopi,3202
us,new castle,16060.7
ru,ishcherskaya,4941
pt,adaufe,3850
no,svolvaer,4188
ir,fereydun kenar,34100
hn,palkaka,909
us,algonquin,30394
pl,malbork,38655
it,soliera,14530
in,digapahandi,11167
ie,athboy,1656
co,tinjaca,400
ua,blyznyuky,4824
ru,sherbakul,7251
ru,morshansk,43312
ro,ovidiu,13258
ro,dragesti,2521
us,ocoee,28570
ru,zhemchuzhnyy,802
ru,ozernovskiy,2615
ca,lavaltrie,8762
ee,suuremoisa,316
ua,druzhba,2032.5
in,kumher,21904
eg,beba,59937
co,carmen de apicala,5640
bb,bathsheba,1765
ca,smoky lake,1063
in,sindgi,33773
am,avshar,4215
it,grottaglie,31543
br,nova aurora,9013
ca,crossfield,2512
de,kappeln,9801
ru,nizhniy ufaley,2818
pk,dijkot,27468
br,corinto,22121
br,alem paraiba,33907
ua,chynadiyovo,6564
sz,kwaluseni,3395
co,litoral del san juan,1448
br,redencao,14174
co,san jose de pare,941
md,vulcanesti,17032
gb,halkirk,897
cz,trinec,39054
ru,sterlibashevo,5786
br,guapore,20050
de,nordhausen,43709
az,qaracuxur,72989
at,jennersdorf,4319
ca,forest,3018
ua,talalayivka,5054
ro,acatari,4719
na,omaruru,11546
hn,jutiapa,1984
gr,pilaia,23494
fr,le mee-sur-seine,21861
ws,vaisala,599
us,canon city,15972
th,bang krathum,18874
ph,santo nino,3336.1
ph,dolo,3973
mx,el rosario,14577
ru,kargasok,8572
na,tsumeb,12191
gb,brighton,139001
de,fulda,63851
sl,blama,7488
nl,utrecht,267044
hu,kelebia,2985
fr,concarneau,20178
al,elbasan,100903
us,holt,11023
us,new orleans,459336
ru,zalegoshch,5925
no,tveitsund,347
lt,akmene,3026
gr,pitharion,1302
dk,svebolle,2186
cz,nove sedlo,2626
et,finote selam,23467
us,kendall,83026
sz,bulembu,2263
ru,orgtrud,4393
it,pompei,26251
be,neerpelt,16122
ua,dnipryany,4537
ru,tarasovskiy,8949
ru,bednodemyanovsk,7475
ro,vultureni,1861
ro,frumusica,6069
mm,labutta,41769
jp,koriyama,340563
in,ajjampur,10795
gb,eccles,37275
ua,verkhnya syrovatka,3669
ua,pryozerne,3013
ua,holoby,4203
ph,perrelos,10971
ph,pagsabangan,4284
in,jalandhar,785234
in,barwaha,24423
hu,tapolca,17598
hu,egyek,5573
at,lustenau,20218
de,lage,36709
ca,sooke,6145
eg,ismailia,284851
co,guapi,13854
ua,bratslav,5819
ro,bautar,2731
ph,calog,2959
gb,almondbank,617
cn,shuangyashan,209521
ch,dornach,5940
br,mauriti,20064
pg,ialibu,6915
it,lizzano,10376
bj,pobe,32983
ru,leninkent,13912
ph,tibanban,7838
ph,alimanguan,3324
ch,wattwil,8129
ar,posadas,313438
ro,osorheiu,5764
ph,pililla,30408
na,eenhana,3405
cu,cabaiguan,44516
us,woodburn,22866
us,jacksonville beach,21552
us,rossmoor,10651
in,mundra,15219
fr,villeneuve-saint-georges,29506
tz,kakonko,24688
ru,volosovo,12096
ro,beresti-tazlau,5661
ph,abulug,2412
mx,tetepango,7289
hu,nyaregyhaza,3770
gl,qassimiut,49
br,cafelandia,13777
br,nepomuceno,18911
us,spanish fork,24613
ru,shilovo,11443.5
ru,sanchursk,5544
nl,asten,16199
my,melaka,180675
hu,ujhartyan,2852
ua,usatove,7732
mg,betafo,29785
hu,tiszaalpar,5070
gr,rethimnon,29907
cf,carnot,83761
co,villagarzon,7015
cd,kasongo,55115
sd,abu jubayhah,21791
ph,yumbing,4930
ph,rebe,4413
ph,maluid,2726
hu,orgovany,3472
hu,esztergom,28785
ca,saint-pie,3034
br,remigio,9659
ph,linapacan,2972
np,nepalganj,61477
us,ellensburg,17049
us,ada,16144
sv,sonsonate,59473
ro,tansa,3081
ph,badian,3159.5
at,sankt andra,10825
mx,temixco,91064
jp,maruoka,33564
cz,most,68254
bw,kopong,6896
be,beringen,40930
us,jacinto city,10121
us,raymond,7445
ru,zeya,26999
pf,afaahiti,5186
nz,southbridge,785
in,giddalur,28142
ee,turi-alliku,507
ro,lumina,7168
pl,pulawy,49759
ph,magdug,2343
in,hindaun,95600
gr,melissokhorion,2002
gr,akrini,1113
at,koflach,10447
au,atherton,6959
br,nova soure,11340
de,borna,18504
us,woodbury,23724
sk,svaty jur,4614
jp,makubetsu,25935
jp,kobayashi,39748
ir,rehnan,49147
ru,topchikha,9301
in,bhawanigarh,19377
id,pandaan,34184
ch,sierre,14648
bo,potosi,141254
us,warren,49960.2
ph,san antonio,4612.12
ph,mailag,5388
mx,opichen,4265
in,talgram,10631
be,gouvy,4706
ca,wheatley,2028
ro,tureni,2545
pk,ghotki,64319
ph,baybay,2563
gr,ayios yeoryios,1906.5
be,ranst,17405
br,bela vista de goias,14289
co,girardot,130292
ro,pancota,7133
py,primero de marzo,837
mx,bolonchen,3913
in,tenali,151793
ug,kyotera,8472
ru,borovskiy,15406
it,seravezza,12985
in,parola,37004
in,jevargi,20157
gb,ladybank,1519
cn,taixing,79655
us,orocovis,944
ru,zhiryatino,2324
ru,tirlyanskiy,5758
jm,half way tree,18552
am,hrazdan,40796
dk,helsinge,7354
tv,asau,628
ru,yuzhno-yeniseyskiy,807
ru,krasnyye chetai,2954
ru,chara,1974
pa,david,82863
lv,aizkraukle,8840
in,nagar,23548
br,realeza,10389
bo,tarija,159275
ru,verkhoyansk,1388
ru,vereya,1973
ru,kurskaya,12036
it,campobello di licata,11557
in,masinigudi,9642
de,worth,17507
be,pittem,6589
ba,ilici,3688
ua,dvorichna,4322
ro,gura humorului,15728
in,parole,7801
us,south patrick shores,9031
pk,lachi,18538
lv,jurmala,54088
hn,san francisco de cones,1066
gb,falkirk,32479
cn,leshan,154477
ca,cabano,2710
ru,chkalovsk,13577
pg,angoram,1603
kg,kyzyl-suu,16927
br,jales,43832
zm,luangwa,3065
td,pala,35466
ph,panlaitan,2596
it,macomer,11796
ca,nakusp,1706
dk,stenlille,1905
bg,malko tarnovo,2920
cn,feicheng,80929
br,andrelandia,10079
co,momil,6441
ph,east migpulao,2689
it,piazza armerina,21864
tr,bodrum,39337
ru,kesova gora,3946
jp,tenno,22740
jp,soka,231449
br,joao neiva,10383
ci,oume,78872
ru,tsibanobalka,4548
ru,krasnaya polyana,4882
ru,biryusinsk,9583
mx,calpulalpan,29321
fr,rumilly,12278
cz,horni benesov,2473
us,middle river,24019
us,paragould,23450
pt,vila franca do campo,5035
hn,santiago de puringla,2433
de,forchheim,30838
br,sao carlos,205039
ru,tikhvin,62076
ru,nizhnyaya poyma,9560
fr,la ricamarie,7527
ru,ustyuzhna,10566
ph,gayaman,3765
in,budhlada,25433
hu,tiszakarad,2522
ru,novopokrovka,3056.5
py,itaugua,65035
ph,malacampa,4537
no,mo i rana,17926
ro,valea lui mihai,10240
nl,roosendaal,81228
is,hofn,1695
de,krumbach,12518
ci,daoukro,56310
ro,serbanesti,3120
ph,managok,6477
us,buxton,8136
bg,rila,2936
us,alpharetta,34869
sk,rimavska sobota,25235
ru,khorlovo,3852
br,natuba,3333
ws,tuasivi,365
ph,bacnor,2216
lb,riyaq,18878
in,azamgarh,116655
id,sampang,53270
br,borborema,11759
ro,suceava,105797
mx,tlahuapan,7639
in,nattarasankottai,5921
gr,kalamaria,91617
ro,beceni,4992
ph,quilo-quilo,7126
us,new gloucester,5389
rs,prijepolje,14811
ro,adjud,17299
mx,cuernavaca,343785
cn,guiyang,1171633
us,napoleon,9198
ph,miaray,3190
gb,skelmorlie,1859
ca,coaticook,7021
us,north amityville,17890
ru,sosnogorsk,29343
ru,kardailovo,3036
us,mukilteo,19927
us,north mankato,12590
us,stanford,12574
ph,biasong,2163
ro,vadeni,4173
ro,ciortesti,4378
ph,igpit,4495.5
hu,siklos,10180
de,schweinfurt,54801
us,jenks,12921
ru,leninaul,7503
jp,ichihara,283537
cn,tieling,333907
al,fier,59719
br,terra rica,10346
ru,tonnelnyy,433
mw,chipoka,4346
in,hisua,27946
hu,kaszaper,2063
gr,molaoi,3018
es,maracena,17085
us,magna,24755
ph,cabatang,4211
de,essen,576914
ro,arsura,1984
ua,vashkivtsi,5764
it,latiano,15321
in,hirekerur,16688
gr,asprovalta,3333
de,oberasbach,17343
dk,trige,2475
tr,cizre,81039
pk,shekhupura,361408
hu,jaszalsoszentgyorgy,3777
dk,haderslev,20825
us,farragut,19312
us,north arlington,15205
lu,luxemburg,76684
hu,cibakhaza,4565
co,betania,3800
zm,mongu,52539
us,maplewood,23394.3
ru,proletarsk,19494
ro,pades,5071
ro,branesti,6751.67
in,ganj muradabad,9971
us,beech grove,14169
th,bang pakong,25620
pa,paso blanco,2735
ng,ogaminana,84380
ca,salmon arm,10093
us,salmon creek,19192
sv,el congo,8906
ro,giubega,4166
mx,valle de allende,4198
mx,nombre de dios,4556
jp,mitaka,178739
in,basna,9305
hu,szekszard,35327
cl,temuco,238131
us,la crosse,50470
ru,zhadovka,2098
ph,bateria,3629
lt,ukmerge,28662
jp,seto,134247
gr,ptolemais,30045
gr,korinthos,30900
br,itaocara,16763
cz,raspenava,2835
ua,mala danylivka,7211
nl,oud-beijerland,23787
in,rengali,7704
ie,castlebar,12874
fr,marly-le-roi,17041
ee,kuremaa,594
de,montabaur,12518
us,elwood,9940.5
ru,yaksatovo,3376
ro,pietroasele,3690
pa,cerro azul,1287
no,berkak,905
nl,houten,40766
jp,mitake,19340
it,frattaminore,15664
in,moradabad,721210
ph,panitan,5156
ph,niugan,4014
gr,aneza,1197
cn,foshan,627348
ru,upornaya,3350
in,kanniyakumari,20542
hu,ajak,3983
fr,limay,18306
co,tibana,1802
sl,bomi,3583
ph,talisayan,4131
my,kuantan,366253
in,supaul,60027
ie,granard,1292
ie,clonmel,17394
fr,bois-guillaume,13395
ee,kuremae,369
ru,pestovo,15910
ru,erken-shakhar,4170
ph,sapang,6725
ph,minapan,3055
in,sherkot,57367
in,alipur,20738
cl,nueva imperial,18777
us,vega baja,29326
us,junction city,17215
ru,chernitsyno,2959
ph,san casimiro,2833
mx,el bosque,4158
mx,antonio escobedo,5269
ec,quevedo,119436
us,bend,65756
jp,kushiro,22864
gb,motherwell,29908
cz,chomutov,51054
tg,kande,10615
ro,cislau,4961
mx,la llave,5644
bg,strelca,4699
de,bergisch gladbach,106611
ru,untsukul,5913
ph,matabungkay,3718
gr,arnissa,1556
ca,sturgeon falls,6314
at,neusiedl am see,5949
us,oil city,10891
nz,kaeo,508
cn,huaicheng,89294
de,cremlingen,12811
co,guarne,14270
br,esmeraldas,103252
ru,novoplatnirovskaya,3988
ru,krasnokamsk,52690
in,anandpur sahib,15230
ie,athlone,15951
us,benicia,26742
de,bad driburg,19743
rw,butare,89709
pt,recarei,4856
fr,le pre-saint-gervais,17220
de,karlsruhe,284786
ca,contrecoeur,3587
be,stekene,16989
us,radford,14117
us,baker city,9539
us,lake city,10924
ru,kurya,4258
pl,miedzyrzecz,18669
ph,puerto galera,3274
ph,hinaplanan,2695
nz,kaiwaka,565
mx,sahuayo,58516
it,siniscola,10187
id,barabai,60231
gb,walkerburn,638
ch,jona,17806
de,bad vilbel,30933
us,leisure city,23770
ru,zakharovo,2882
pa,el silencio,987
ng,ogbomosho,861303
is,skagastrond,550
gb,stromness,1564
ro,straja,5304
no,hillestad,344
in,khurja,105920
cn,aojiang,74636
de,michelstadt,17363
ee,koeru,1300
us,foothill farms,17828
ru,bolshoye selo,3643
pt,vilela,5540
pt,canico,11996
pe,san vicente de canete,28157
it,san giovanni lupatoto,22034
hu,szeghalom,9985
dk,harboore,1745
us,tumwater,13374
am,vardadzor,2095
ph,loacan,6371
gb,hereford,58281
cn,sanmenxia,357767
at,moosburg,4602
co,acacias,40628
th,huai mek,12352
ru,shirokiy,1031
ru,serafimovskiy,10360
ru,myski,44082
ph,san jose de buan,2811
ph,ocana,13898
ke,litein,3129
bo,quime,2405
ru,kuzhener,5797
pl,kolobrzeg,44377
in,bihariganj,32806
hn,pueblo nuevo,1855.67
ua,reni,19719
it,aversa,56626
in,kishanganj,94817
de,volkach,9424
li,mauren,3626
it,avigliana,12080
gm,brikama,101805
br,umirim,12220
br,bom conselho,27801
pt,arvore,4553
nz,whangamata,4253
de,lahr,43676
br,agrestina,14453
py,san juan del parana,1494
mx,tlapacoyan,33669
fr,porto-vecchio,11065
cr,esparta,15575
de,taucha,14669
za,caledon,4687
ru,kasumkent,12225
ro,chiuiesti,2720
ml,kimparana,6014
fr,la queue-en-brie,11589
de,neumunster,79429
ro,odobesti,6618.5
hn,la reina,954
ca,bow island,1792
sm,chiesanuova,952
pa,anton,13852
mx,xilitla,5906
in,pahasu,18856
gl,sermiligaaq,223
gb,thornhill,1504
co,pamplona,53588
br,ecoporanga,13774
us,goodlettsville,14516
us,westwego,10386
ua,mykolayivka,3101
ph,uyaan,2601
mx,zirandaro,3663
in,murud,12666
in,malpur,6972
in,dharampur,21209
ro,dobreni,3641
ph,pangian,4001
jp,kasugai,298591
in,rajmahal,19713
gb,stevenage,84652
us,florida,5972
ro,budeasa,3789
pe,ricardo palma,5343
co,chivor,1622
ch,adliswil,16144
au,tumut,6526
us,burlingame,26777
sv,cojutepeque,48414
ru,edissiya,5775
pt,camarate,20176
mu,melrose,2002
lt,svencioneliai,6791
gb,keighley,50171
ua,snyatyn,10089
na,keetmanshoop,15609
in,handia,17862
gr,limin khersonisou,3103
ca,lacombe,10059
br,itororo,17325
us,culver city,40129
ru,yarovoye,21195
ro,blejoi,7646
ph,naisud,2499
np,siraha,24659
lt,marijampole,47617
in,srinagar,498072
cn,tongchuan,140974
in,korba,419326
co,sandona,10402
cz,zakupy,2582
br,cariacica,330681
ru,prokhorovka,10136
ru,podgornaya,5336
pt,tavarede,8586
ph,cabanatuan,220095
my,semporna,62686
lu,koerich,1066
jp,ryuo,43181
it,avigliano,11881
bo,santa rita,2444
eg,diyarb najm,51841
ro,suciu de sus,6125
br,dois riachos,4565
za,utrecht,3575
us,utuado,9844
ru,khokhlovo,2478
ro,moldova sulita,2059
pl,jedrzejow,16792
mx,tepetlaoxtoc,5860
in,belaguntha,10361
us,streetsboro,15787
ro,ghioroc,3998
ph,nancalabasaan,2139
no,movik,363
lu,oberpallen,397
br,inga,8751
us,guttenberg,11086
ru,vyazma,57192
ph,pinamungahan,23068
ph,bawisan,3461
my,putatan,78340
in,jhalida,18059
cg,loandjili,26387
de,eisenhuttenstadt,35839
de,warendorf,39281
am,ushi,1276
sl,bonthe,9712
si,slovenske konjice,4830
ru,turinsk,18555
ru,takhtamygda,1125
ro,homorod-de jos,2019
mx,santa catarina de tepehuanes,4800
mx,rio frio,5707
in,umarkhed,35268
in,shrirangapattana,23929
in,khilchipur,16412
in,karur,76922
ie,portmarnock,8037
ee,raasiku,1317
ec,cayambe,26582
es,albal,13507
gr,elati,886
cn,yuxia,60206
ua,karapyshi,2960
ro,crusetu,3895
ph,tabid,3152
gp,grand-bourg,5869
bb,speightstown,3634
cn,kuytun,187242
ro,independenta,3912
nl,zeist,60233
co,abriaqui,1281
ve,guanare,112315
us,lincoln village,9173
ru,selishche,1328
ru,nadezhda,8426
ro,glodeanul sarat,4683
ph,managpi,2683
de,ascheberg,15327
be,zandhoven,12306
ua,oleksandrivka,7110
ro,bralostita,3840
ro,arefu,2750
rs,ribnica,2770
in,dhulian,77078
in,bansi,39930
cu,santa fe,4595
dk,faaborg,7239
cn,xinzhi,72303
us,beavercreek,40788
us,trumbull,36065
rs,sajkas,4785
de,langgons,12251
cz,hrob,1979
us,bryan,69621
us,williamstown,12310
ua,pustomyty,9434
hn,el olivar,1279
fr,annonay,17082
es,puerto lumbreras,12542
co,sotaquira,1352
cz,nemcice nad hanou,2102
us,avocado heights,15832
ru,nizhniy novgorod,1284176
nl,zandvoort,17893
tr,kozluk,29517
nl,alphen,72570
it,san mauro torinese,18799
tz,maswa,22025
sd,marabba,12108
ph,dian-ay,3195
mk,dolneni,11534
is,djupivogur,389
gh,suhum,25192
gb,west calder,2769
jp,iwamizawa,85108
in,bellary,336710
bg,madan,7179
tz,chimala,24817
ru,orda,5270
ru,mindyak,2955
ph,tabio,3543
mx,tepoztlan,15963
mx,amayuca,4984
in,ganjam,11430
ru,ust-barguzin,7195
ru,karatuzskoye,7900
pk,loralai,37791
cf,mongoumba,11663
us,west new york,46010
ph,tagoytoy,2106
ba,donja dubica,3489
ua,sobolivka,3605
ru,kirishi,56191
ru,aleksandriya,4223
pl,nysa,47954
cn,jiangyin,107918
us,saint petersburg,246316
ph,katangawan,8476
nz,kawhia,543
nl,stadskanaal,34316
fi,lohja,35960
bg,zlatograd,7673
gr,angelokhorion,1258.5
br,paraiba do sul,35518
us,montclair,31298.3
pt,barcarena,11968
in,najibabad,84014
br,socorro,24272
cn,hebi,244662
be,ninove,34795
us,cutler,18117
ru,krasnoye-na-volge,7953
py,la paz,340
ph,dalirig,3660
ru,otradnyy,50127
ru,aykino,3358
ro,olanu,3340
ro,obreja,3136
ng,jalingo,117766
mx,mier,7259
in,radha kund,6421
br,sorocaba,558874
at,velden am worthersee,8817
ru,klyavlino,6318
ro,nistoresti,2335
ph,kipalbig,5070
nz,franz josef,315
lc,dennery,2893
br,porto feliz,41016
at,gallneukirchen,6282
mx,zacualpan,4232
in,amalner,97377
gf,roura,2230
de,mannheim,309626
us,novi,53754
nl,gorssel,12824
ir,ramsar,31976
id,pamanukan,114386
fr,dinan,10257
co,yacuanquer,2643
es,la algaba,13346
ph,majayjay,11412
nl,best,30292
in,harda,67394
hu,kenderes,5243
gr,strimonikon,1869
co,sitionuevo,11817
yt,ouangani,7273
fr,meudon,42802
us,mendota heights,11195
us,calhoun,13707
tn,tinjah,18551
jp,yanai,32229
fr,loudeac,9177
nz,sanson,508
lu,wintrange,384
lu,erpeldange,602
it,salzano,12306
ws,vaotupua,183
py,tavai,722
es,burriana,29791
br,sao goncalo do sapucai,19487
ca,baie-saint-paul,4512
ro,borlesti,8965
mx,san salvador el seco,15271
fr,mougins,18615
ca,fort saint john,16656
ru,yuzha,14678
fo,saltangara,799
br,bataipora,7346
co,suan,10382
sy,aleppo,2139878
ro,berveni,3536
ph,tuyan,4239
lu,basbellain,164
it,pomezia,48859
gr,vamvakou,1104
br,buerarema,16002
co,canasgordas,6026
us,kings mountain,10638
pl,andrychow,21954
in,kot kapura,88360
ru,korfovskiy,5652
ru,debin,854
in,peddapalli,33581
de,hermsdorf,8728
co,tumaco,86714
et,lalibela,11152
us,chicopee,55179
tz,tunduma,36556
ru,dubenskiy,596
dk,frejlev,2286
us,half moon bay,12423
no,nordvagen,445
hu,nagybaracska,2445
cr,pocosol,2947
us,evans,19701
ua,serebriya,2906
pl,lukow,30551
ph,guisijan,2196
ie,sallins,3164
br,sao bernardo do campo,743386
lu,steinfort,2225
it,palestrina,18697
gt,iztapa,3937
gl,attu,281
cz,kurim,8896
us,aguada,4040
th,non sung,18399
ph,malalag,6180
ph,lumangbayan,2227
in,dattapur,21765
id,martapura,131452
gr,mouriai,988
co,monitos,5385
hn,chivana,1018
gt,coban,46726
gb,bridlington,35057
cn,xucheng,83267
br,canoas,328297
ru,iksha,3707
id,tabanan,33668
hu,etyek,3626
us,wisconsin rapids,17724
ro,racasdia,2101
jp,shobu,22156
us,ossining,24376
us,weiser,5396
lu,hupperdange,210
it,guastalla,14572
fr,coudekerque-branche,24669
co,ayapel,22602
pk,madeji,14803
ph,guba,2195
mx,san buenaventura,11660.3
mx,chinampa,4871
gr,ambeliai,1070
de,loxstedt,16783
ro,valea mare-pravat,4210
mx,mixtepec,3411
in,kapurthala,92674
az,kijaba,4567
ru,kovdor,19519
in,bhind,174053
ee,saase,495
br,iconha,5051
pa,chichica,787
ni,la concepcion,12471
ng,kano,3626204
ge,bakuriani,2392
fr,villepinte,36557
cn,xiongshi,73732
co,guican,2101
tr,cine,21339
ru,borodino,19603
rs,backi petrovac,6649
ro,cleja,6816
pl,suwalki,69222
mx,cuauhtemoc,28793.8
jp,murayama,28427
in,sanawad,36459
hu,magocs,2652
au,port hedland,14289
ua,kushuhum,7475
ru,korablino,14469
nz,burnham,1239
no,kvelde,864
gr,gastouni,8114
gl,qasigiannguit,1341
de,odenthal,15537
co,sutamarchan,1432
ua,domanivka,6517
sy,nawa,50821
ru,shamary,3605
ru,dormidontovka,1623
it,palmi,19317
hn,cerro grande,1093
de,crimmitschau,22410
in,narsingi,6445
ee,oru,394
us,orlando,207970
nl,bergschenhoek,15080
de,kronberg,17649
de,schonebeck,34358
cn,bamiantong,66170
tt,rio claro,2808
tr,edirne,126535
si,nova gorica,12748
ro,gratia,2996
ph,becerril,2416
lu,pissange,66
in,khambhaliya,38123
in,chiknayakanhalli,24294
ee,ubja,311
be,sint-katelijne-waver,19487
de,bad hersfeld,30630
zm,chambishi,11073
us,new philadelphia,17472
us,seekonk,13966
ua,berehove,13120.5
pl,swidwin,16076
ph,caticlan,4223
mw,liwonde,22476
ke,lamu,24529
gt,san jose ojetenan,1243
de,malente,10731
ua,verkhnyachka,4130
ru,zhdankovskiy,3046
nl,cranendonck,20427
jp,karatsu,78331
hr,rijeka,141173
ec,catacocha,10872
br,monte mor,40291
us,hidalgo,10343
ru,kuzhenkino,3424
ru,isilkul,26429
py,yataity,1874
pl,wojkowice,9602
de,huckelhoven,39765
ee,sipa,338
us,saint charles,44290.7
ph,belison,4711
mx,cutzamala,5057
id,selogiri,30180
gh,axim,24500
de,hammelburg,11798
de,trier,100649
cl,pitrufquen,13743
us,gardendale,12370
ro,plataresti,4260
pl,polkowice,21565
md,edinet,18342
cm,yagoua,80510
us,goldenrod,13219
ph,morobuan,2442
in,tonk,151341
ca,warwick,3340
ru,kunerma,157
ro,lucieni,6286
ph,marao,2245
ph,maluko,3278
pa,tijeras,1148
mx,adolfo lopez mateos,8770
in,gohana,56097
bo,yacuiba,82808
cz,trebechovice pod orebem,5406
tr,nusaybin,89022
ph,delicioso,2301
in,ratangarh,37062.5
am,dzitankov,1162
ru,tayzhina,5063
fr,osny,16027
cz,postoloprty,4812
ao,huambo,226177
de,zirndorf,25237
us,ingleside,9630
ru,krasnogvardeyets,3836
ru,kortkeros,4429
nc,fayaoue,4239
in,gohand,7287
de,bonn,314081
us,allouez,14990
ro,piscu vechi,5445
ro,cungrea,2542
pk,gambat,34007
ph,natividad,5828
in,sahibganj,95900
dk,holeby,1844
bg,kameno,5133
ve,santa teresa,279424
th,ao luk,13263
ph,tabacao,3465
ph,napoles,5440
mx,acapulco,652160
mx,acaponeta,18564
in,kareli,27811
in,banapur,17501
co,briceno,1423
us,wethersfield,27104
si,ljubljana,255115
kz,chardara,25356
br,rosario do sul,36722
us,universal city,15983
us,riverside,160036
gr,afantou,5562
gn,coyah,1632
us,king city,11431
ir,shiraz,1249972
in,panipat,292828
in,burhanpur,202717
gb,fareham,57390
br,jacupiranga,11149
br,sao jose de ribamar,27777
tw,nantou,107219
in,yeola,46766
be,zwevegem,23358
bt,lhuntshi,1935
ng,warri,536068
jp,soma,38042
gb,beith,6288
cz,kraliky,4806
ua,khrystynivka,2839
sv,armenia,14997
ru,sennoy,6979
ru,balashov,98108
ru,aleksandrovka,4430
ng,ilorin,814246
mx,panuco,20022.5
jp,nisshin,81866
gt,san lucas sacatepequez,17590
ca,princeville,4041
ke,kitale,75136
us,mandan,16809
ru,povorino,18004
mx,tototlan,11016
mw,chitipa,8825
in,shrigonda,28210
br,laranjeiras do sul,18425
ve,nirgua,30188
us,seatac,24663
it,vercelli,45114
in,tundla,50944
in,jamui,78189
ci,danane,68687
cn,beibei,112019
dk,hornslet,4906
us,lauderdale lakes,31589
ru,sakharovo,3790
ro,navodari,33107
pl,kwidzyn,37601
ph,tara,2077
hn,punta ocote,1399
et,dese,136080
cn,bantou,118557
us,rutherford,17952
ru,antipino,5147
it,dolo,15173
hu,csengod,2291
gt,tacana,6305
us,surprise,65450
ru,syamzha,3856
ph,astorga,6707
in,maisuru,868385
ua,horodenka,9430
pl,swiecie,25843
pg,balimo,3601
kz,ilyich,12895
de,hennigsdorf,26498
us,fort wayne,229715
us,steger,10209
us,fort stewart,10941
tr,kilis,82304
ph,maribojoc,2476
lu,dillingen,159
ke,nanyuki,36147
in,nalhati,25878
us,oak lawn,54767
ru,lyubertsy,154653
ph,campuyo,2794
it,arcola,10170
us,waukegan,92695
tg,kara,94044
gw,bafata,22521
be,bonheiden,14260
ph,gappal,2495
ph,daguma,3785
in,bhachau,24044
hu,letenye,4527
ca,penticton,37721
br,maragogi,16066
ru,urma,3515
ro,cisnadie,15042
ro,cioroiasiu,1977
hu,kecel,9155
gq,acurenam,2738
cz,kostelec nad labem,3029
us,altamont,19716
us,west hartford,66610
mg,ambodifototra,11830
ca,walkerton,5250
ca,spirit river,1157
br,sideropolis,8536
us,southlake,25755
ru,zaplyusye,1354
ro,darmanesti,7925.5
it,leini,12343
bg,guljanci,4135
us,la grange,15717
ua,stebnyk,20087
ru,svecha,4971
ro,topolog,4982
cm,guider,84928
za,pietermaritzburg,750864
us,pike creek,25752
pk,jhang,341311
pg,finschhafen,1054
in,waghai,6462
ee,sindi,4036
bw,mookane,2397
ca,smithville,3504
de,vlotho,20219
us,towson,53749
se,kinna,14211
ru,starozhilovo,5147
ph,gansing,5031
ph,bulad,2013
mc,fontvieille,4307
de,kaltenkirchen,19161
cn,kuandian,70867
br,santa cruz do capibaribe,76451
pk,chunian,57329
ph,payuhan,4519
mq,saint-joseph,16974
in,nabha,64645
id,rengasdengklok,201687
hu,csanadapaca,2811
hn,san nicolas,2010.75
be,hove,7968
ch,murten,5377
ug,kampala,1353236
ru,priargunsk,7902
ru,nagutskoye,3146
ph,bitag,4006
pe,san agustin,6025
jp,kurayoshi,48347
hu,gesztely,2839
cn,wucheng,60212
cz,velke pavlovice,3089
it,adelfia,17132
in,sinnar,34098
cn,huangnihe,54959
ee,puiga,332
br,ararangua,43445
us,colton,52335
us,prattville,28265
sm,san marino,4598
et,debre tabor,32665
us,cameron park,16232
ru,kondrovo,17151
ru,karagaylinskiy,4326
pt,paco de arcos,25974
gb,northallerton,16480
br,sao lourenco do sul,25341
us,bixby,18949
in,taranagar,29394
gb,skegness,17072
th,kut chap,24696
ru,orel,333310
lu,reisdorf,493
lk,amparai,18351
ke,machakos,31971
us,warr acres,9594
nl,schoonhoven,12471
hu,ozd,38475
bo,urubicha,3269
pl,starogard gdanski,48202
pk,chitral,36097
be,gesves,6150
ch,kusnacht,13000
rs,lestane,9024
ro,mahmudia,4876
mx,juxtlahuaca,8309
jp,mizunami,42618
dk,kjellerup,4514
us,carrboro,16626
us,north chicago,37301
ru,kizilskoye,6449
pl,cracow,755050
br,sao cristovao,71540
ro,boisoara,1653
in,sikandarpur,24179
us,austell,6945
si,ljutomer,3387
ru,endirey,6927
ph,loreto,5563.5
id,cibinong,188674
hr,sesvete,52412
cd,kambove,36731
tz,manyoni,25532
ni,somotillo,13063
co,chima,1785.5
et,hirna,12295
co,ginebra,6088
us,coamo,11941
ni,larreynaga,6645
jp,higashiyamato,79333
gb,northampton,197323
co,caicedo,1617
br,caraubas,12462
ru,verkhniy landekh,2009
gb,tobermory,993
ba,milici,8210
ph,aritao,7972
mx,chacaltianguis,4084
ke,yala,2715
in,bidar,204088
et,deder,8884
at,ganserndorf,8588
de,essenbach,11013
ru,kazanskaya,7870
lu,vianden,1626
gr,polikarpion,1045
cr,san juan,16890
ru,erpeli,3619
pt,estremoz,9349
ph,doos,2744
ru,yefimovskiy,3917
ru,voznesenskoye,7204
no,frekhaug,1633
sv,jujutla,2022
ph,sirib,5008
ph,lumbia,7863
kz,merke,15934
am,mrgashen,1623
us,collingswood,14125
tr,corlu,202659
th,phangnga,9676
ph,tambong,2510
jp,komoro,46272
fr,caudebec-les-elbeuf,9998
us,hollis,7711
sr,albina,4138
ru,somovo,13729
ru,mari-turek,5900
jo,diban,6854
nl,hilversum,83864
gy,linden,44690
gr,emmanouil pappas,1129
bd,phultala,37990
br,cocal,12097
yt,koungou,18121
us,south burlington,17185
ru,yeysk,87815
in,haripur,7327
id,muncar,64538
hn,gracias,7910
co,cucutilla,1950
de,chemnitz,246654
de,bayreuth,74840
zm,lukulu,3349
ph,talospatang,3057
ph,naawan,3643
cu,camajuani,35517
co,guateque,7069
ch,maur,9577
cn,wangqing,88732
ru,ilinka,4612
nl,aalsmeer,22969
kr,seoul,10323448
in,sardulgarh,17270
br,palmeira das missoes,30954
br,santa rosa de viterbo,21473
be,chaumont-gistoux,10943
pk,khipro,28731
in,nagda,103513
gr,zitsa,914
gb,torphichen,605
br,bage,98943
tw,tungkang,51500
ru,novyy nekouz,3629
mx,la reforma,6544
ca,dresden,2727
co,iles,1879
us,grosse ile,11361
in,bhagalpur,361587
hu,pilisvorosvar,13150
gr,karoti,663
br,sao joaquim de bicas,14630
us,victoria,62044
us,kings park,15313
ru,mirnyy,16744.4
ru,gerzel-aul,3527
mt,rabat,12914
jo,dayr yusuf,6787
in,ulubaria,222293
in,silao,21830
gb,sittingbourne,41148
us,southaven,38578
ua,zamhlay,1878
se,hudiksvall,14621
ph,inapatan,2698
my,mersing,22009
md,falesti,17967
in,chas,112153
ca,luceville,1373
be,pecq,5302
ru,shelabolikha,4298
ru,samoylovka,8584
no,skreia,1304
kz,zachagansk,13345
gw,buba,7779
de,markdorf,12701
ru,khislavichi,4496
ph,lapuz,2601
be,mol,32659
us,tavares,11684
ru,urkarakh,5548
ro,motca,5095
gb,stewarton,6615
de,helmbrechts,9539
br,canutama,6320
de,petershagen,27148
br,quipapa,11533
us,rockford,152765
ru,myskhako,5743
ru,gremyachye,3383
in,saiha,22657
cn,linhai,152937
us,choctaw,10530
ph,patun-an,2509
ke,kisumu,216479
in,sanquelim,11698
in,gurdaspur,72503
at,bad hall,4935
cn,maoming,473251
cn,zunyi,466292
br,bandeirantes,29495
rs,backa palanka,30208
ph,suso,2280
hu,paty,5475
be,herbeumont,1612
tz,utete,11889
ru,temizhbekskaya,6111
ph,guinticgan,7452
et,werota,26818
cn,erenhot,16427
us,chaska,23176
sk,kolarovo,10823
ru,zadonye,1410
ph,tuao,2200
it,vasto,37841
ie,moville,1402
gt,mataquescuintla,7384
br,coroata,34130
tn,masakin,64563
no,roald,678
mx,valparaiso,10545
mx,iramuco,6559
gb,garelochhead,1296
de,ulm,120745
cr,corredor,7084
ro,muereasca,2591
ro,corcova,5946
ph,tanolong,2779
ph,digal,6810
lu,kaundorf,192
co,pijao,5668
sv,nueva san salvador,124702
sk,zilina,85985
pl,pieszyce,9406
mx,amatenango del valle,3632
ru,tatarskaya pishlya,3150
ph,tumarbong,3261
jp,sabae,66292
cy,gazimagusa,42532
us,edmonds,39917
us,azusa,48297
nz,athenree,563
it,montevarchi,22987
cz,vetrni,3756
us,leominster,42301
us,makakilo city,15383
ro,belcesti,11335
pk,daultala,11813
cz,velke bilovice,3785
pt,santa cruz,6010
ph,ungka,5598
pa,el real de santa maria,804
in,kodigenahalli,5727
br,irituia,5602
in,joura,26341
id,kualakapuas,35632
br,afua,7031
ru,gundorovskiy,5210
ro,scarisoara,2514.5
ro,aiud,28341
ph,lamak,2201
in,nidamangalam,9126
in,jubbal,1327
ch,basel,164474
do,la vega,102431
ve,machiques,62982
us,lawrenceburg,10190
ro,balint,1736
id,kraksaan,28249
br,belem,711644
ve,petare,365959
rs,kosovo polje,32098
ro,vetca,849
ir,paveh,17779
ca,salmo,1125
br,cachoeirinha,66995.5
us,danville,28206.8
ru,ust-donetskiy,11357
mx,san juan de las huertas,11929
li,schaan,5748
jp,nonoichi,48355
it,busto garolfo,13520
gr,nikisiani,2454
gr,athira,1722
fi,imatra,29615
us,mayfield heights,18567
us,round lake beach,29011
sd,rabak,135389
ru,zelenogradskiy,2155
ng,ode,75464
gp,trois-rivieres,8812
gl,moriusaq,21
gb,pittenweem,1807
fr,tarare,10319
ru,arya,4931
ro,turburea,4652
in,aruppukkottai,85377
cu,cumanayagua,38689
us,valparaiso,28787
ru,shelekhov,47459
ru,sagopshi,11848
ru,palatka,4534
ru,baksanenok,7058
in,barkhera,11210
ar,junin,76369
us,randallstown,33811
ru,surazh,11962
ro,sanmihaiul-almasului,1758
pl,zdunska wola,44515
mx,chichicapam,3029
mx,aljojuca,4358
fr,brunoy,23418
fr,brive-la-gaillarde,49092
es,la carolina,14836
ml,yorosso,17447
it,cascina,40663
ie,clonakilty,4065
ru,krasnyy oktyabr,2858.67
ro,ocna de fier,766
gr,kefalovrison,985
fr,villeneuve-loubet,14120
pk,alipur,33599
cz,hronov,6491
ca,lillooet,2585
sv,tecoluca,2781
ph,mamala,7418
mx,isla del bosque,5156
in,chandrapur,328377
hu,kapuvar,10661
ca,saint-raphael,1276
cn,baijiantan,93697
us,lubbock,211387
us,bernalillo,7159
sd,kaduqli,87677
kz,belousovka,9948
jp,namie,21866
hn,portillo de gonzalez,958
br,monsenhor gil,4751
co,alejandria,2725
vn,da nang,472255
us,dixon,15556.5
mx,mazatlan,179839
gr,ierissos,3135
gb,braco,455
de,frankenthal,47523
br,padre paraiso,10608
ru,nizhneye kazanishche,11765
ph,sirawai,4126
in,gajendragarh,29752
hn,san jose de comayagua,1066
gt,tectitan,728
gr,kifisia,45755
ag,codrington,682
br,palmeira,18630
us,winter haven,27938
ru,tuapse,64235
ru,khokhryaki,3544
pl,rydultowy,21887
pk,lalian,31364
ph,calasuche,2278
it,silea,9447
co,quebradanegra,753
kz,krasnoarmeysk,13148
it,prato,178915
gb,radcliffe,35638
cn,yicheng,61027
us,epsom,4590
us,new iberia,32430
ph,sinacaban,2372
ph,balangiga,5592
ne,illela,16679
hu,toalmas,3434
gb,witney,24103
br,frutal,40931
ba,lopare,3614
us,coatesville,11430
it,motta di livenza,10501
gb,tighnabruaich,603
ca,manitouwadge,3115
cn,hede,89107
us,henniker,4961
th,mae chan,37672
ru,nizhnekamsk,234301
ro,gura calitei,3111
ph,mamali,2394
ph,banugao,2795
no,tofte,3191
mg,tsiroanomandidy,27060
id,jombang,126479
ws,mutiatele,283
ru,kushchevskaya,29915
ru,kugesi,11547
jp,gamagori,80786
us,katy,13371
ru,verkhniy zgid,208
ro,rosia de amaradia,3463
mx,rincon viejo,8540
mg,soanierana ivongo,39271
ga,koulamoutou,16222
de,limburgerhof,10750
ee,annikoru,329
ru,yemtsa,1441
rs,crvenka,10147
ng,suleja,162150
mx,yago,4063
in,sandi,25010
be,tenneville,2510
vn,ha giang,32690
pk,barkhan,8761
ph,sagay,37422.5
ng,auchi,62912
mk,kavadarci,38800
jp,machida,399971
it,cordenons,17824
za,molteno,10078
us,rock hill,59766
us,hope,10382
ua,kynashiv,2989
de,minden,83402
br,taboao da serra,214527
tr,tekirdag,122350
ru,podgorenskiy,6652
ru,metallostroy,25123
ro,ghimes-faget,5248
ph,tangnan,2870
mu,camp de masque pave,4520
lu,baschleiden,185
de,offenbach,120641
cz,zdanice,2731
co,urrao,18846
by,stolin,10491
us,portage,30762.7
sk,krompachy,8812
ru,melnikovo,9745
co,belalcazar,6367
ao,menongue,19141
br,presidente olegario,13587
tr,ardesen,67990
pg,wau,14628
gr,zagora,2385
ee,pajusti,756
be,raeren,9925
ca,ashcroft,1796
us,cedar city,23005
us,ewing,36559
ro,brestovat,812
hr,rovinj,13533
fr,rixheim,13348
cn,guozhen,85415
ca,sainte-martine,2535
sr,groningen,3112
ru,danilovka,5956
mx,tutla,3318
mu,camp thorel,2299
in,ranir bazar,11811
us,metuchen,13467
de,maxhutte-haidhof,10610
br,monte santo,7398
be,boom,15810
tz,dongobesh,18864
ph,mapanas,3575
pa,almirante,8114
be,genappe,14266
de,bad essen,15858
br,campos do jordao,53320
br,beneditinos,5005
ro,glogova,1980
lt,turmantas,282
jp,numazu,204320
ua,yarke pole,4739
ru,puteyets,1223
ne,magaria,19421
mx,hueyotlipan,4859.5
in,siolim,10481
in,periyanegamam,7913
hu,szekkutas,2586
gr,prinos,1174
us,roseland,5986
ug,lira,119302
ng,birnin kebbi,108172
hn,prieta,1103
be,lommel,31993
co,orito,13708
ro,lupeni,17429
ro,chisindia,1550
hn,veracruz,1045
ph,tambaliza,2950
mu,grand baie,11512
jp,ishii,26394
gb,sidmouth,11853
be,soumagne,15237
zm,nakambala,10425
us,yarmouth,17936.5
ru,solyanka,3173
ru,biser,1006
mx,loreto,16928.3
la,savannakhet,66552
ie,maynooth,11318
ru,druzhba,3610.67
no,odda,5515
jp,uto,39234
id,surakarta,555368
gr,mantoudion,1794
fr,digoin,8368
be,lebbeke,17372
us,malvern,8965
is,hella,694
in,kadi,58070
gt,concepcion chiquirichapa,7914
gr,karditsa,32789
bo,camargo,4715
de,langenselbold,12652
cn,jinhua,142206
ar,catamarca,213601
ca,banff,7502
cz,slavonice,2703
ph,sandayong,3389
in,dhaka,36115
ca,minnedosa,2526
br,canela,33529
us,sandwich,34886
ru,skopin,24357
pt,funchal,98041
no,undheim,454
mx,asientos,4039
in,nalgonda,121839
gr,aliartos,4275
co,aratoca,2101
mx,mextepec,5142
br,vilhena,63237
cl,vilcun,9241
si,menges,5742
jp,sasaguri,32588
in,vidisha,140059
in,barwala,36696
br,sao fidelis,27793
ua,novovasylivka,2724
ph,calumpang,2774.33
pa,rio sereno,1908
in,nawada,96740
gb,auchterarder,4220
es,valladolid,315859
be,martelange,1440
th,bangkok,5104475
ru,lukoyanov,12913
mx,poanas,10249
co,el roble,3324
us,rock falls,9374
fr,montauban,52818
co,arcabuco,1564
ro,lunca muresului,2617
jo,sirfa,4454
it,castellanza,14926
hn,la mina,2690
fr,villefranche-sur-saone,31543
be,ittre,6014
ec,latacunga,51717
us,colonial park,12972
pt,perozinho,6259
pt,guifoes,9231
ph,tuba,24482
it,calenzano,15349
in,kailasahar,22124
gh,obuasi,119063
us,shorewood,12509.5
us,monrovia,38439
ro,andreiasu de jos,2000
no,al,2291
nc,poum,1568
dk,odder,11009
de,bad sachsa,8245
pk,murree,25245
ph,tamisu,2904
pa,nata,5619
hn,san jose de tarros,1634
dk,borup,3120
br,limeira,289671
de,sankt ingbert,38654
de,marienheide,13645
br,jussara,16374
ph,himensulan,2343
jo,kafr rakib,4832
ie,swords,29816
fr,mazamet,10071
br,mossoro,202010
co,cumaral,11264
ru,assinovskaya,10270
ro,gura ocnitei,7856
mx,yahualica,14971
fr,cormeilles-en-parisis,21487
cn,shanhetun,57550
us,chillum,36280
ru,gornouralskiy,4198
ph,tarusan,3107
ph,paraiso,17323
ph,mantiquil,2281
in,tambaram,150056
ba,bila,4397
us,truckee,15771
ro,golesti,3446
tj,farkhor,21736
ro,frecatei,2645.5
nl,drimmelen,26911
lu,moesdorf,353
hn,marale,1523
co,chinu,19596
no,as,7891
it,osimo,30463
hn,oropoli,1412
ch,nendaz,5477
tz,vwawa,40144
sl,yengema,17427
ro,vinga,6283
il,kefar sava,80922
id,rajapolah,39838
us,raymore,14620
ir,saqqez,151249
in,courtalam,2440
fr,orleans,118190
br,viana,40906.5
bd,madaripur,84799
dk,torring,2370
us,easley,18767
ru,nema,3797
rs,babusnica,4606
ph,santa catalina,10487.3
ph,lookan,2758
ph,calizo,3527
mx,atlautla,10635
ir,harsin,57652
hu,apagy,2348
gr,zakharo,5894
cn,yingcheng,190712
am,agarak,2520
co,ataco,4105
us,humacao,20388
us,somers point,11698
ua,rubizhne,62992
pl,rogozno,10859
pe,arequipa,844000
in,digboi,20685
ca,dalhousie,4137
dk,vindeby,2144
us,palos verdes estates,14036
ru,serov,98440
ph,lamba,6408
mx,tecpatan,4569
hn,el ciruelo,2980
ro,margau,1844
ph,tayuman,5276
in,vedaranniyam,32248
be,incourt,4395
cn,encheng,110921
kg,kant,20182
in,palampur,4131
es,lora del rio,18761
ee,rongu,738
us,centreville,65225
ph,maitum,8478
gr,lakkoma,1280
gb,cheshunt,57374
br,paulista,146827
de,passau,51091
br,ibimirim,12272
ua,hayvoron,15526
th,pak chong,48999
li,triesen,4701
gb,eyemouth,3395
fr,neuilly-sur-seine,57141
co,totoro,1888
cn,changying,66392
co,iquira,3942
co,chipaque,2707
ru,yessentukskaya,19956
ro,atintis,1606
ph,concordia,3091
ae,dubai,1137376
ru,gizel,7256
ph,kalbugan,3227
lr,robertsport,12015
jp,tenri,71054
am,ashtarak,18779
vn,lao cai,36502
us,lansdowne,10736
us,jefferson city,35883
ua,cherkasy,297566
ru,mankovo-kalitvenskoye,4207
ng,abuja,174152
mx,jolalpan,7301
mx,becal,6894
in,sirpur,10116
us,hoffman estates,50541
ru,samashki,10848
ru,parfenyevo,2861
in,bhalki,38586
gn,nzerekore,132842
de,cuxhaven,52873
tr,alasehir,40755
th,plaeng yao,13139
gt,concepcion,5982.5
fr,saint-amand-les-eaux,17568
sk,moldava nad bodvou,9525
ru,belaya kholunitsa,11658
ru,annino,3315
pa,la pena,2274
tr,uzumlu,39609
ru,pankovka,9828
ru,andreyevo,5204
ph,curuan,6776
it,imola,66903
ba,tesanjka,5666
it,calderara di reno,12521
de,calbe,11666
co,nilo,1117
de,brandenburg,75507
br,sao miguel do araguaia,18810
us,darby,10021
tr,bitlis,48258
ph,tubajon,2906
za,nylstroom,20527
ru,kolchugino,47080
ro,salatrucu,2251
it,priolo gargallo,12498
co,tado,10095
de,oyten,15694
at,zwettl,11718
ua,sadove,3104
fr,angers,158585
de,hameln,59349
bo,abapo,2419
ru,kobrinskoye,1158
it,cercola,19764
in,buxar,96130
id,cikampek,145613
gr,adamas,1478
ua,tysmenychany,2944
ro,palanca,3733
py,encarnacion,74991
ph,danao,36820
ph,balangkayan,3159
fr,marseille,792823
co,circasia,20113
br,coelho neto,36185
uz,navoi,129734
us,richmond hill,9414
us,reedley,22156
tz,ilula,29193
tw,chungho,378389
ph,tombod,2063
lu,diekirch,6243
fr,morlaix,15696
fr,hyeres,54588
us,camas,17040
pa,canita,1258
mk,kuklis,4368
id,langsa,54466
br,carangola,25322
us,conway,22312.5
pa,el cano,1247
no,nakkerud,353
hn,el buen pastor,942
gb,cleland,2733
br,afonso claudio,13543
ro,lueta,3473
ph,manika,3074
nz,tokomaru,563
id,ciomas,152335
cz,nova bystrice,3389
be,moorslede,10720
us,poland,5314
ru,pozhva,3677
ph,porac,2305
pe,bernal,5943
mx,nicolas bravo,4571
in,bhatgaon,8045
br,araruama,109638
co,nuevo colon,863
ru,nalchik,282916
ph,santa ines,5821
in,mandvi,18669
in,khowai,20049
fr,lomme,29084
so,odweyne,5491
ph,sadsalan,2276
mx,capilla de guadalupe,12445
gr,palaion faliron,66292
gb,godalming,22199
ph,binubusan,6714
it,pontedera,26713
it,avezzano,38957
fr,aniche,9905
es,benavente,16159
us,saraland,12660
ru,zhukovskiy,101253
br,braco do norte,22375
ca,disraeli,2678
co,rioblanco,6210
us,bismarck,56706
us,selden,22300
ua,rozvadiv,3098
ru,novoseleznevo,3377
in,rajgir,38352
gb,middlesbrough,142708
ro,seica mica,1709
in,kamarhati,332997
cn,yuancheng,93718
bw,kalakamati,962
ve,san mateo,50409
no,tranby,5501
in,ambasamudram,32022
fr,salon-de-provence,39598
ca,blairmore,2095
de,furstenfeldbruck,34194
bg,kotel,7117
us,rincon,4010
ru,tobolsk,93651
gh,sunyani,63180
gb,melrose,1640
am,saratak,1115
co,supata,1907
jp,tsuruoka,99821
it,montagnana,9607
co,funza,54422
ru,khumalag,3906
ph,monching,4393
hu,szigetvar,11267
fo,leynar,114
cz,ledenice,2135
tz,iguguno,22810
ru,khanino,1256
ph,lianga,13623
mx,patzcuaro,49018
in,angamali,34402
ec,san lorenzo,20209
at,micheldorf,5902
us,hinesville,28066
ua,ostroh,14251
ru,malka,7220
ph,tuban,3798
us,killeen,103009
ph,alubijid,3010
in,bilsi,26323
ie,cobh,10501
hu,hajmasker,2793
gb,grantham,35720
ca,marathon,4627
co,encino,412
it,nocera inferiore,48798
gb,springside,1114
am,artsvaberd,3193
ro,chichis,1676
ph,baliwagan,2860.5
in,wanparti,55188
gb,castletown,772
de,neckarsulm,27530
ph,marantao,3572
br,barra do garcas,52402
vn,dong hoi,31044
hu,nyirgyulaj,2130
hu,almasfuzito,2348
ro,parscoveni,4817
pt,carregado,10473
mx,yehualtepec,6329
mx,san fernando,19098.5
mt,ghasri,364
us,pontiac,39488
mx,marin,3299
jp,onomichi,90937
hu,lakitelek,4435
hn,la virtud,1315
cf,paoua,31595
ch,rapperswil,7959
vn,ninh binh,36868
us,highview,15167
tt,tunapuna,17758
pe,talara,100105
gr,ferai,5403
fr,aix-en-provence,142133
ca,pont-rouge,4978
cz,dvur kralove,16364
br,brejo da madre de deus,27370
de,manching,11297
ru,podbelsk,3391
ro,neaua,1521
mx,ajuchitlan,5602.5
de,hemer,39288
co,galeras,9460
cv,assomada,7808
de,markgroningen,14766
cn,fengrun,65150
cd,moba,29854
ua,radcha,2927
ro,alexandru vlahuta,3139
ph,tubay,7946
jp,hadano,174284
co,curumani,22085
co,tunungua,178
cn,taihe,83018
sv,santiago de maria,15033
it,leonforte,14576
gr,savalia,1339
de,bad homburg,51923
us,brockton,94881
us,san luis obispo,44132
ro,mircesti,6797
gr,ayiasma,1185
ch,zumikon,5082
za,whittlesea,12080
us,canton,38679.2
us,rancho cucamonga,168557
cn,yancheng,628441
ph,calampisawan,2382
nl,deurne,32182
mx,pachuquilla,3338
in,kasimbazar,10727
gb,crawley,107061
be,huy,19973
us,havelock,22044
us,beltsville,16546
us,lenexa,43331
ua,lanchyn,7718
ua,bohuslav,16498
ro,manasia,4617
mx,san nicolas,4632
ir,astaneh-ye ashrafiyeh,42787
in,bhuj,133458
sv,gotera,16154
ph,concepcion,14763.8
pe,tocache,29160
mx,tizimin,41993
in,gandhinagar,231314
am,karchaghbyur,2274
es,lucena,37402
us,carolina,170408
pt,lourinha,9196
nz,otorohanga,2673
br,sao jose,203142
co,simiti,6670
ch,biel,49675
ph,matnog,4771
my,bintulu,151718
in,bhum,18545
bg,nikolaevo,2834
cr,tres rios,10432
ua,zahnitkiv,2893
pt,angra,12045
il,tayibe,32736
br,buique,20324
sv,puerto el triunfo,19074
sk,ruzomberok,30806
ru,chernolesskoye,5386
lu,eschette,34
br,cachoeiro de itapemirim,187023
ua,terny,3661
ph,pandakan,3161
ph,mapulot,2668
hn,omoa,4763
hn,el tigre,1435
es,manlleu,18944
de,erftstadt,51606
ee,sarevere,1035
lu,grevels,207
lu,ehlange,429
in,mundwa,17466
in,dhali,6494
de,barsbuttel,12395
cr,rio segundo,9853
br,boca da mata,17834
es,santomera,12979
us,lamesa,9157
us,dunn,10015
ph,caliling,4840
mx,teapa,26331
co,puerres,3812
es,marratxi,27035
ru,duba-yurt,5751
ro,varghis,1876
ro,giuvarasti,2676
nl,leiderdorp,28563
gt,antigua guatemala,38560
co,remolino,8308
ph,camohaguin,4363
mx,paso del macho,12043
ki,binoinano,369
br,brasilia de minas,14730
ro,vulturesti,2960.33
ro,romanesti,2026
no,bo,1598
nl,hellendoorn,36565
it,agrate brianza,14002
in,phaphund,16677
in,kishangarh,10288
us,front royal,14616
ro,marisel,1649
id,gambiran,22525
hu,mezokovacshaza,6877
gr,velventos,3378
ca,sayabec,1702
de,schwabach,38921
th,chai nat,15469
ro,modelu,9672
ph,catmondaan,2861
mx,tuxtla chico,7287
lu,dahl,246
be,peer,15551
de,erlensee,12407
ee,kolga-jaani,420
br,placido de castro,11950
sz,hlatikulu,2748
ru,paranga,6634
ph,davila,3465
in,dhanera,23656
at,hallein,18980
ws,sili,868
ru,kamennomostskoye,6316
pl,wlodawa,13142
kz,abay,35454
ro,dragutesti,5126
gb,royal leamington spa,64641
cz,hostinne,4865
us,wausau,36779
us,wantagh,19014
ru,novozavedennoye,5336
ro,brancoveni,3321
lt,nemencine,6063
br,uniao dos palmares,41179
ro,dobresti,3397.33
ph,bongalon,2181
np,rajbiraj,33063
it,montorio al vomano,8223
co,neira,11755
de,maintal,38656
dk,svogerslev,4355
ru,enem,17665
ru,almaznyy,2389.5
mx,tulancingo,102388
mk,bistrica,4798
it,pioltello,32312
cn,dali,134040
cd,kampene,37031
co,mani,7031
co,el castillo,2581
br,buritis,16243
us,naples park,6756
ro,crevedia,6674
in,sundargarh,41709
ca,dryden,6924
us,huron,11026
us,bradford,8611
ua,makiyivka,376607
ro,balcesti,5683
ph,paoay,3284
gb,thurso,7492
de,philippsburg,12403
ph,maluno,2493
jp,uenohara,27840
ca,hampton,2637
in,marandahalli,10480
hu,csanytelek,2937
ee,polva,6504
pl,nowy tomysl,15179
jo,aydun,20041
gr,neokhoropoulon,1088
ee,arukula,1829
us,columbia,69820
ru,sozimskiy,1968
ro,maruntei,4397
ir,ahar,94355
gr,loutra ipatis,579
br,gloria do goita,17374
co,maria la baja,23401
co,guacheta,4246
ro,rusetu,4254
ph,culit,2881
et,ziway,49522
us,chester,20598.3
ru,rayevskiy,20060
mx,candelaria,8652
lu,reichlange,132
it,sasso marconi,14487
gr,neokhorion,1632.33
us,nanticoke,10265
ru,neyvo-shaytanskiy,2602
ru,khambi-irze,3130
fr,allauch,21156
us,huntington beach,195968
ph,cabatuan,4243.5
ke,kapenguria,15436
in,mirik,10110
cv,ribeira brava,5242
be,deinze,27777
ru,pervoavgustovskiy,1677
mx,acapetahua,6115
jp,matsumoto,210669
jp,furano,25873
in,pune,2935968
in,bhusawal,183016
ba,maglajani,4221
ru,sedkyrkeshch,1973
gr,skala oropou,1284
cz,liberec,99416
co,cota,7615
in,hiranagar,9447
hu,forro,2473
ck,roto,74
am,dzoragyukh,3570
tr,golcuk,56201
ph,ibaan,9430
gl,narsarsuaq,154
fr,sevran,46648
be,damme,10924
us,everett,67070.5
in,lonavale,58567
in,bhabua,48646
cn,huangcun,104904
uz,aktash,38307
ua,komsomolskoye,12337
ru,zaprudnya,12517
nz,stirling,320
mw,mzimba,19310
gt,jacaltenango,33384
ua,tsybuliv,3751
pe,ayaviri,19397
mk,resen,16539
in,shertallai,45479
co,pore,4134
za,vryburg,49590
us,la quinta,37690
ro,greaca,2796
ph,nama,2355
ph,andalan,2644
pa,el cristo,1096
mx,amatan,3742
in,puruliya,122544
de,hersbruck,12506
dk,sonderborg,27033
pk,badah,38856
ph,baloc,10566
in,palera,16555
id,slawi,61213
hu,bohonye,2437
at,oberwart,6879
us,morovis,2414
ru,kantemirovka,12770
ro,dorolt,3426
fo,gotugjogv,46
us,candelaria,17632
us,altoona,29538.5
ph,manila,10443877
it,montegranaro,13039
ca,lindsay,17987
cn,sishui,90175
dk,kalundborg,15939
ru,kostroma,277658
ro,olari,1905
mx,oteapan,12378
kn,middle island,887
fr,orvault,24080
br,tupa,62036
ru,kirzhach,22131
ro,vetel,2722
pa,paraiso,1177
be,meix-devant-virton,2637
de,sulingen,12905
ru,severomuysk,3962
ru,kaspiysk,81753
ro,saveni,6852.5
mx,texcoco,115384
hn,minas de oro,3554
at,schruns,3506
br,diadema,390641
br,astolfo dutra,10999
uy,young,16600
ru,kochubeyevskoye,28491
ph,baloi,7700
lu,lipperscheid,186
gr,rizon,1106
cm,rey bouba,11454
de,edewecht,20519
us,kennett,10926
ro,dobarceni,2897
ph,apad,2755
pe,lamas,13755
lu,kahler,192
in,tezu,14928
in,chik ballapur,57836
ru,yelan-kolenovskiy,4112
rs,cuprija,20373
in,manawar,27640
ru,kotelnich,26837
ro,tia mare,4853
pt,apulia,4394
ph,saavedra,2190
ph,lapu-lapu,241391
pa,santa marta,1952
br,pariquera-acu,13436
co,jamundi,44834
pt,lorvao,4158
pl,swinoujscie,40919
jp,kisarazu,122527
gr,eresos,1042
bo,uncia,5142
es,osuna,17290
gr,stournaraiika,537
gr,paros,5289
ru,privolzhsk,17865
mx,huayapam,3630
mx,amecameca,31719
ec,pedro carbo,23372
vn,chau doc,58039
ru,ilinsko-podomskoye,2860
ro,babeni,5680.5
hu,erdotelek,3443
hu,bogyiszlo,2348
gb,slough,134072
ch,unterseen,5283
ro,patrauti,4283
pk,dera din panah,14877
mx,huichapan,8035
hn,aguas del padre,1104
br,ilhabela,32903
au,stawell,6991
br,feijo,12951
us,coppell,39574
lu,kuborn,75
fo,kvivik,372
pt,sesimbra,41133
la,luang prabang,47510
it,crema,34359
in,sidhauli,22195
in,alangudi,10618
br,ubata,15605
de,lindlar,22752
us,pinehurst,11523
ua,voskhod,462
ru,krasnyye barrikady,6275
rs,raska,6622
py,mbuyapey,2201
ph,sinonoc,2648
ph,pinoma,3305
mx,cocoyoc,9752
ru,dugulubgey,20965
ro,ciuhoiu,2249
gb,aberdeen,183791
fr,villefranche-de-rouergue,11775
at,modling,20710
us,west pensacola,22030
us,portland,128915
si,sentjur,4710
ba,gromiljak,6457
us,watsonville,45724
mx,ignacio zaragoza,3455
ke,othaya,4468
in,kenda,15132
hu,teglas,6285
ro,desa,4981
ph,bacayawan,3234
lu,heinerscheid,429
in,magam,4690
ru,temryuk,36547
ro,orastioara de sus,2428
ro,movilita,4338.5
ro,goicea,4676
ph,faire,4916
ph,baloy,2308
nl,gorinchem,35730
hu,racalmas,4148
br,lambari,14516
us,dillon,3964
ua,voyinka,4221
ru,mosalsk,4320
pl,kostrzyn,18099
pe,moquegua,54703
mx,uruapan,237319
in,mandapam,15080
in,forbesganj,45103
in,bansbaria,108485
ie,duleek,2376
id,krian,38604
de,pritzwalk,15286
th,chum phae,46335
ro,pecineaga,3040
mk,strumica,45509
it,porto tolle,10894
br,itaquitinga,11128
ru,kolyvan,10807
in,naravarikuppam,18556
in,kheda,24768
ge,tskaltubo,16737
fr,wasquehal,19030
ua,brody,22375
sn,louga,117333
ru,sobolevo,1787
cn,wuan,66523
ug,kayunga,21706
pk,thul,34473
mm,pakokku,126954
in,gopamau,13582
br,pedreiras,33909
ru,kirs,11385
ph,camaley,2297
ph,cabul-an,3850
jp,ayabe,37613
fr,lens,36979
us,pasco,43390
us,cape elizabeth,8999
ru,vakhtan,6529
ph,luntal,2765
cz,trhove sviny,4596
ve,san felipe,76779
pl,prudnik,23343
in,rayagada,61410
in,contai,88710
hu,ostoros,2362
hn,san manuel,6389
gr,perivolion,1432
za,bloemhof,17122
sz,malkerns,9726
it,asti,72194
hu,lokoshaza,2017
ee,saarepeedi,330
us,pecos,8372
ru,kuragino,14076
rs,zrenjanin,79410
pe,imperial,35689
cz,sokolov,25079
us,mountain brook,19509
se,lindome,10942
ro,sahateni,3333
in,bilkha,14421
hu,tiszabercel,2047
gr,palairos,2589
ec,cariamanga,16862
bo,san borja,19641
us,moses lake,16626
mk,krivogastani,5899
gb,thornaby,22356
br,cacule,12143
br,taguatinga,9330
de,egelsbach,9703
tr,uzunkopru,36488
ru,kimry,52071
lv,kalnciems,2103
gt,casillas,8786
de,tonisvorst,30579
br,oriximina,35582
sv,panchimalco,6764
ph,julita,2997
it,cerreto guidi,10208
in,peranamallur,5722
ch,trimbach,6127
ua,katyuzhanka,4046
ru,yemanzhelinka,4117
pk,chuhar kana,69341
cu,perico,24073
us,westchester,23562
lt,salantai,1829
in,kumsi,6468
in,buldana,66996
hu,berettyoujfalu,16090
ru,verkhniy ufaley,33245
ph,santa ana,13493
nl,neede,11082
hu,gyal,21937
et,dembi dolo,26753
de,gottmadingen,10242
tz,kisanga,10977
ru,konstantinovo,3565
br,aquidauana,35304
cn,cuiluan,54804
de,bad lippspringe,15054
ci,duekoue,68872
us,forestville,12058
ru,chaa-khol,3424
mk,novaci,2357
in,anandnagar,11221
am,tsaghkadzor,1408
ch,durnten,6225
us,carson,95767
in,barwani,47348
zm,kabompo,6592
ru,toora-khem,2214
pt,barrosas,5573
pl,zawadzkie,8439
ng,gashua,125827
mx,cristobal obregon,4242
jp,shiroishi,39482
in,kilakarai,30471
in,aravankadu,5176
gt,sansare,3714
gr,gastouri,1129
fr,la valette-du-var,22816
fr,figeac,9720
ca,enderby,2830
ru,severnoye,4558.33
ru,kalinovo,2901
no,fjellstrand,825
de,bad langensalza,20144
tz,kibondo,28666
pl,kowary,11834
de,schneverdingen,19537
es,alcala de henares,195152
ph,hapao,2188
in,rairangpur,23074
hu,szazhalombatta,17566
de,winnenden,28230
ch,worb,11586
cz,dolni kounice,2297
us,saint albans,9220
us,alamogordo,36058
jp,nagato,23101
jp,fukaya,106597
in,tarakeswar,30478
in,radhanpur,35459
in,ghogha,11362
hn,los caminos,1146
br,altinho,11913
de,bad durrenberg,11587
tr,degirmen,5902
fo,elduvik,23
dk,toftlund,3438
uz,romitan,12927
uz,andijon,318439
us,east wenatchee,8856
us,stamford,121230
se,sala,12015
ne,arlit,83400
it,cagliari,157343
gr,karpenision,6888
us,san bruno,39662
us,montgomery,103878
ru,novopistsovo,3064
ph,puncan,4047
ph,bagroy,2361
it,capaccio,21122
in,indapur,26754
am,kapan,33161
cn,rucheng,77947
us,lynchburg,65517
us,capitola,9573
ru,smolyaninovo,6294
ph,pambujan,10812
gr,khersonisos,938
br,barbosa ferraz,9048
ro,botoroaga,6488
ph,guipos,4050
in,madukkur,15631
fr,francheville,11724
ru,myurego,4548
ph,la purisima,7396
lu,schengen,470
bd,rajshahi,700206
ru,zakan-yurt,4939
ru,trudarmeyskiy,4711
ro,oltenita,26356
no,loding,2880
jp,izumi,189087
in,panchgani,14401
us,laguna hills,30843
cz,lanzhot,3756
cu,jaruco,20207
ba,breza,3732
bg,koprivstica,2618
us,snellville,18687
ru,babayurt,13857
nl,sliedrecht,23758
in,jalpaiguri,107843
rs,bogatic,7370
ro,tormac,2706
in,sankheda,12077
gw,quebo,7072
gb,kinlochleven,831
de,wenden,19977
ru,rudnogorsk,4441
it,genzano di roma,24626
in,sehore,99294
hn,laguna verde,1460
ca,new richmond,2213
bw,masunga,3640
cn,shangqiu,181218
be,jurbise,9483
rw,kibungo,46235
mv,male,84971
cn,sanming,209444
am,lukashin,2197
co,puerto santander,16275
us,welby,14031
ru,katav-ivanovsk,19339
no,eikelandsosen,422
jp,sakurai,62966
jp,izumo,89287
ir,mahdasht,37076
hn,santa rosa de aguan,1304
gr,skourta,982
de,eckernforde,23184
ro,lenauheim,5605
mx,san pedro arriba,6154
in,dindigul,200814
fr,armentieres,25468
pt,sao joao dos montes,4772
ph,magliman,2505
lt,rokiskis,16257
in,parnera,11435
in,asandh,25325
es,sant just desvern,14987
co,el playon,5334
de,schifferstadt,18933
ve,carrizal,40618
us,oakland,138911
ru,belebey,62583
ro,vidra,5890
ro,vartoapele-de-jos,3201
gb,hartlepool,86713
fo,tvoroyri,1230
de,bitterfeld,15486
mx,charcas,11365
in,savantvadi,23386
in,pansemal,11184
in,gua,11390
hu,iregszemcse,2772
es,la orotava,41446
ph,san pablo,55283.2
gp,baillif,5705
fr,cagnes-sur-mer,46624
br,dois corregos,20975
de,mengen,10155
ca,normandin,2728
cz,jaromerice nad rokytnou,4089
de,oftersheim,10228
cu,esperanza,10462
us,kinnelon,9536
ro,livada,4836.5
hn,la estancia,1588
fr,saint-etienne,170416
de,bassum,16204
ru,vodstroy,4173
cz,pelhrimov,16590
ru,anzhero-sudzhensk,82527
ph,mawab,14446
in,kharsia,18258
es,majadahonda,56060
ua,novoukrayinka,18633
th,chai badan,25196
ir,marand,124201
fr,jouy-le-moutier,18705
br,cajati,27566
es,alboraya,19431
us,forrest city,14084
ro,becicherecu mic,4765
ci,yamoussoukro,200659
co,sahagun,59189
ro,scutelnici,2615
ir,oshnaviyeh,50692
in,rajpipla,35394
id,kepanjen,51920
gt,san juan ermita,1590
gt,san agustin acasaguastlan,10123
es,grado,11289
lu,christnach,394
jp,kunitachi,78062
in,tezpur,58854
us,myrtle grove,17255
pe,oyon,6925
ir,kazerun,94518
gb,newburgh,1643
am,zovaber,1470
co,san lorenzo,2394
ua,korop,5478
ru,loknya,4762
ru,allakh-yun,296
ro,ciofrangeni,2643
hu,kecsked,1908
fr,lorient,59242
bg,karlovo,24464
vn,soc trang,114462
ua,nova borova,5494
ph,santa paz,2046
gb,whitehills,1019
de,huckeswagen,16499
ch,binningen,15046
ua,kosmach,5822
id,palu,282461
ca,edmundston,17937
br,sao goncalo,939101
bd,kalia,40497
us,fairfax,22162
ru,kholm,4228
ru,kalinovskoye,3951
ph,bulanon,8127
lt,pandelys,974
in,bina-etawa,55191
es,alora,13644
br,leme,81211
us,chesterfield,47128
ua,kopashnovo,3010
py,caazapa,6790
mx,tamazulapam,5028
gb,paisley,73074
de,beeskow,8547
ao,kuito,113624
ua,shalyhyne,3031
no,bangsund,885
ng,epe,84719
lt,lentvaris,11589
de,gustrow,30869
za,richards bay,253156
td,am timan,28885
ro,vladeni,3897
nl,rhenen,17957
cn,meilu,104168
ru,besskorbnaya,5837
ru,toksovo,5863
ph,santo angel,2344
de,sontra,8618
tz,maneromango,9402
ro,livezile,2574.67
ph,lucap,4935
fr,mericourt,11450
de,pluderhausen,9697
ro,urziceni,9125
mx,pabellon de hidalgo,4246
br,rio das ostras,46619
ws,gautavai,171
us,los gatos,27551
ro,alexeni,2478
nl,brummen,21675
fr,deuil-la-barre,21233
br,porto alegre,1372763
us,hollins,14942
us,hermitage,16784
tz,moshi,156970
py,villa florida,2305
gb,tiverton,16799
ro,geoagiu,5918
it,falconara marittima,27917
co,monteria,272424
de,muhldorf,17940
ro,botosesti-paia,994
fr,roche-la-moliere,10160
ba,crnici,5789
us,chesterton,11563
pl,tomaszow lubelski,20006
ph,maimbung,3779
mx,salitral,4152
hu,csobanka,2881
ca,tweed,1626
au,victoria point,11930
tz,usevya,17742
ru,bezhanitsy,4711
ro,deta,6253
pa,cerro cama,1274
it,pavia,71520
ro,falcoiu,4283
mx,texcalac,5733
ru,lukhovka,8892
pt,milheiros de poiares,4339
ph,san joaquin,4296
hu,mateszalka,18718
au,ararat,6111
bo,padilla,2920
co,agua de dios,10876
ru,dno,9608
ro,seaca de camp,2238
mx,constitucion,39915
mx,chietla,6902
it,san michele al tagliamento,11602
us,lebanon,15709
ph,canubing,9569
ir,bandar-e torkaman,48658
bd,kishorganj,90700
by,salihorsk,101614
ro,miercurea-ciuc,41282
lu,huldange,376
fr,flers,16502
ua,novopskov,9739
pk,naudero,33457
kz,esik,26447
in,lormi,12858
hn,roatan,7515
gr,vrakhation,3252
eg,beni mazar,58158
br,antonina,16152
ro,bratca,5462
kz,esil,13504
in,harij,18965
in,basti,115126
cd,gbadolite,50489
br,palmas,117741
es,alcaudete,11197
ch,zermatt,5607
us,belmont,18353.3
ph,bagupaye,2578
be,floreffe,7480
al,bilisht,7114
ru,slantsy,36209
pl,gliwice,198835
mx,cuautepec,10013
it,scorze,18546
in,kumta,28002
fr,saint-avertin,15619
fr,aire-sur-la-lys,9829
de,winterberg,14603
br,correntina,13187
ch,pratteln,14861
ru,staroderevyankovskaya,12918
ru,skoropuskovskiy,5434
ru,krasnogorodsk,4563
ru,belyy yar,8598
ro,posta calnau,5982
ph,koronadal,123765
jp,shirone,41406
in,dhana,10642
in,dakor,25020
gb,luncarty,1236
de,laubach,10262
ru,zelenodolsk,101131
mg,bealanana,16948
pl,strzelin,12394
br,alenquer,26291
ro,santana,12706
ro,pischia,2974
ro,axintele,2912
ph,alicia,3860.5
lu,liefrange,85
it,martellago,20335
hu,vac,35108
gt,san rafael petzal,1494
ru,novaya igirma,10681
ru,nizhniy tsasuchey,3278
it,acquaviva delle fonti,22030
fr,bezons,27094
ru,shira,9358
es,durango,24953
pe,mancora,9142
mx,chunhuhub,5231
hn,joconal,1206
gr,domvraina,1138
de,gelnhausen,21417
fi,jamsa,15261
ru,syrskoye,3454
ru,konstantinovskiy,5718
ph,loma de gato,21990
co,santa maria,2499.5
de,kierspe,18281
be,habay,7704
ua,kaharlyk,13245
mx,ayala,6869
uy,trinidad,21110
ua,dergachi,19321
sy,masyaf,33001
lu,consdorf,1241
af,lar gerd,11635
ru,mayya,6794
hn,el triunfo,7183
gb,newtown saint boswells,1225
ca,port dover,5838
mm,bago,244407
in,kakori,18334
fr,privas,8722
cz,tremosna,4605
cz,hanusovice,3585
cn,xifeng,61087
af,zaranj,33894
us,norway,5731
ua,zuya,6677
ru,goryachegorsk,873
ro,sarmizegetusa,1369
kz,lisakovsk,33460
hu,val,2348
az,qala,2709
us,painesville,17251
ua,yabluniv,1798
pt,teloes,4675
mx,tekit,8852
mx,copalillo,5993
in,sulur,26185
in,mangrol,41445
ca,smithers,5438
co,gigante,9829
sv,colon,1895
ru,teeli,3732
mx,ixhuatan,4523
mx,campo gobierno,20985
mx,alamo,22741
lu,strassen,6006
hu,fenyeslitke,2425
gb,port bannatyne,1331
cl,villa alemana,97320
sd,talawdi,13188
in,champdani,103699
hn,san luis de planes,1111
co,aipe,7964
it,minturno,19520
gr,ayiasos,2357
cz,strelice,2527
ca,grand falls,5675
br,chapadinha,40805
cz,rakvice,2066
ve,barcelona,424819
us,kalamazoo,74138
se,skara,10608
ro,ciuruleasa,1333
ph,malabog,3957
ng,ilesha,277922
in,kushalnagar,14962
in,bilara,41713
gr,rodopolis,1250
us,naugatuck,32161
tz,tunduru,36796
ru,vikulovo,6952
in,vadodara,1409565
gb,oldham,104783
gb,eaglesham,3077
vn,vinh yen,17876
ru,sosnovskoye,9052
py,coronel martinez,1359
pt,povoa de varzim,29044
pt,joane,7869
gr,vrontados,4600
dk,ryomgard,1952
de,wismar,45432
no,taelavag,493
no,risor,4450
mk,staro nagoricane,4112
mk,kamenjane,15376
lk,kuliyapitiya,6878
ir,khomeyn,77431
ie,tralee,22941
fr,maisons-laffitte,22006
ee,keava,294
ph,sonquil,2347
gr,alfiousa,1067
ca,watford,1716
tr,bursa,1413485
ph,cartagena,3396
fr,vire,12898
ru,vadinsk,4708
ru,smolenka,2933
ph,baikingon,2164
mx,tlatlauquitepec,9720
mv,nolhivaranfaru,448
in,garhakota,28117
ru,mochishche,3314
pt,quinta do anjo,9124
ph,malabon,2640
mx,la lira,5328
in,bilari,29669
in,babrala,16671
gq,aconibe,11199
au,parkes,11137
ru,temyasovo,3524
ru,olkhovka,5314
ph,idio,2102
nl,rucphen,22872
mx,santander jimenez,5562
mx,ixmiquilpan,32475
it,musile di piave,10779
br,leopoldina,46743
ca,saint marys,6647
cz,rozmital pod tremsinem,4491
ua,ternova,2968
lu,rodenbourg,109
in,belsand,19398
gr,polikastron,6961
cn,xinan,61816
bg,nikopol,4884
pt,arganil,4330
ph,tigtabon,3546
ph,malabor,2690
mx,guamuchil,59279
in,daitari,4147
co,aracataca,27704
ru,kirov,248353
lv,ogre,25818
fr,creil,30250
dk,forlev,2058
ua,prosyana,5432
pe,san luis,9778
pe,colan,14274
mx,buenavista,6919.67
ci,arrah,43408
ba,divicani,7250
de,laatzen,40245
us,standish,9926
mx,ixtlan del rio,21646
jp,hobara,24516
ch,hombrechtikon,7795
ca,black diamond,3663
ua,chernyakhiv,10082
tz,makambako,53003
ni,jalapa,33620
us,goshen,30045
us,chubbuck,10455
td,oum hadjer,19271
ru,visim,1699
ro,dobretu,1502
ro,bixad,7369
mx,tlacoyalco,9399
gr,apsalos,1149
gb,caernarfon,9836
dk,ry,4909
ph,taboc,2326.5
mx,tepecoacuilco,5922
br,conceicao do almeida,9691
at,mittelberg,4627
ru,vasilkovo,4292
gb,haddington,8780
sv,san pablo tacachico,3033
in,mandya,134857
hn,arimis,1817
gr,nea magnisia,4144
gr,koutsouras,869
bg,montana,44982
de,schmelz,17494
ru,makaryev,7588
ro,vadu motilor,1523
cu,moron,66062
us,new ipswich,5283
ua,velyka lepetykha,9511
ph,batobalani,5025
it,mussomeli,11846
in,ongole,172891
in,monoharpur,23364
us,omaha,413487
us,carrollton,71072.5
ro,vatra dornei,16055
ph,haguimit,4008
cf,mbaiki,76350
cz,horka nad moravou,2048
ch,zollikon,12534
ro,satu mare,58291
fi,maarianhamina,10682
at,judenburg,9992
ru,kamensk-uralskiy,181884
ru,bolshegrivskoye,3763
ro,pomezeu,3310
fr,pont-sainte-maxence,13709
cz,podborany,6082
br,itaperuna,84436
az,ramana,8855
ws,avao,276
ua,mala tokmachka,2912
no,sokna,543
gr,anoyia,2545
fr,moyeuvre-grande,8826
ph,kalayaan,7306
in,lathi,22747
ca,chesley,1986
bz,belize,61462
us,epping,6251
ro,sieu-magherus,3830
ph,dolores,5214.4
cn,beipiao,154999
br,santa isabel,33709
cn,zhangdian,669770
de,pattensen,13496
de,schalksmuhle,11859
ua,solonytsivka,12378
ro,runcu,3777.67
ph,tabon,3121.5
mx,la ceiba,10190
mt,qormi,18230
it,scalea,10765
fr,miramas,23354
ee,sauga,1062
tr,gemlik,71099
ro,stejari,3046
no,prestfoss,486
bg,belogradcik,4865
us,cape coral,130807
ro,luncavita,4946
py,obligado,6350
pt,guia,4173
ng,duku,87671
is,keflavik,7930
in,sasvad,29861
ca,middleton,1680
be,kortessem,8042
am,azatamut,1850
ch,oberwil,9957
pe,chazuta,8065
ni,el viejo,44384
jp,gobo,27169
de,wolfenbuttel,54911
ee,paldiski,4202
us,laurel,13920
lt,jieznas,1390
il,shelomi,5784
ph,badak,6653
in,suchindram,12316
in,chail,8408
fr,talant,11877
dz,tigzirt,19748
us,grand junction,45938
au,forbes,4838
cn,dongling,171454
es,a coruna,236010
ru,verkh-usugli,2573
pe,juanjui,37885
mt,kirkop,2137
hu,veszprem,60387
ba,visoko,17890
ua,voykove,2079.5
ru,soluno-dmitriyevskoye,3270
ro,sutesti,4168
ph,dilan,4031
jp,sagae,43544
id,magetan,79716
hu,izsak,6117
af,baraki barak,22305
cg,mossendjo,21555
us,show low,9564
ru,tomari,4910
ph,dogongan,2144
ke,namanga,13193
cn,xiantao,239406
br,mombaca,17065
es,canals,13569
cz,obrnice,2610
ph,joson,3462
in,velluru,177096
in,kankon,12446
us,circleville,13259
lu,neuhaeusgen,239
cn,jiangyou,127225
ph,kabacan,31768
jp,hondo,40787
it,erchie,8828
cv,vila do maio,2962
us,san antonio,1256810
ru,pereleshinskiy,3257
ro,stejaru,2275
it,anagni,21519
be,baelen,3928
cz,terlicko,4110
br,sao joaquim da barra,42720
sd,tambura,9484
ph,tamlang,2275
pa,dolega,1653
in,chitrakonda,7260
gb,hemel hempstead,85630
cn,yichun,153966
ru,bolshoy kamen,37480
ro,sendreni,3126
it,trezzano sul naviglio,18220
in,rayadrug,59975
hn,zapotal del norte,2507
gr,kavala,59240
fr,charenton-le-pont,30298
ca,brooks,12745
br,rio grande da serra,38162
bi,rumonge,6074
nl,nuenen,23755
mx,san martin de las piramides,13017
in,kharagpur,123590
hu,tokod,4271
hu,god,15874
br,otacilio costa,14557
ro,stelnica,1834
in,sandila,53188
de,garrel,12515
us,los altos,26871
th,lat yao,17506
ru,susuman,7366
ru,novouralsk,93849
ph,larap,4221
in,bargur,12959
gt,ayutla,11197
ge,bakurianis andeziti,1085
us,moore,47475
sl,largo,4484
ru,borisoglebsk,68598
ir,ardakan,58840
in,dudhani,12736
gn,dalaba,12823
ar,san ramon de la nueva oran,84504
br,severiano melo,2503
us,middlebury,8862
us,pittsburg,41157
us,fayetteville,68172.3
ru,mishelevka,7529
ro,berceni,5065
ro,margaritesti,866
nl,steenbergen,23793
id,kembaran,77977
cz,cheb,32778
us,hopkinsville,27656
ua,skalat,3886
si,koper,23273
no,sem,1852
no,selbekken,361
nc,poya,3394
ph,bubog,4880
lu,colpach-bas,110
cn,dalian,2035307
us,miles city,8184
us,new london,15331.5
us,prichard,27505
pl,pultusk,19039
hu,tokol,9112
by,dzerzhinsk,24610
ee,mammaste,616
es,abaran,13850
es,melilla,66419
ph,paracelis,4232
ph,malaruhatan,3169
si,piran,4032
ru,yasnaya polyana,5064
rs,mladenovac,22087
ro,malovat,2943
de,gifhorn,42699
ro,razboieni,2381
ro,berlesti,2367
pk,kalaswala,12575
id,kupang,282421
gr,klitos,1382
br,tonantins,4561
ua,viytivka,4245
no,aneby,1354
mx,tancitaro,5298
co,chigorodo,48444
bf,gorom-gorom,6743
ru,troitsk,58062
ru,kemlya,4761
ro,supuru de jos,4598
in,ballia,109722
in,bahraich,182236
cn,datong,1052678
ua,kulykivka,5739
jp,nikko,16042
it,floridia,22616
gr,kos,19244
fr,bondy,47242
au,ulverstone,9605
cn,jiaocheng,65170
us,ridgeland,22714
nz,culverden,432
it,feltre,19580
gt,la libertad,7387
at,bad sankt leonhard,4775
cn,kaitong,62537
de,wiehl,26784
kz,makat,14082
br,sertaozinho,99213
us,west haverstraw,10356
tj,konibodom,50364
ru,kormilovka,10166
lv,gulbene,9355
hr,slatina,10973
gr,kato soulion,1493
ca,omemee,1393
us,little rock,184217
ru,atkarsk,27554
pt,sao joao de ver,9568
ly,bani walid,46350
bd,nageshwari,49431
eg,esna,69335
ph,salay,6427
it,montichiari,21041
in,fort gloster,18349
hu,fabianhaza,1919
gb,longside,722
fr,bonneuil,17644
es,roquetas de mar,54665
bt,gasa,1612
us,milford mill,29074
us,elgin,98586
rs,vrbas,25991
bo,monteagudo,8290
co,la calera,10175
ph,burgos,3045.5
in,phek,15119
in,guru har sahai,16029
gb,east linton,2008
de,spaichingen,12258
ru,malmyzh,8990
ru,komarichi,7090
ph,candabong,2386
us,cleveland,166573
ru,preobrazhenskaya,5475
ru,knevichi,4605
ph,isabela,41619.5
ph,bulusan,6648
mx,xadani,5895
hu,vacszentlaszlo,2085
gr,kala nera,841
cz,chrastava,5918
br,agudos,30808
us,ardmore,18264.5
us,girard,10456
sy,qatana,27254
ro,bacau,171397
nz,taneatua,813
hu,szedres,2478
hu,bucsa,2479
br,carmo,11555
us,norton shores,23486
us,townsend,16933
tr,akdagmadeni,23060
ru,teya,1649
it,signa,16237
in,phalauda,18547
de,rottweil,25783
de,voerde,39052
tz,naberera,13500
ph,calinaoan,2083
cn,xiamen,578337
de,oelde,29608
br,sao joao evangelista,10049
us,stony brook,13620
in,karera,26215
us,azalea park,12347
ru,rostovka,5423
ru,avdon,4980
gh,accra,1963460
gb,scarborough,38909
fr,saint-raphael,33115
co,jordan,112
es,telde,95503
ca,kelowna,125110
us,linden,39878
ru,ordynskoye,10314
lu,schlindermanderscheid,170
in,sitarganj,24228
br,miranda,13189
es,montornes del valles,13904
es,brenes,11078
us,walnut creek,65179
ro,romuli,1737
in,kaveripattinam,14209
cm,limbe,72106
za,prieska,11236
us,los ranchos de albuquerque,5184
ro,balaci,2485
pk,chakwal,101230
in,pudukkottai,112128
id,kramat,48074
hu,tapioszolos,3155
cu,candelaria,12675
fi,kangasala,24291
us,fernandina beach,11257
mx,chimalhuacan,590165
kg,tyup,13438
br,jequie,127479
cn,nanchang,1871351
ru,yerofey pavlovich,5409
ru,promyshlennovskiy,6152
ro,mischii,1841
pl,oswiecim,41143
ph,silvino lobos,2720
gh,nungua,70482
sv,nuevo cuscatlan,6469
be,braives,5672
ph,suyan,7229
cn,yian,73299
br,ourinhos,97801
ru,sven,3491
ro,zarand,2629
gr,ayios matthaios,1640
us,chino valley,9233
mx,la huerta,7601
br,itaguacu,8202
us,stockbridge,12379
us,oroville,13197
ru,bystrogorskiy,3859
pt,abrantes,13646
it,cittadella,19681
in,bedi,21328
ck,tauhunu,69
co,san cristobal,4738
id,polewali,58191
de,miesbach,11394
us,buffalo,146920
se,kristinehamn,17000
ro,spantov,4616
nz,cheviot,425
in,deogarh,21136
in,bhatapara,51756
us,rowlett,54785
us,clermont,11473
ru,tyrma,2445
ro,viperesti,3600
ph,bugko,3120
pa,alto de la estancia,1081
jp,moka,65718
ee,rakke,1045
hu,ulles,3145
de,niederkassel,36426
es,la union,16095
ph,irosin,20716
gr,grammatikon,1334
de,rodenbach,11455
hn,namasigue,1804
ua,berezivka,1618
si,slovenj gradec,7933
ru,suslovo,2974
ru,chugunash,657
fr,courrieres,10202
ba,careva cuprija,3954
ee,lagedi,939
cz,mimon,6708
de,finnentrop,18466
us,north haven,23960
ru,pudem,2278
ph,macalong,5802
in,dhamtari,87161
in,anekal,36696
fr,le plessis-trevise,18254
fr,epernay,25573
es,nerja,18536
cn,chuncheng,153547
in,tharad,24698
us,angola,7932
ro,fagetelu,1427
ph,masaya,6555.5
gb,glenluce,618
br,estrela,24200
us,burton,31587
ro,garoafa,4624
mx,cuetzalan,5785
gt,san miguel siguila,7384
ca,pemberton,1644
rs,bujanovac,12109
mx,ixtenco,6304
jp,toba,23303
in,nalbari,24618
hu,encs,6886
gr,grammatikou,1061
gb,jarrow,27264
ca,causapscal,2033
bw,mmathubudukwane,2221
br,ribas do rio pardo,11935
cl,molina,28775
us,imperial,10268
ru,shamkhal-termen,5774
pl,strzegom,17004
de,giengen,20211
si,zagorje ob savi,6799
ru,vakhrushi,10330
pl,drezdenko,10541
nz,hamilton,152642
ke,gilgil,25264
es,algemesi,26222
us,rocky mount,55997
ro,lunca corbului,3350
jp,kodama,21545
br,vera cruz,30557
ru,betki,3756
ro,corbasca,5328
ro,chiojdu,3791
jp,tobe,21382
it,arcore,17361
ru,zaplavnoye,3693
ph,salcedo,3467.67
in,ajra,15864
gr,pili,1791
co,genova,7140
ru,roslavl,56972
py,villa elisa,64138
ph,caraycayon,3016
kz,georgiyevka,9821
in,dhanbad,219660
cm,kousseri,435986
de,verl,24532
br,guanhaes,23728
es,getafe,167550
ru,gatchina,89763
no,trolla,461
ma,tawnat,27249
it,barletta,92650
do,san juan de la maguana,72952
af,herat,272880
at,krems,24092
tm,akdepe,14177
mx,lopez mateos,521056
in,harrai,10251
ca,nicolet,5257
in,banswada,22665
de,bamberg,70471
af,shibarghan,55658
cn,longjiang,106384
th,nakhon si thammarat,120836
th,bo rai,13620
it,porto empedocle,16110
cn,wuda,129922
us,wixom,13696
ph,doljo,2760
tr,silifke,75353
tj,asht,11705
ru,lazarev,1906
no,kiberg,262
mx,acacoyagua,6202
jp,nyuzen,27585
it,poggibonsi,28619
ec,santa lucia,12523
cz,vyssi brod,2547
cz,brno,377407
ro,sincai,1614
in,bahsuma,11158
gr,vokhaikon,961
au,leeton,7299
dk,liseleje,2906
co,tulua,165504
za,kruisfontein,18991
sv,sonzacate,15446
in,kichha,34908
cz,prestice,6426
ci,tanda,27098
us,swissvale,9069
us,fountain,15925
ro,colceag,5473
ph,bautista,2777.5
hu,balkany,6798
ru,skorodnoye,3677
ph,boton,2336
gb,kirkby in ashfield,27539
de,rastatt,48452
br,presidente prudente,209507
se,eskilstuna,59016
ph,mambatangan,2922
jp,hanyu,58687
in,kurduvadi,23132
bj,bohicon,125116
ro,deva,67802
in,jalali,18179
br,vicosa do ceara,16637
dk,ulstrup,1963
ua,rozkishne,6205
ph,blensong,4151
tz,kirando,33111
pt,ferreiras,5157
hn,atenas de san cristobal,1783
cn,tianjin,3766207
us,midland,70091
us,chatham,9837
ro,chilia veche,3599
ph,lapasan,2573
pe,ramon castilla,5520
us,metairie,142489
sv,aguilares,21445
ru,ayan,1286
ro,plosca,6404
pl,brzesko,16866
ph,san mateo,36345
mx,apaxtla,7413
lk,battaramulla,75632
vg,spanish town,355
ru,sergiyevsk,8218
ru,mulda,174
nl,waalwijk,46197
gt,granados,1120
ca,peachland,1305
de,wolmirstedt,10589
tz,kisiwani,7126
ru,bakchar,7195
ph,san enrique,6219
mk,negotino-polosko,17518
it,guardiagrele,10451
de,solingen,165192
ee,poltsamaa,4764
us,hazleton,21961
in,tehri,27614
in,sadri,25634
hn,duyure,1164
fr,ronchin,18177
es,martos,22441
co,cunday,2082
cn,xiaolingwei,66031
ru,spitsevka,3374
in,gawan,8745
gb,clevedon,22414
us,pinellas park,46495
pg,kokopo,26334
no,gravdal,1628
jp,ikoma,117604
hn,antigua ocotepeque,1862
at,haag,5164
us,tarrytown,11460
sd,umm kaddadah,10979
ru,ayat,861
mx,nuevo progreso,9125
it,trinitapoli,14629
ca,sackville,2891
co,gameza,1690
cn,huzhou,158320
ru,surskoye,7324
ro,topolovatu mare,2942
jp,iwatsuki,108835
br,sao francisco de paula,13292
ba,mionica,8701
us,camden,32829.3
ph,manguiring,3767
mg,soavinandriana,40453
gq,luba,8668
fr,maizieres-les-metz,9708
de,waldkirch,20193
cn,nanyang,251532
ro,aricestii-zeletin,1376
it,grottaferrata,19485
in,sangrur,88622
dk,osted,2122
us,rancho cordova,59185
ru,shaturtorf,3312
pt,montemor-o-novo,12854
fo,sandavagur,779
cr,san isidro,17617
th,kumphawapi,29211
ru,baykal,491
ru,anadyr,10318
in,khawhai,2537
hu,csanadpalota,3224
co,tasco,1811
br,fundao,12715
ru,iznoski,1905
it,nuoro,38543
tz,mahonda,5569
ph,lumbog,2128
mx,tezonapa,5100
mx,montecillo,5138
it,casaluce,10243
us,toa baja,1889
us,bartow,15718
us,irondale,9652
ro,reci,2204
it,santa marinella,17577
de,achim,30117
ca,slave lake,7661
us,kettering,33814.5
ua,lopatyn,3418
ph,calabasa,2419
mx,ecatepec,1806297
it,arluno,10662
in,solon,40286
bd,dohar,45549
de,pforzheim,120366
ru,alekseyevskoye,9738
hu,agfalva,1971
fi,tammisaari,14377
us,glen rock,11459
us,west chicago,26014
ua,shpykiv,3638
pl,brzeg,38259
bz,punta gorda,5026
us,ecorse,10773
us,lamont,14438
ro,buzias,7625
ph,san ricardo,2501
ph,iligan,267854
hn,victoria,2884
cn,laibin,59835
af,qunduz,161943
cz,benesov nad ploucnici,4042
cl,monte patria,13945
us,neenah,24810
us,moundsville,9638
pt,campo maior,8235
my,kuala kangsar,39333
jo,waqqas,6192
in,bangalore,4931603
gt,san pedro pinula,3235
ch,lenzburg,7616
ru,sychevka,8510
ro,brates,1525
pk,daulatpur,14575
ph,general macarthur,4491
br,cantanhede,8344
de,osnabruck,165372
ru,georgiu-dezh,55940
ro,ghidfalau,2568
pe,pacocha,7622
ly,gat,24347
ie,macroom,3169
id,gresik,73638
be,buggenhout,13510
br,sao lourenco do oeste,14872
za,ulundi,20763
it,voghera,38848
be,modave,3825
ch,renens,17530
us,castro valley,62813
tr,tepecik,21711
sv,san pedro masahuat,2654
ro,crangeni,3529
no,bjerka,449
ba,rodoc,5159
br,corrente,13967
pk,talhar,21155
ph,suyo,3493
no,adalsbruk,541
hu,sarospatak,14478
co,neiva,352859
uy,mercedes,41075
ru,petrozavodsk,265027
ru,aushiger,4955
my,segamat,69821
hn,intibuca,13743
ro,dudestii vechi,5746
ph,paclolo,2346
mu,congomah,1956
hu,matraverebely,2197
gr,periyialion,2042
tr,karaman,120464
ru,lebedyan,22970
ro,alexandru ioan cuza,2951
il,ofaqim,24633
hn,lepaera,3137
de,sondershausen,21954
ci,agboville,108684
de,aurich,40987
es,aguilar de la frontera,13557
si,zrece,2874
no,stjordalshalsen,9848
de,hiddenhausen,20742
cz,valasska bystrice,2172
ua,holovyne,1891
it,san giuseppe vesuviano,22551
cn,urumqi,1508225
br,camapua,11119
us,bridgewater,36525
us,oldsmar,15172
at,axams,5560
cz,plana,5377
ec,saquisili,3778
us,canyon,13036
us,mooresville,15820
ro,titesti,4581
ro,poienari,3273
br,iacu,22665
us,hurst,37749
us,brownsville,89375
ru,chelyabinsk,1062931
ph,patac,2553
in,titlagarh,28407
bs,andros town,2456
cz,melnik,19318
at,arnoldstein,6923
us,aldine,15596
ru,kurumkan,5848
gb,gargunnock,677
cn,lingdong,83636
wf,vaitupu,601
us,walpole,32670
ua,auly,4167
tj,pakhtakoron,8220
ru,nerl,2292
in,sheoganj,26806
gr,kallimasia,895
fr,etampes,22399
us,saint johnsbury,7762
us,west puente valley,24134
ua,krasnotorka,3061
tr,artvin,24278
nz,reporoa,595
in,julana,14509
in,deoli,16687
hu,tapioszecso,6628
hu,satoraljaujhely,18052
fr,deville-les-rouen,10483
de,stollberg,13304
my,bentong,49218
hu,gyongyospata,2724
au,batemans bay,10557
br,paicandu,34365
br,araripina,38570
us,bakersfield,291389
us,albertville,18368
tz,konde,9530
lt,kacergine,897
in,mangaldai,24872
am,ptghni,1231
ch,urtenen,5255
vc,port elizabeth,839
pe,jauja,21152
mk,star dojran,3348
kz,aksay,34802
it,campobasso,47569
cn,changchun,2537421
us,norwood,24456.5
lu,lellig,142
in,rampur,151326
in,puri,170856
hu,medgyesegyhaza,4037
bo,san ramon,5406
br,alfenas,71407
ro,ostroveni,5731
pf,haapu,579
jp,daigo,22311
de,kitzingen,21705
cd,kananga,463556
cn,mabai,63569
ru,maryanovka,8302
ph,maasim,4712
jp,ojiya,40549
jp,fukuchiyama,68736
it,piano di sorrento,13111
it,forlimpopoli,11622
in,dharmadam,29946
de,linkenheim-hochstetten,11783
br,canto do buriti,11715
tn,akkudah,20027
ph,maasin,3514
is,selfoss,5396
br,santana do matos,8050
de,bad oldesloe,23982
ro,catalina,3497
pk,mirpur mathelo,49313
ph,patao,5997
jp,tawaramoto,32660
hu,buj,2496
gb,boston,35859
fr,sevres,22993
fo,haraldssund,77
at,steyr,39567
zm,choma,46751
ro,sacele,16057
nl,ijsselstein,33489
hu,buk,3174
ba,capljina,7923
es,betanzos,12629
de,bad krozingen,16051
sv,concepcion batres,3286
ru,neryungri,66325
ph,manibaug,24618
nl,maastricht,122383
lt,smalininkai,599
gb,portknockie,1179
us,sterling heights,126657
ua,lesnoye,166
ph,buenlag,6824
my,batu arang,22579
gt,pasaco,1834
gr,kalambakion,3514
ec,macara,13035
co,manizales,357819
us,yabucoa,6952
ru,solnechnoye,2580
ro,panet,5880
nl,bleiswijk,10792
hu,ocsa,9097
cn,ninghai,62633.5
au,cooma,6520
cn,shenxian,79196
ee,voka,1046
ro,poenarii-burchi,5681
de,dassel,11319
ua,starychi,3293
ro,scortoasa,3374
nz,te kaha,403
bj,cotonou,690584
cn,jingdezhen,310565
ru,chulman,10430
ro,brateiu,3126
lk,katunayaka,84658
jp,fujieda,132860
ca,farnham,6061
ru,shamkhal,8375
ph,paiisa,4275
ph,catungan,2318
gb,stalybridge,22748
af,qarchi gak,8942
ph,nancamarinan,3565
mx,la estancia,5579
jp,godo,20758
bg,tervel,7019
al,mamurras,8282
se,kalmar,34745
pk,shabqadar,66568
in,surandai,28989
id,kedungwaru,80267
gt,santiago atitlan,32625
gr,yithion,4576
ru,vorkuta,80040
ro,vetis,4365
mm,lashio,131033
in,nirsa,14126
cz,prostejov,48258
am,kanakeravan,2950
th,hat yai,191696
ru,ust-omchug,4515
ro,felnac,5097
py,capitan miranda,2498
ph,guinbaliwan,2503
hu,dunaszekcso,2151
us,edina,45945
gr,gournai,1539
fr,reze,37338
cn,dongying,306450
in,muhammadabad,22151
gr,profitis ilias,1353.5
us,espanola,9729
ua,vyshchetarasivka,3651
ph,baao,19613
it,seveso,20142
us,whitewater,14536
ru,molochnyy,5308
ro,sacelu,1834
pk,pasrur,53379
ph,glan padidu,3716
ph,dados,2325
ph,balbalan,2195
it,salerno,144147
co,enciso,698
us,nanakuli,11675
mx,acayucan,46992
hu,bicske,11072
gr,kato milea,1286
uy,juan lacaze,13263
us,endicott,12802
us,mashpee,14834
kz,fort-shevchenko,5213
in,baswa,22515
gr,mirina,5406
ec,zaruma,12505
tj,leningradskiy,11955
ph,giporlos,5257
ph,diplahan,3338
pa,nargana,1090
si,grosuplje,6256
ch,lausanne,118015
us,coon rapids,62528
us,rocklin,55007
ua,kozova,9019
ru,ulluaya,5905
mx,kantunilkin,7205
us,graham,11053
us,bloomfield,28294.5
us,hawaiian gardens,15652
ru,tolyatti,718495
ru,kursavka,11043
ru,karpuninskiy,588
mk,mogila,4392
it,vinci,14284
ch,gerlafingen,5032
be,rixensart,21616
co,villarrica,3081
us,florida ridge,16999
us,campbell,22642
pk,bhag,14556
ph,dibuluan,2384
ph,baay,3045
ir,chabahar,47291
in,nirmali,17104
ar,bahia blanca,282950
br,porto de moz,9912
us,olympia heights,14874
ph,san dionisio,3134
ke,sagana,3297
co,caracoli,3120
co,chita,2914
au,launceston,72462
br,joao alfredo,11334
at,gloggnitz,6213
ru,verkhnyaya balkariya,4076
ru,novodugino,3894
us,marinette,11171
ru,krasnyy kholm,6120
ru,kondinskoye,4166
in,bakhtiyarpur,34537
bj,come,29208
us,wharton,9310
ru,naushki,3510
in,dwarka,35839
de,nettetal,42959
tz,katesh,4943
it,alzano lombardo,12767
in,sankarpur,6244
es,mollet del valles,51077
ws,musumusu,75
gr,yeryeri,1444
ee,kobela,468
uz,angren,126962
ug,entebbe,62971
ro,teliucu inferior,2527
pk,bhan,16962
ph,erenas,2243
ru,kulunda,15345
ph,jordan,8255
gr,nea palatia,2400
cn,sanbu,140454
tw,erhlin,55234
in,bhaderwah,13430
br,cacapava,72341
ca,ridgetown,3547
ro,baisoara,2319
in,farah,9236
hu,urom,4753
cz,vrdy,3049
au,mount barker,8357
de,ditzingen,24255
ci,divo,184481
us,grandville,16741
ua,uhlove,3283
ru,kishcha,3821
tr,luleburgaz,90947
ro,blajeni,1516
pe,chachapoyas,20348
nl,sint-oedenrode,17119
cn,jiazi,130298
co,olaya herrera,9821
us,tonawanda,15401
th,kamalasai,23393
pt,perafita,12538
hn,el caimito,832
gr,anthili,1381
ca,casselman,3074
ar,san nicolas,130705
br,itapirapua,7923
us,floral park,15702
ua,zaliznychne,2274.5
ru,krasnoye,3325.75
py,san jose obrero,459
jo,sabha,5854
gr,skala,2333
gf,macouria,8786
br,rancharia,25531
tw,hsintien,275698
ru,belyy gorodok,2735
no,lillehammer,19223
mx,san antonio de la cal,15673
la,champasak,12994
in,tigri,49709
id,lamongan,59224
ec,colimes,9384
cv,sao filipe,8063
zm,nakonde,10652
us,oshkosh,63017
us,dumas,13629
ro,almajiu,4108
pf,anapoto,233
in,alwar,283248
ie,mitchelstown,3357
fr,cahors,20336
cz,jemnice,4289
cz,stity,2021
us,corning,10451
jp,haibara,18472
au,broome,13218
ph,calape,3099.5
bg,devin,6766
br,conceicao do araguaia,27116
pe,salas,10734
jp,kawanoe,37641
ir,omidiyeh,47048
in,raghunathpur,14452
in,boisar,15692
mx,cuitlahuac,12331
in,chinna salem,20111
hu,gonc,2217
us,hoquiam,8835
ru,belorechensk,28000
rs,starcevo,7629
ph,cayang,6353
in,tiruchchirappalli,775551
ca,yorkton,15172
ro,adamus,5905
ph,ragay,9000
ph,calapi,2770.5
mx,san felipe,20729.5
jp,kamisu,52554
in,bhainsdehi,16402
br,brejinho,7625
br,boa esperanca,21547
bd,raozan,25711
ro,lespezi,6138
in,titron,11570
in,mount abu,24982
in,bilaua,11996
fr,vallauris,27144
az,ordubad,9781
ru,chiri-yurt,5136
ro,hlipiceni,3756
mx,jamay,16310
ph,carosucan,7083
gr,nea artaki,9193
gb,symington,997
br,escada,48084
ru,katyr-yurt,9202
ph,talitay,3983
nl,culemborg,27869
ge,akhmeta,8569
at,kufstein,16116
br,governador valadares,250882
bw,pilane,1277
cz,jablonne nad orlici,3106
tm,kerki,33241
ro,rovinari,12259
ro,granicesti,4916
ng,jos,816876
mx,san juan de abajo,9015
il,tel mond,8939
gl,qaanaaq,616
gb,congleton,26030
co,quetame,1374
us,rock island,38383
gb,wilmslow,36618
br,manga,11733
ru,vacha,6618
pl,marki,23177
ph,maluso,31375
in,allapalli,10772
gh,apam,20148
pt,vila praia de ancora,4987
no,sagvag,3308
ls,mokhotlong,5484
cl,calama,143085
ru,konakovo,42240
ro,oarta de jos,1387
nl,hengelo,82928
ch,aigle,7897
sk,tvrdosin,9544
ph,cadiz,131106
pf,rairua,486
pe,sana,39377
gr,eleousa,2013.5
cn,shunyi,117623
ru,lunino,8214
pe,piura,326592
in,morvi,118021
in,clement town,20807
hn,berlin,1050
de,verden,26364
tw,yingko,86237
pk,jhudo,25909
ph,gattaran,3613
mx,mochitlan,4387
in,yelbarga,12023
in,naugachhia,41251
cm,kribi,55401
us,port charlotte,49333
ph,tartaro,5231
jp,kuroishi,38615
de,niedernhausen,14703
ph,baligang,5781
nl,werkendam,26986
mx,colorines,7246
mx,calpan,10402
mx,almecatla,7366
lu,lultzhausen,32
it,terni,108006
in,manoharpur,21059
hu,perkata,4166
gt,san martin jilotepeque,9643
gt,alotenango,17052
bg,dolni dabnik,5561
ru,vachi,714
ph,rimos,6670
ng,oka,78016
in,ayakudi,24120
be,as,7250
us,allentown,105519
ru,bolshoy nimnyr,463
it,isola della scala,10879
fr,bayeux,15286
cu,san diego de los banos,1643
us,chalmette,31698
ro,umbraresti,7116
ph,tarragona,3777
ph,malaking pulo,6182
mx,totolac,5774
in,malwan,18860
de,murnau,12223
th,pran buri,47293
ro,prejmer,8106
de,simbach,10015
ro,ivesti,7151
fr,antony,61595
ca,oshawa,247989
de,glauchau,26260
br,pedro leopoldo,49262
us,elyria,55873
ru,pervomaysk,14810
ph,uson,4395
no,selje,714
in,khairagarh,17916.5
fr,octeville,16417
uz,zomin,27078
us,hanover,14388
us,south pasadena,24994
ru,nizhnyaya pavlovka,3691
ro,camar,1855
co,yarumal,22368
de,bad kissingen,21527
tg,aneho,47174
ru,balakovo,201923
mx,mina,3803
mx,ahumada,9326
in,srinivaspur,25762
am,ashnak,1131
ru,perelyub,5549
cl,longavi,6325
al,tirana,374801
de,hoxter,32962
bw,manyana,3338
br,divinopolis,193835
ru,staroshcherbinovskaya,18785
ph,binlod,2941
ph,agbannawag,3484
lt,ignalina,6422
in,ghugus,31861
bg,kubrat,7327
br,goiania,1171209
us,cordele,11411
ru,kumylzhenskaya,8061
si,mezica,3445
ru,volokolamsk,16277
rs,osecina,3272
ph,tiparak,2898
ws,lelepa,213
us,hope mills,12232
mg,maroantsetra,23859
jp,toda,118733
in,pandhana,11627
ca,melita,1167
br,maracanau,193532
de,oberhausen-rheinhausen,9580
us,glen burnie,40317
us,muscle shoals,12314
ua,piskivka,6889
ru,mutsalaul,6219
ru,aleksandrovsk,15486
mx,cuervos,8481
it,villacidro,15513
co,santa lucia,15760
ee,koosa,548
ru,tukan,1808
ru,dzheguta,3734
ph,angadanan,4487
no,olderdalen,317
tz,kayanga,12407
ph,tayud,7788
ph,biri,2597
cz,mikulasovice,2385
tr,cesme,21329
ru,rtishchevo,44014
it,castel san giorgio,13460
hu,becsehely,2255
no,stromsnes,497
ca,arthur,2413
ru,novobirilyussy,4274
ph,tayug,11611
mx,tlalancaleca,10406
gr,kremasti,4700
de,munchberg,11646
ca,gananoque,5458
ru,elektrogorsk,20724
gr,lekhaina,3714
ch,emmen,27290
dk,haslev,10588
cz,ivancice,9314
in,kalikapur,4061
hn,vivistorio,949
si,sostanj,2776
ph,naro,2977
ph,dumaguete,113588
ru,solovetskiy,919
ru,petropavlovskoye,2839
np,itahari,47987
mx,la canada,10089
br,mirador,6955
ao,uige,60008
ua,vorokhta,3853
ph,tayum,2530
ci,akoupe,51387
dk,ulfborg,1994
be,gingelom,7930
co,margarita,1939
ph,tuhian,2646
mx,xalmimilulco,14144
mk,stip,48279
in,chhata,21262
hu,telki,2071
hu,ajka,31407
br,olinda,366761
at,bad hofgastein,7002
ro,orodel,3269
py,humaita,1519
ru,zmeinogorsk,11514
ru,pshekhskaya,4979
ge,senaki,27755
de,rutesheim,10175
cz,tisnov,8279
ro,vadu crisului,4311
ro,hemeius,3761
ph,bitin,5758
in,nattam,21888
hn,ilama,1811
pf,vaitape,4680
hu,madaras,3246
us,sarasota springs,15898
tf,port-aux-francais,45
ph,mangalcal,3446
nl,papendrecht,31379
in,phulabani,36616
hu,fuzesgyarmat,6426
co,pinillos,6218
cr,pital,2046
de,ketsch,12960
us,moorpark,37010
ru,chumikan,1305
ro,ciudanovita,752
ph,ma-ao,25837
pe,villa rica,7482
lu,livange,306
br,jacarezinho,35090
ec,quito,1399814
ke,lodwar,20219
it,palermo,669582
gr,vlakhopoulon,1446
gr,skhisma,1968
br,corumba,96523
cl,san vicente,22573
cz,jablunka,1965
us,san luis,21793
ua,kulevcha,3882
gb,christchurch,42397
fr,chateau-gontier,11267
ca,sainte-adele,5467
dk,hadsund,5066
se,nybro,12059
py,san lazaro,708
ph,bulit,2219
in,sulya,18950
co,ancuya,5852
bf,zorgo,19789
pk,fazalpur,28212
nl,dordrecht,121595
am,metsamor,8789
ua,berdychiv,86250
ro,somova,4463
lu,neidhausen,53
gr,ano kastritsion,1003
de,eitorf,19867
bg,ahtopol,857
ph,canan,2780
mx,huandacareo,6877
in,adoni,163649
hu,kaba,6392
ru,radishchevo,4845
in,harduaganj,12329
id,katobu,42751
ca,stony plain,8939
ba,orasac,3856
cf,alindao,20125
ua,chornukhy,3075
py,alto vera,642
mk,ohrid,54908
it,gualdo tadino,16216
in,itimadpur,22700
ie,ballina,10087
gr,planos,1033
cn,licheng,172775
ru,chernyy yar,8006
gr,zigos,1504
gb,herne bay,36642
es,merida,50333
ru,detchino,4838
ph,sua-on,2936
ph,apalit,77418
mv,funadhoo,1221
fr,la roche-sur-yon,52595
ug,muhororo,1567
ua,stara synyava,5771
ru,zandak,3549
ro,sansimion,3397
ee,ahula,329
bo,san carlos,4180
ro,alba iulia,66085
it,vico equense,20756
am,nor gyukh,1462
cz,loucovice,1960
br,uaua,11425
de,rommerskirchen,12554
us,anniston,23423
pl,lapy,16434
it,civita castellana,16785
fo,skaelingur,11
cz,klecany,2018
co,zipaquira,91237
zm,senanga,10006
tr,ceyhan,96358
my,bukit mertajam,212387
in,daurala,10917
ie,blessington,2874
br,jaboatao,702632
us,east longmeadow,15102
ru,zonalnaya stantsiya,5050
mx,ayapa,4761
it,giaveno,15884
in,dhari,29346
in,bakreswar,1739
us,alma,9373
us,westport,26938
us,encinitas,61585
co,balboa,4287
pa,escobal,1790
gb,lossiemouth,6841
ru,slavyansk-na-kubani,65197
ro,hulubesti,3428
jp,kurume,238199
gr,nea kios,4214
bj,djougou,202834
cz,borohradek,2127
th,prachuap khiri khan,33520
ro,cotnari,7985
mx,maltrata,10496
in,rajsamand,63419
co,dabeiba,11548
in,fatehgarh,14849
fr,saint-jean-de-la-ruelle,16931
ba,blatnica,5675
pt,moura,9360
ir,abadan,370220
br,cambara,21380
co,pueblo bello,6295
es,fuengirola,54823
et,gambela,42474
th,nong bua,14160
np,siddharthanagar,63372
mx,tihuatlan,12047
jp,nagayo,45293
hu,vep,3460
cz,protivin,4926
do,san cristobal,154045
us,belvidere,24547
ph,poctol,2237
ca,new waterford,11026
us,san fernando,24524
tw,chichi,11284
ro,brebu nou,86
pl,tarnow,117799
in,atmakur,35137
be,huldenberg,9137
dk,broager,3376
ph,lipay,2397.5
in,morwa,20169
in,chhindwara,134862
in,annur,19964
us,waggaman,9311
ng,gboko,195710
hn,rio lindo,3479
us,grosse pointe farms,9360
ro,sistarovat,374
ro,pitesti,167671
ro,catcau,2451
hu,szeged,160609
hu,hogyesz,3029
cl,carahue,11875
zm,petauke,19299
us,fairview,10904.3
ua,lokhvytsya,11950
no,eikeland,406
za,clocolan,12318
ro,sapoca,3156
ro,calafindesti,5764
ro,caracal,33761
mx,tepic,280602
fr,bernay,11491
de,braunfels,11398
cz,jicin,16516
cz,letovice,6614
pl,nowy dwor gdanski,9822
mx,zihuatanejo,61310
dk,graested,3310
ar,parana,299257
us,west valley city,113112
in,dharchula,7332
et,awassa,133120
at,schwaz,12507
br,alagoa grande,16406
us,campbellsville,10821
us,hollister,37485
ru,krasnyy bogatyr,1019
us,la salle,9480
ua,nyzhnya duvanka,2353
pk,fort abbas,40624
ph,muzon,4301
no,andenes,2789
mx,rayon,5795.33
ir,jahrom,107910
ie,charleville,2674
ca,killarney,2362
au,cootamundra,4934
es,ubrique,17961
br,brasilia,2207812
us,brentwood,36480.2
mx,teacapan,4421
mx,jaltepec,5275
it,susegana,11594
ro,vama buzaului,3289
jp,motegi,19575
co,palermo,9896
cz,dubi,7592
br,barra mansa,164054
ru,stavrovo,7822
nz,waihi beach,2014
nl,schiedam,76874
ar,santiago del estero,407636
am,hovtashat,3472
fi,kuusamo,17401
ru,kichmengskiy gorodok,6624
gh,madina,68591
br,alvinopolis,12068
ca,morrisburg,2728
ua,chervona sloboda,9333
ph,clarin,5162.5
mx,calkini,14195
cl,la union,26299
us,bartlett,40766.5
ru,gagino,3933
pe,cajamarca,132622
mx,zacapu,50115
gr,palamas,5719
cn,zhaotong,109400
cn,yidu,117056
br,urbano santos,12268
in,jodiya,15788
am,tsovak,2531
cz,otrokovice,19303
ua,rakoshyno,3145
gt,sanarate,15517
gr,argostolion,9820
gb,loughborough,59317
az,culfa,10820
br,lagoa da prata,43119
us,mill creek,13466
ru,bolshoy uluy,3364
ir,hashtrud,16888
gt,patzicia,16155
co,aldana,1956
ru,lyubokhna,5188
lv,rezekne,38340
it,tradate,16621
hu,domony,2031
co,viracacha,541
dk,tollose,3457
us,huber heights,38391
us,trenton,38479
ru,moshenskoye,2697
ru,makhalino,5210
ro,racoviteni,1462
pl,knurow,39744
pe,nicolas de pierola,5826
it,ragusa,72631
in,banjar,1351
hn,chiquila,983
es,vicar,18315
de,bitburg,13154
cz,jablonec nad jizerou,1967
us,woodward,11748
ph,viga,4089
ph,tuganay,4054
ph,balud,2940.5
pe,paramonga,30490
co,quimbaya,31392
us,arkadelphia,11062
ru,narimanov,11907
ro,havarna,5088
hu,boldog,3131
ca,cochrane,10387
ba,cim,3966
ua,sartana,10543
us,carteret,21944
ug,yumbe,17178
it,arzano,38397
ch,onex,16796
br,cabreuva,38743
ru,arkhipo-osipovka,8170
ro,saceni,1661
mx,texistepec,8758
it,sedriano,11231
ua,preobrazhenka,3550
ru,privolzhye,7423
ro,haghig,2175
mx,nuevo mexico,28135
in,gandhidham,136605
in,alwaye,23705
cn,xinzhou,116385
br,chopinzinho,14142
br,sao miguel,12838
br,jardim,15485
ru,malysheva,9955
ph,cabacao,4486
ph,agdangan,3918
mn,ulaangom,28091
id,porong,54698
gr,glossa,987
us,ruidoso,8757
tz,msowero,17861
tr,karamursel,30541
nc,touho,2424
mx,compuertas,4163
gr,ayios stefanos,10940
cz,frydek-mistek,61584
cz,zlin,81066
us,east massapequa,19418
so,borama,38075
ro,tomsani,4336.5
nl,neerijnen,11782
ro,saulia,2083
ro,cernica,9530
ph,balibagan,2263
no,kristiansand,63784
mt,mdina,360
hu,szerencs,10046
gp,marigot,3368
dk,lejre,2036
bg,primorsko,1807
pt,loule,23109
mx,tapalpa,5858
de,konigslutter,16614
be,florenville,5464
us,tulare,50103
nl,westervoort,16208
hu,soltvadkert,7695
us,southfield,76828
pl,oborniki,17915
pk,zahir pir,34119
sv,victoria,2023
mx,cojumatlan,6653
lu,hesperange,1937
ee,osula,335
ru,aban,9670
ph,vigo,2253
ph,baco,2903
pe,yurimaguas,42016
gn,macenta,43107
ec,san cristobal,6164
co,boavita,3749
gb,newcastle upon tyne,192382
br,sao pedro da aldeia,55014
cz,zliv,3679
ro,mihai viteazu,4475
ph,malagos,4975
ph,balut,2348
jp,fukuma,43154
it,morbegno,11775
in,joshimath,13866
br,pedreira,39199
dk,langeskov,3713
be,anhee,7125
us,hillsboro,45628
ru,svetlaya,1109
ru,schlusselburg,12393
co,sabanagrande,21167
us,wright,23302
in,bodri,14493
cn,puqi,132891
ee,aravete,955
cu,san antonio de los banos,42726
th,bang yai,14012
fr,montgeron,22319
bg,breznik,4150
tw,taichung,1083582
sa,jiddah,2545728
mx,la antigua,18070
in,athmallik,11918
gb,gravesend,54264
fo,kirkjubour,81
ws,vaigaga,760
ru,zherdevka,16019
ru,pizhanka,3900
pt,salvaterra de magos,5165
ph,leyte,7223
fr,vitry-sur-seine,77035
us,shakopee,30384
it,sezze,24214
it,ravanusa,13492
in,shahganj,26513
in,junagarh,16857
in,balarampur,22849
gr,ayia anna,823
dk,bronderslev,11671
be,merelbeke,22047
co,la macarena,3466
ve,ciudad ojeda,73931
ro,jorasti,1944
ro,beclean,6210
md,leova,11417
gr,lekhaion,4837
be,nivelles,24149
ru,yaransk,19558
ru,kalga,3573
il,iksal,11213
hn,san jose del potrero,1091
gb,carluke,13465
be,lierneux,3332
es,camargo,25107
ws,faleatiu,847
us,north olmsted,32958
us,macomb,19234
tr,corum,183513
th,maha sarakham,51584
ro,rosiile,2985
no,naustdal,1055
br,jacutinga,18470
ch,wetzikon,19377
ru,kadoshkino,4763
jp,kashiwazaki,86184
in,sunam,53651
fr,rosny-sous-bois,40571
ua,kuteynykove,2076
so,bur gabo,3096
ru,katunki,815
it,montepulciano,14389
tz,masoko,12720
sv,jiquilisco,9129
mx,el arenal,6813.5
jp,kasama,29478
it,vigodarzere,13309
bf,solenzo,10451
bo,bermejo,28287
tz,lindi,41915
py,numi,864
ph,aringay,29825
ba,gornje dubrave,4821
ru,bokino,4016
nu,avatele,122
ir,borujan,52660
br,princesa isabel,12616
ru,savinka,3449
ru,dolzhanskaya,7194
ro,salard,4109
mk,kriva palanka,20820
in,ottappalam,50917
be,hoogstraten,18524
co,obando,7298
cm,akom,9709
br,eloi mendes,19413
lv,priekule,2550
jp,sasebo,237446
br,sao jose do calcado,7442
cn,suining,124924
rs,koceljeva,4748
ph,linabuan,3430
mx,valle hermoso,47838
it,san giorgio ionico,15682
id,gorontalo,144202
ph,napnapan,3258
ph,capalonga,3900
no,bremsnes,417
ng,ekpoma,59624
gr,mokhos,1132
es,fuenlabrada,202088
dk,havdrup,3828
tr,islahiye,40783
ru,mrakovo,8394
ro,comandau,1034
id,cidahu,50240
us,placentia,49160
ru,irsha,1436
na,otavi,4562
hu,kerecsend,2217
ca,buckingham,21373
de,clausthal-zellerfeld,15082
co,pital,3957
nl,hoorn,70379
it,cicciano,12266
cn,jiaozuo,517540
cl,laja,16550
ar,bell ville,35106
vn,thanh hoa,112482
gr,megalokhorion,1152.5
ca,laurentides,4922
in,ramnagar,24320.8
ru,uzhur-4,10641
no,steinshamn,473
at,volkermarkt,11543
ph,pamplona,8328
gb,merthyr tydfil,30821
cg,gamboma,20877
be,mont-saint-guibert,6557
br,malacacheta,8820
ph,katuli,4732
mx,huauchinango,49853
in,tandur,63246
gl,narsaq,1709
de,bad doberan,11373
cn,luorong,67593
de,drensteinfurt,15234
us,rockwall,29930
us,deerfield,19618
ru,putevka,3656
ru,noginsk,115981
ru,dolmatovskiy,423
ru,chokurdakh,2506
pk,karak,32587
ee,haapsalu,11805
co,gama,584
ru,yalkhoy-mokhk,4058
ph,muti,2308
in,chavakkad,38014
hu,janoshaza,2754
hn,agua blanca sur,7592
gt,santa catarina ixtahuacan,14405
br,cerro largo,9548
sn,sokone,15460
sl,mambolo,5911
ru,mokrousovo,4851
rs,velika plana,16148
ro,smardan,3961
it,alatri,30322
hu,vamospercs,5451
fr,bagnolet,32781
cn,gucheng,74038
be,brugelette,3358
dk,skive,20815
ca,chandler,2863
us,costa mesa,109250
ru,nogir,11469
br,remanso,22780
in,sarila,8013
ca,betsiamites,1652
cz,vejprty,3320
ee,koluvere,494
cz,zdice,3936
tr,buyukcavuslu,3843
ro,noslac,1992
il,ramat gan,126864
gr,goumeron,1072
de,bautzen,41606
al,peqin,7513
ee,kivi-vigala,293
ru,ponezhukay,3390
ro,tinca,7335
ro,papiu ilarian,997
py,corpus christi,1387
ph,aggugaddan,2364
lu,ermsdorf,228
gt,san mateo ixtatan,12942
ca,bonnyville,6003
cn,tongliao,261110
be,daverdisse,1299
ro,vadu pasii,9034
ph,akle,3381
ru,novoukrainskoye,5928
ro,baile olanesti,4562
hu,csengele,2004
hn,dolores,1107
co,san vicente de chucuri,11265
zm,lusaka,1267458
ru,artyshta,3090
ro,spring,2492
pe,chancay,29746
ba,ljubuski,9987
co,oiba,3959
ru,barzas,2230
ro,crucisor,2471
it,assemini,26309
br,vazante,15459
us,tupelo,35956
us,redlands,39082
ro,hotarele,8790
pl,znin,14008
ph,barcelona,3018
mx,doctor mora,4431
in,tiruvottiyur,229019
in,gobindpur,27069
gb,dalry,5234
fr,cusset,13359
dm,barroui,1498
ph,buyabod,2991
mx,tuzamapan,6563
in,agar,34536
gb,ipswich,143768
cn,hanyang,71053
us,san benito,24506
us,apple valley,57405.5
ru,shadrinsk,79480
ro,toporu,2536
pl,trzcianka,16914
pl,murowana goslina,9989
ph,carriedo,2307.5
mx,soyaltepec,8116
ug,pakwach,23890
ru,zalari,9781
ru,otrado-kubanskoye,3697
cm,tignere,4353
be,trooz,7559
be,hastiere,5147
in,gudivada,116174
gb,preston,190688
be,eghezee,14352
br,itacoatiara,45995
ua,zlynka,4981
ru,omsk,1129289
hn,cofradia,10827
be,torhout,18933
ca,saint-tite,2456
ru,atig,3842
ph,parangan,2432
in,kurud,11296
be,nieuwpoort,10845
at,liezen,6903
vn,tra vinh,57413
us,north las vegas,165416
us,herrin,11472
pl,pszczyna,25288
pk,pindi bhattian,35086
nl,tiel,43643
mx,delicias,102974
in,manamadurai,27496
id,pare,56700
us,cerritos,53305
ru,pereleshino,3795
mt,zebbug,11063
it,san gennaro vesuviano,10955
gb,lauder,1078
cn,suicheng,70285.5
ca,ormstown,1562
br,goianinha,13434
us,champaign,75670
ro,tinosu,2551
lu,godbrange,463
it,mascali,12525
br,pindamonhangaba,132220
cz,javornik,2935
wf,ahoa,495
pt,porto salvo,13867
pl,olesnica,36956
in,balangir,91249
hu,agasegyhaza,1898
eg,hihya,43432
tz,nachingwea,18058
in,sonamura,10823
gt,huite,2656
gh,asamankese,36589
ru,novocheboksarsk,128470
in,golaghat,34374
in,baleshwar,114331
fr,parthenay,10352
co,togui,829
tr,turhal,110941
no,gjerstad,353
in,raghogarh,63880
fr,la baule-escoublac,16658
ca,sexsmith,1743
us,sumter,40079
us,maple shade,19077
us,northfield,8602
pa,pocri,6076
mx,singuilucan,3627
in,surendranagar,179640
gb,hawick,14053
gb,bangor,62568
ba,zenica,164422
ru,kysyl-syr,3491
ro,tintesti,4475
ro,scornicesti,12456
gb,scunthorpe,72515
ca,lakefield,2888
ro,tatarasti,2630
ph,gibgos,2477
lt,birzai,14912
it,corridonia,14425
ca,high level,3621
mx,tamiahua,5265
in,masuri,25756
gr,skoutari,2690
co,recetor,205
co,guatica,4369
tz,mbuguni,16442
nz,ahipara,1093
id,gebog,43757
rs,kladovo,9061
gb,amersham,21731
si,solkan,3252
ru,spokoynaya,5291
ru,saratovskaya,6117
ph,loyola,2673
in,anjangaon,55003
gr,asini,1081
br,amaraji,16660
de,schiffweiler,17356
au,rockhampton,65851
be,zuienkerke,2736
us,logan,44838
us,scottsbluff,14869
ua,dzerzhinsk,41758
ro,tecuci,41154
ph,canlaon,44850
it,battipaglia,52818
br,carazinho,59418
cm,lolodorf,22345
pl,chorzow,113430
ph,gapan,79278
fr,mennecy,14216
us,minnetonka,50117
ru,yermolino,9350
ro,voiteg,2402
ro,saru dornei,4301
it,massa marittima,8924
us,ridge,14120
ru,aksarayskiy,3323
kz,maykain,7695
in,sambhal,196129
ro,maxineni,3758
pt,sacavem,17718
no,storsteinnes,914
ir,takab,51546
in,ratnagiri,75993
id,semarang,1288221
gb,kingskettle,993
ca,pinawa,1562
ru,pskov,201992
no,knarvik,4288
gr,khanion tou kokkini,1385
ca,elliot lake,12508
ca,campbellford,3882
ru,goreloye,3933
hu,mihalyi,1137
gb,doncaster,67671
co,gachantiva,534
be,colfontaine,19964
br,guapiacu,14065
ru,uyemskiy,3593
ph,nato,4565.5
ph,bobonan,2454
mx,talpa,7665
lu,gralingen,142
fr,mauguio,17688
th,amnat charoen,34769
ro,teregova,4207
ro,targu-lapus,13145
pt,vila do conde,27642
pk,sanjwal,10657
ph,cagayan de tawi-tawi,3847
hn,choluteca,75880
cn,shaoyang,649452
ca,prescott,4466
cm,kaele,25199
ro,magesti,2824
ph,fuerte,2558
ir,nur,13529
ir,masjed-e soleyman,111522
in,sambhar,22830
si,ajdovscina,6527
ph,larion,3010
in,baihar,16170
us,bayshore gardens,17622
no,henningsvaer,407
nl,ommen,17301
it,lariano,12092
gr,kamarai,1200
br,sao sebastiao do passe,31050
es,moncada,19890
co,mapiripan,1993
ru,korsakovo,1465
ru,khasan,776
ru,ateptsevo,3424
ph,ransang,3548
ph,culasi,4254
lu,hivange,119
de,merseburg,34440
us,new city,33942
it,pedara,11579
us,geneva,18701.5
tr,adana,1249680
ro,nades,2368
my,tangkak,35111
it,porto torres,22302
ch,biberist,7463
ca,moncton,87467
cz,havirov,85829
ru,razvilka,8701
jp,kogota,19761
in,takhatgarh,17287
ca,port alberni,21282
bt,shemgang,1182
ph,maulawin,6822
in,umarkot,27547
es,icod de los vinos,23885
be,philippeville,8051
mk,gostivar,50974
gb,dunbar,6414
fi,iisalmi,22588
de,bohl-iggelheim,10694
de,olsberg,15923
za,sasolburg,77016
us,suamico,10297
us,bonita,12520
ph,binday,2236
nz,moerewa,1662
in,tirupati,250849
in,porbandar,138881
gm,bansang,7152
us,marrero,35405
us,fort carson,10645
se,halmstad,55658
ro,ramnicu valcea,107558
ro,budureasa,2622
ca,deloraine,1068
dk,frederikshavn,24103
ca,pangnirtung,1320
de,hille,16620
ug,kagadi,2097
ru,znamenka,10439
ru,kireyevsk,25513
cl,purranque,13619
us,roseville,64194
pt,pero pinheiro,4792
pk,vihari,112873
my,banting,75467
ma,rabat,1894386
in,tarabha,8156
br,santa ines,38973.5
dk,kibaek,2656
jp,wakuya,18334
ec,huaquillas,39757
cz,jablonec,45289
ua,kyrnasivka,5322
pl,gryfice,16720
in,akbarpur,18837
gb,west kilbride,4322
au,gunnedah,7148
br,paracuru,21197
ph,cullalabo,4907
ne,kollo,10377
my,lahad datu,105635
fr,etaples,11191
ru,kimovsk,31947
ro,stalpu,3175
pe,santa maria,16390
pe,san miguel,6332
gb,carnwath,1471
sl,mamboma,3898
ru,sheregesh,10114
ph,sinobong,3335
mx,autopan,30417
it,montelupo fiorentino,12146
ee,rahinge,346
cd,luebo,35181
au,kempsey,9522
cn,wuhu,507524
cz,jaromer,12911
in,paithan,37363
fr,dax,19827
br,juatuba,24551
th,ban pong,57559
td,fianga,13441
sk,hlohovec,23930
no,ise,717
mx,abasolo,16280.5
it,francavilla fontana,37411
hu,tapiogyorgye,3817
fr,lattes,16857
br,lagoa seca,8103
ee,riisipere,1058
dk,vodskov,4406
ke,baringo,7656
in,quepem,13042
hn,mezapa,6324
gt,santa cruz del quiche,23131
rs,majdanpek,9606
rs,kusadak,5630
ke,mandera,36066
jp,kizukuri,18907
it,carlentini,17572
cn,jiaxing,466101
co,puerto carreno,10216
br,altos,28769
pe,juliaca,247949
mx,amacuzac,5510
gr,sperkhias,2844
ru,selikhino,4722
ph,tuka,4003
ph,harigue,2105
mx,tres palos,4764
lv,liepaja,85263
gn,dabola,13056
fr,dreux,30303
ro,campineanca,3158
ph,sibagat,4865
ly,surman,25235
lu,wincrange,210
in,akalkot,39229
sv,san vicente,37328
ro,garleni,6263
pe,pativilca,14988
in,tikamgarh,74732
br,belmonte,9806
br,mata grande,4654
us,gretna,17106
sb,tulagi,1472
mx,tarimoro,12677
mx,pericos,6638
it,stradella,11050
in,melukote,4011
gb,gateshead,77649
ba,lokvine,3928
br,niteroi,456461
za,umtata,78663
us,venice,20457
pf,pirae,14729
nl,loon op zand,23408
ng,oyan,73623
ir,tafresh,14399
br,gravatai,238782
lb,bayrut,1252010
de,stadtallendorf,21789
us,kailua,37079
ru,mayrtup,10778
co,angostura,3640
us,munster,22586
no,borgen,583
ne,ayorou,26290
gr,kinopiastai,1463
de,bad oeynhausen,49698
us,cumberland,27595
tr,gorele,30396
ph,mozzozzin,2559
pe,chocope,32515
ca,capreol,3666
co,santacruz,2469
dk,ronnede,2395
br,sabara,158359
ro,stoilesti,4316
gt,yepocapa,8777
cz,tanvald,6971
zm,maamba,12251
us,bloomsburg,12943
ru,shitkino,2363
ru,kumysh,4306
ie,ashbourne,7001
sy,tartus,107081
br,barra bonita,37247
br,nossa senhora do socorro,163996
tn,manzil bu ruqaybah,46257
ph,sibutad,3395
lu,heffingen,623
lc,castries,12981
it,cesenatico,22479
ir,bukan,213349
gr,sparta,801
co,quipile,1896
am,tsovazard,1949
al,fushe-arrez,2438
ph,inobulan,2561
mx,aldama,8168
lu,noerdange,466
in,pathri,37651
br,macaiba,40016
ua,zavallya,5010
ru,mezen,3673
ro,dumbravesti,3664
ph,manubul,4736
it,varazze,13464
be,marche-en-famenne,16856
mm,rangoon,4477782
br,tomar do geru,4394
us,baltimore,610892
py,itaquyry,3038
no,misvaer,242
it,naro,8747
co,tame,29100
am,myasnikyan,3458
tz,musoma,121125
in,santoshpur,7636
cl,santiago,4837248
td,mongo,27763
ru,moscow,10381288
ph,albuquerque,2730
mt,paola,9257
it,aragona,10490
fr,bressuire,17952
br,timoteo,91723
ro,voinesti,5368.33
pt,buarcos,7865
nl,delfzijl,28473
jp,waki,17659
it,lizzanello,10737
in,narayangarh,15160.5
fo,oyrarbakki,104
hu,kakucs,2707
gr,sparti,15497
ph,monbon,3408
hn,loma alta,1067
de,brake,16199
cn,ducheng,95525
es,granadilla de abona,23212
de,ismaning,14722
ph,bolaoit,2386
nz,rahotu,302
lu,hobscheid,1051
ru,malchevskaya,3922
ro,ipotesti,4521
ph,moriones,2916
mx,coeneo,4185
lv,livani,10073
it,gorgonzola,19167
br,uba,97829
us,nederland,16679
us,sayreville,42890
us,pooler,10175
ru,bokovskaya,5032
ru,balakirevo,8932
ph,callaguip,2105
pa,el espino,1717
be,villers-la-ville,9592
th,phu khieo,17122
ro,baiculesti,6207
mx,jalostotitlan,22407
jp,wako,77437
it,milazzo,30778
in,vettavalam,13808
gr,filla,1276
ph,tabuc,5275
ph,lagonglong,9043
ph,jetafe,4489
in,govardhan,20046
hu,mogyorod,4949
hu,dabas,16590
us,prospect heights,16562
us,lynwood,72397
pe,san jose de sisa,9520
jp,nihommatsu,36287
in,talwandi bhai,16392
fi,jarvenpaa,38148
br,alagoinhas,122692
tr,soke,68265
rw,byumba,70586
ro,berezeni,5590
in,patamundai,34403
in,balapur,42404
gh,keta,18077
sd,sinkat,12547
ph,tandoc,3191
ph,mahayag,7437.67
hn,el eden,954
fr,chatillon,30261
ee,miiduranna,399
ve,coro,195246
ua,boyany,4260
tt,arima,34996
ph,tabug,3281
ca,windsor,95761.7
co,saravena,33817
cn,chengzihe,98188
in,zafarabad,9107
gr,nea vissa,2673
sa,tabuk,355469
in,beltangadi,7676
ee,saku,4548
ru,novaya lyalya,14246
ph,tabuk,27048
jp,edosaki,20801
in,dagshai,2994
de,gardelegen,11771
cd,lubumbashi,1374808
ph,matala,2597
lu,roder,66
gb,ormiston,2062
bo,patacamaya,12261
br,terra boa,12958
ph,linabo,5849
nz,parakai,1390
so,afmadu,11939
ru,rogovatoye,3062
ru,moskovskiy,9442.5
ro,douazeci si trei august,5214
pk,dina,46305
pk,badin,73572
ph,kagawasan,2224
my,limbang,26201
in,madhugiri,28127
in,fazilka,70893
hn,la flecha,2136
co,cantagallo,4672
ec,la mana,16450
pl,kielce,208598
mx,xochistlahuaca,3566
co,ariguani,26246
ru,yekaterinoslavka,10178
ru,voznesenye,2803
ph,consolacion,2092
in,lachhmangarh,48145
ca,maple creek,2121
dk,braedstrup,3130
ro,fratautii noi,5512
ru,kotelniki,17601
ro,taut,2139
mx,ahuacatlan,6450
in,sualkuchi,13918
pe,buenos aires,7967
de,aldenhoven,14335
ar,dolores,25190
ph,tulay,5551
ph,jasaan,16435
ng,ejigbo,138367
me,pljevlja,26266
hu,farkaslyuk,1922
gl,arsuk,145
ca,joliette,34772
za,vredendal,14806
ru,lesnoye,1887
ru,laishevo,7744
ph,obando,59924
ph,maddarulug,2186
lu,bergem,1535
it,ariano irpino,23034
in,pachmarhi,3228
in,chirgaon,14149
de,bad urach,13007
de,schwaigern,11032
us,saco,18447
th,lang suan,16142
ru,due,195
us,wickliffe,13178
ua,rudno,6016
th,khao yoi,18506
ru,podlesnyy,1745
ru,novomoskovsk,130984
us,florin,29808
ph,manito,3008
pe,tambo grande,30169
cz,karolinka,2881
br,tuntum,16402
es,palamos,16874
jp,tomisato,53017
gn,kerouane,7228
bo,coripata,2107
de,schopfheim,19919
ro,forasti,4912
jp,honjo,54299.5
gr,kavallarion,2025
ee,rapla,5684
us,horsham,14597
ru,kolendo,36
br,areado,10689
cn,yueyang,528140
us,newark,81892
ru,dolgoderevenskoye,6976
ph,pias,3320.5
my,beaufort,15855
gb,armadale,9026
cn,yangshe,66039
au,alyangula,1289
ua,sedniv,1301
ph,piat,5958
de,boizenburg,10634
us,dudley,11165
si,prevalje,4469
mx,panixtlahuaca,5682
mk,konopiste,327
de,marpingen,11439
ca,acton,8204
ua,tovste,3382
ro,medgidia,43315
pl,lask,18577
br,cambuci,9395
us,conroe,41643
us,van wert,10457
ro,filipesti,4678
ru,sivaki,2479
ro,alexandru odobescu,3062
it,santa maria a monte,11384
br,papagaios,11850
zw,mutare,253449
yt,acoua,5350
us,gloversville,15120
us,boulder city,15479
pk,malakwal,34599
gr,argalasti,1285
ru,grayvoron,6212
ph,divisoria,2068
mx,zumpango,34330
de,neunkirchen,32363.5
zm,mwinilunga,13800
ph,payao,7649.33
gy,ituni,4567
fr,calais,79010
de,hemmingen,18956
fi,lappeenranta,59276
ee,palamuse,541
br,laranja da terra,3016
br,aracruz,58272
us,las cruces,80184
ua,bryukhovychi,5590
tz,mahuta,13548
it,sannicandro di bari,9761
it,orzinuovi,12022
in,partur,30993
ca,truro,20650
in,maharajganj,26492
il,mizpe ramon,4769
br,tocantins,12876
us,grafton,10854.7
us,woodbridge,21133.7
tr,bingol,80592
ro,arinis,1192
ph,hukay,2230
ph,can-asujan,6994
hn,ceguaca,1239
gt,santiago sacatepequez,23713
dk,mariager,2433
au,cranbourne,39420
ua,novyy svit,5252.5
th,chanthaburi,99819
ru,lugovskiy,617
ro,horia,1418.5
ph,payas,3108
hu,budaors,25089
ga,makokou,13571
pa,los anastacios,1123
lu,huncherange,615
lu,crendal,10
fr,sin-le-noble,17431
fr,bobigny,44153
be,wachtebeke,6911
br,irara,9099
de,eilenburg,17120
us,hermon,4909
ru,chik,4991
ph,cabulohan,2637
cf,gambo,6210
us,new braunfels,45840
ir,arak,503673
in,jabalpur,1030276
in,gairatganj,8779
hu,battonya,6604
ca,desbiens,1147
de,lauf,26181
kz,balkhash,81369
in,baghmara,9950
ie,banagher,1586
fi,janakkala,15698
yt,bandrele,6352
ph,vigan,37521
ph,katipunan,7404.5
np,janakpur,93796
in,rehli,27708
gb,great malvern,37663
gb,exeter,113119
de,mittweida,16494
de,erkrath,47908
co,vergara,2267
us,aloha,44915
pl,solec kujawski,15125
pe,caleta de carquin,6085
id,margahayu,83124
ru,monastyrishche,4192
in,dhilwan,8447
hu,szentistvan,2629
ch,locarno,13998
at,hohenems,14072
fi,heinola,20849
us,balch springs,19401
ru,nikolsk,16099
ro,dichiseni,1836
ca,parry sound,6469
in,koyilandi,70666
in,kant,24432
cz,horni briza,4468
am,meghri,4540
br,dom pedrito,36912
us,west jordan,101031
us,garden acres,10523
ru,bobrovka,3560
de,nordenham,27783
es,socuellamos,11920
rs,svrljig,7813
ro,vatava,2099
mx,san jose el vidrio,4606
jp,yamasaki,25115
in,nagod,21734
fr,seyssinet-pariset,13135
bf,ziniare,12783
af,acin,15098
ar,villa constitucion,44278
rs,kula,19395
pk,sita road,27588
ph,manggahan,13825
ph,bagong barrio,4205
gb,penarth,23438
cz,petrovice u karvine,4499
br,jaguaruana,21791
ua,kryzhanivka,3076
pg,arawa,40266
mx,querendaro,8770
lu,linger,591
in,rania,22741
hu,dany,4378
us,temple,55703
us,pine hill,11306
jp,satte,55287
cz,hrusovany u brna,2881
ws,lano,706
us,overlea,12341
us,whittier,85778
ru,yemanzhelinsk,29849
rs,novi sad,194405
ro,cacica,4438
pt,loures,66230
ph,tuli,3643
mx,xaltianguis,6933
gr,mitilinioi,2255
gb,altrincham,41548
us,bartlesville,34610
ru,zelenograd,228298
ru,shvartsevskiy,5083
mx,otatitlan,4653
cn,gaoyou,90911
co,villavieja,2730
us,howard,16379
mu,fond du sac,5796
gt,sacapulas,11839
gl,qeqertaq,154
fo,klaksvik,4664
ru,abramtsevo,236
pk,mailsi,64564
in,gangakher,46369
hu,sarszentmihaly,2824
hn,san juan de flores,3633
us,hayward,140494
in,faizpur,24536
es,erandio,22377
cn,xinmin,74139
us,leawood,29978
ph,mangile,3020
mx,cocula,9490
gt,quezada,2203
gl,qeqertat,18
ph,bigaa,14510
jp,bibai,29029
de,kunzelsau,15128
us,valley city,6193
tr,cermik,20987
np,bharatpur,107162
id,sragen,71530
ca,granby,53979
us,alexandria,60895.3
ru,atka,560
lu,syren,423
ee,vao,431
uy,rio branco,17405
ua,pniv,4443
th,yang talat,13360
mx,ruiz,12745
hu,nagykanizsa,51383
es,aller,14428
ph,puelay,6854
it,vedelago,14702
cn,taikang,55316
cy,iskele,4491
co,valledupar,308242
at,scharding,4919
us,seagoville,11007
id,bangil,62513
et,robe,41280
cz,pocatky,2743
cz,trebic,39038
ro,baia de arama,5624
hu,dorog,12658
de,crailsheim,32666
ar,chacabuco,34587
mk,tearce,23096
hu,nyekladhaza,4939
gr,lofos,1772
us,pearl river,15544
us,fords,15391
mx,miguel hidalgo,4845
mx,jiquipilas,8951
hu,dusnok,3284
za,virginia,122542
ua,strohonivka,3447
ro,vaideeni,4198
ee,rosma,377
us,memphis,641608
us,carol city,63031
ru,kozhva,3374
ro,nana,2606
jp,tomobe,37147
hr,senj,5518
us,beverly,40365
ro,camarasu,2768
ph,okiot,3370
is,stykkisholmur,1059
us,gastonia,67869
ru,cheremkhovo,57395
ph,alayao,2406
it,reggello,15388
it,bressanone,18599
in,gokul,4351
cr,guadalupe,13754
us,ammon,10530
pf,paea,13359
id,pati,122798
fr,eaubonne,23739
es,illescas,13114
br,catalao,63545
ch,bulach,14776
us,new albany,36138
us,mill valley,13219
sz,manzini,110543
ru,volchansk,10403
ru,breytovo,3632
de,bockenem,11328
br,manacapuru,52460
ca,ucluelet,1566
us,talladega,19408
ru,magaramkent,6708
ru,dorogino,3762
ro,lovrin,8851
es,hellin,28691
cn,xuanzhou,127758
gr,arnaia,2271
br,vicosa,44127.5
co,victoria,4723
us,ladson,13019
ug,rakai,7613
ru,sibirtsevo,9226
ru,petushki,15866
co,suesca,4877
us,lovington,9417
hu,kiskunhalas,29354
br,mutuipe,10016
us,pickerington,15408
us,brookhaven,9786
ph,bustos,42139
in,nirmal,80991
de,wendelstein,16108
us,muskogee,38696
us,fort myers,53015
ua,petrykiv,3033
ro,corund,6091
ph,sindon,2418
in,olpad,14091
in,daund,45444
ht,jacmel,33569
be,oostkamp,21489
ca,sylvan lake,10520
us,ojus,17330
de,zulpich,20010
ph,titay,11469
lu,bech,380
jp,shibata,80794
in,maler kotla,113848
ee,lavassaare,548
ua,shabo,6886
se,taby,58123
ru,maloye kozino,823
ph,lanigay,2789
fr,chartres,41229
de,erfurt,196719
us,springville,22867
us,harrison,17401.7
ua,lysychovo,3068
ru,uralets,1551
pl,lubawa,9302
ph,gandiangan,2169
id,padang,840458
au,hamilton,8869
at,hollabrunn,10966
ru,adyge-khabl,3666
it,bollate,49620
fo,saltnes,163
jp,kamogata,18413
in,bamora,7981
am,arshaluys,3808
ru,stolbovaya,5142
co,ospina perez,1307
tz,singida,62436
re,bras-panon,10445
ph,simala,2569
gb,redcar,37203
gb,coalburn,1267
az,puta,1018
de,kronach,18349
br,maceio,955010
cz,plasy,2610
us,shelbyville,15576
ph,javalera,3421
it,trofarello,11377
in,sorbhog,7614
hn,rio arriba,995
ba,vares,7193
id,bantul,58658
az,buzovna,24795
pt,barcelos,19084
mx,jaumave,4421
jp,inzai,67406
in,warora,41526
in,ranikhet,19875
hn,orocuina,1655
fr,lons,12684
de,pirmasens,43539
az,quba,22405
am,nalbandyan,4019
us,creve coeur,16695
ru,loyga,1618
ro,cehu silvaniei,7832
ee,peetri,565.5
cz,litovel,10026
th,bang ban,16588
it,belpasso,22316
us,burley,9247
ly,nalut,66228
hu,sopron,55623
br,ilheus,155503
br,serra talhada,51204
de,bad schwartau,20052
us,crowley,11915.5
ph,panikian,2490.5
np,butwal,91737
mx,colon,7088
in,thrissur,325140
in,gohad,51640
id,manggar,34522
fr,la seyne-sur-mer,61417
co,cajibio,3365
br,guaratinga,9519
ru,shalinskoye,4198
pk,miram shah,3334
mx,coahuayana,6848
ke,embu,34927
it,rubano,14458
is,borgarnes,1783
iq,baghdad,5672516
in,shupiyan,13566
in,firozabad,306439
il,sederot,20865
zm,solwezi,4846
ru,bezenchuk,23736
pa,la cabima,17545
in,amarpatan,16860
cz,koberice,3198
us,milledgeville,19682
ro,daneti,7110
mu,quatre bornes,80961
gr,khrisokastron,767
zw,gweru,201879
us,beeville,13004
us,abington,17374
ua,borodino,1758
ro,hateg,10865
ro,gornet,3076
mx,alpoyeca,3284
fr,saintes,25616
ee,harju-risti,387
no,hareid,3617
de,filderstadt,43580
us,asheboro,23443
tz,mikumi,16780
ru,trosna,2627
ro,licuriciu,2590
mx,nochistlan,15613
mx,cosoleacaque,20372
co,puerto rondon,3724
am,kosh,2581
br,cururupu,22007
ro,vanatorii mici,4965
pk,hasan abdal,45678
ph,cogon,2817
nl,valkenswaard,31158
bo,portachuelo,11486
cf,bocaranga,14002
be,hotton,4969
zw,beitbridge,11865
ru,slobodskoy,32362
ro,caraula,2628
no,storslett,1444
jp,hiratsuka,259056
in,akalgarh,6993
ru,vokhma,4663
ru,bolshoye polpino,4521
ro,tisau,5114
ph,hilantagaan,3396
in,mudgal,21007
gt,ixchiguan,2217
gb,glenfarg,449
br,benevides,49813
ch,regensdorf,15756
th,ron phibun,26621
ph,toong,2684
mk,cesinovo,2377
in,kumbhraj,16393
in,kamalganj,16223
bd,char bhadrasan,34427
de,lauingen,10991
za,witrivier,15954
us,bethesda,52801
us,kuna,11410
ug,kaberamaido,27789
pa,coetupo,930
in,khatauli,64737
br,santana do ipanema,26147
ru,severodvinsk,194295
ru,bratsk,259994
ro,racari,6828
mm,toungoo,106959
lu,gosseldange,458
in,dig,43489
es,rincon de la victoria,27924
us,issaquah,16853
ph,batakil,2504
ne,dogondoutchi,31770
li,gamprin,1268
fr,bois-colombes,23663
cg,sembe,2514
cn,linshui,109955
ru,dukhovshchina,4494
lv,cesvaine,1811
fi,noormarkku,6076
br,martinho campos,9198
br,alagoa nova,9182
us,belle fourche,4663
us,holden,17016
in,singaperumalkoil,8301
th,song phi nong,19839
ro,valea dragului,3214
nz,paengaroa,901
in,itanagar,44995
fr,chateauroux,49170
ba,buzim,7229
ve,acarigua,143739
ru,sim,15632
mx,guadalupe y calvo,3230
in,jiran,10983
in,hajan,10800
us,jesup,9582
ru,poshekhonye,6813
ru,novosokolniki,9559
mu,souillac,4392
in,manali,20355
in,katras,57355
hn,sinuapa,2389
gr,peraia,16067
es,irun,57205
za,alice,9788
tz,malinyi,27041
ru,kalmanka,3628
ro,osica de sus,5351
pl,zgorzelec,33247
no,vossevangen,5551
no,li,342
mx,madera,16087
co,anolaima,5585
ph,beddeng,2565
ke,wajir,45679
in,namagiripettai,22098
ru,peschanokopskoye,11340
ru,mostovskoy,25188
ro,crasna,5849.5
ph,lapolapo,3621
mx,lombardia,11417
it,nizza monferrato,10391
cz,mestec kralove,3010
cn,ezhou,193652
nz,timaru,28007
mx,margaritas,8579
gb,kemnay,3889
dk,jyderup,3984
au,esperance,7889
co,la gloria,6810
br,muqui,8614
jm,lucea,6290
in,bageshwar,8708
bt,taga dzong,3168
ca,magrath,2095
ro,batarci,3681
mx,tlapa,36875
br,lagoa do itaenga,17719
de,weingarten,23928
zm,mbala,20572
jp,nakatsugawa,55012
gr,arkalokhorion,3537
us,edgewood,14087.3
tw,tounan,48112
ro,potlogi,8299
ro,branistea,3943
in,diu,23790
in,chopan,13587
gb,west bromwich,135618
gb,dunoon,7981
ee,aseri,1831
de,zehdenick,16310
ru,sengiley,8018
nl,uithoorn,27154
ie,swinford,1241
be,knokke-heist,33781
es,bermeo,16904
ca,uxbridge,9020
br,colinas,25159
ru,streletskoye,5727
pl,sulejowek,18630
ph,kinangan,4561
id,bondowoso,69791
hn,sabana abajo,884
cz,jesenice,2551
us,east riverdale,15576
ph,paete,26855
id,solok,48373
hu,kunhegyes,8462
de,steinhagen,20143
ca,beloeil,43016
ua,zhurivka,6369
mx,estacion coahuila,7596
sk,dolny kubin,20401
ru,chaykovskaya,3007
pa,san andres,1242
gb,bishopbriggs,22668
co,dos quebradas,179586
us,la porte,33740
pk,sillanwali,27022
no,vaksdal,870
dk,solbjerg,2964
de,langerwehe,14222
bt,tashigang,4519
us,south milwaukee,21059
us,south huntington,9317
br,casa nova,33319
br,araquari,35691
tn,kasra,2598
ru,amzya,4843
ph,tubalan,4164
ni,villa sandino,8234
mx,cuyutlan,5644
ca,saint-denis,1067
co,cisneros,8204
us,deltona,82008
np,khandbari,22904
hu,balatonfoldvar,2069
es,denia,38953
es,lebrija,24754
us,westminster,70589
ru,shumerlya,35221
ir,alvand,74899
at,perchtoldsdorf,14041
cz,albrechtice,4055
ru,imeni poliny osipenko,2479
in,gudari,6895
il,sallama,1800
us,stillwater,30251.5
ug,sironko,14698
am,hovtashen,1134
us,manitowoc,33939
us,morgan hill,34719
th,dan khun thot,15580
ru,tavrichanka,8352
ru,chaplygin,13488
ro,brebeni,2904
id,baturaden,42395
ru,achinsk,117635
ph,la libertad,5478
it,oderzo,18158
de,marktoberdorf,18701
sn,diofior,6407
ru,neman,12507
ph,egana,2723
my,tanjong tokong,24073
mx,ayotzintepec,3680
ls,maseru,194387
in,gursahaiganj,40217
hn,san juan de opoa,1636
co,san carlos,5594.5
cu,bejucal,18123
ca,tavistock,2654
ro,tantareni,5762
mx,ramos arizpe,38260
in,deori,12286
gr,kokkinion,891
ro,lungesti,3628
ni,jinotega,36824
hr,krizevci,11597
be,tremelo,13721
bw,tsabong,8326
es,gondomar,12419
tr,soma,65967
ru,smolensk,320994
ro,altina,1587
pf,avera,711
hu,nagyhalasz,5924
fr,carrieres-sous-poissy,15261
cn,zhuji,110721
cz,valasske klobouky,5168
tw,pate,176909
ru,navoloki,10951
mu,beau vallon,7016
in,bawana,24908
hu,szodliget,4350
co,fuquene,563
bg,kostinbrod,11239
bg,dimitrovgrad,42827
ru,pionerskiy,6779.33
ro,sanislau,5072
id,pemangkat,34030
ug,kumi,8827
ua,nova mayachka,7238
ro,galati,294088
it,arezzo,95233
gb,freuchie,1120
br,cambui,21247
bo,charagua,3026
ws,samauga,289
fr,ermont,27575
ca,toronto,4612187
us,beachwood,11299
ro,soimi,2951
ph,casay,3613.5
dk,helsingor,35048
gb,nottingham,246655
ch,lengnau,4302
co,soacha,313950
ru,kevsala,3532
py,tacuati,2406
br,carira,10276
et,huruta,12442
ro,boteni,2733
ph,amagbagan,2443
gr,veroia,44465
cn,dawukou,131880
de,rhede,18774
ca,boissevain,1557
ru,antropovo,3736
jp,mori,20280
de,steinheim,12776
br,cosmopolis,47773
co,riohacha,92433
ru,stepnoye,10046.5
az,agdam,39451
us,saint augustine,12097
tr,sebinkarahisar,47384
ru,zirgan,4083
ru,tosno,40198
ru,elbrus,3476
rs,bezdan,5270
ph,sugal,2759
ph,cordon,4514
in,pernem,5555
br,carire,5488
bd,sherpur,107431
zm,gwembe,2052
sl,kasiri,4605
ru,terney,3876
ph,ilasan,3054
lk,ragama,34313
in,kaithal,140614
cn,chaohu,138463
at,mattersburg,6448
ro,valea macrisului,2090
ro,sisesti,4266
ro,branceni,3057
py,nueva alborada,290
in,manavalakurichi,10720
in,dalhousie,7602
in,birpur,18970
fi,kokemaki,8390
es,albox,10688
cl,chimbarongo,17356
br,imperatriz,218110
br,jeronimo monteiro,6902
us,vista,92707
ua,korotych,4889
ph,cayangwan,2070
il,fassuta,2985
gb,maesteg,17830
dk,viborg,33844
ru,solntsevo,4374
ph,bacuag,5420
am,amberd,1267
cn,qinzhou,100996
bd,teknaf,40562
de,bergheim,64082
jp,gojo,34343
it,roccastrada,9470
gd,hillsborough,770
az,agdas,23528
ch,le grand-saconnex,8457
ru,demikhovo,5474
ph,almendras,2626
in,nim ka thana,32692
br,mandaguacu,14866
at,langenzersdorf,7733
us,haines city,14457
ph,tubli,2452
in,anand,138018
gb,telford,43244
gb,aberystwyth,18392
ro,nadrag,2897
de,schmalkalden,17963
cz,ludgerovice,4577
ph,banawang,2306
in,chikodi,34987
gb,whithorn,830
fr,sarlat-la-caneda,9670
fr,loos,21167
bj,save,75973
co,el molino,5265
de,markkleeberg,23220
am,marmashen,1644
us,newport beach,78702
mt,zabbar,15030
lu,ehlerange,756
jp,beppu,125067
cn,dinghai,84380
uy,bella union,14639
us,sturgis,8721.5
ru,starodub,18539
ph,bago,76721
in,surgana,6566
in,baudh,18947
hu,forraskut,2287
hu,csorvas,5643
gr,promakhoi,1809
cn,deyang,152194
ca,new glasgow,20322
us,mims,9095
ph,pinahan,3005
ph,dodan,3002
hn,el rodeo,893
de,karlstadt,15247
ph,san agustin,3654.57
mx,sabinas,49201
lu,ernzen,398
us,eastlake,19747
us,springdale,33093.5
ru,maslovskiy,3436
pa,guadalupe,8409
gr,ialisos,11473
br,alto parana,10888
ba,lukavac,12607
de,wittingen,12401
za,cullinan,25490
ph,aranas,4479
id,sigli,17505
ee,imavere,486
bw,letlhakeng,6782
se,lund,76263
ru,valuyki,35887
bo,reyes,7376
es,girona,85128
ro,tamaseni,8292
ph,bagu,2120
no,lovund,356
it,santa maria di sala,15322
in,shahgarh,14837
es,fraga,12538
ru,posyet,2857
fi,lieksa,13704
et,wendo,12948
za,louis trichardt,86854
ru,kostino,3466
ro,filipeni,2441
ro,feleacu,3764
re,cilaos,6225
pk,kamir,24052
nl,voorst,24046
it,villasanta,14218
it,roccapiemonte,9368
id,mayong,24176
ru,novovarshavka,6487
fr,marmande,17143
ca,carbonear,6814
ca,meadow lake,4281
za,messina,20191
ph,tuyom,11117
my,labuan,73664
mx,teitipac,2970
in,mallapuram,11837
us,rotterdam,20060
us,foster city,28532
ua,chulakivka,2938
ro,malureni,4762
pt,canelas,14247
in,sunel,15840
gr,khalki,1837
gh,sekondi,104194
us,langley park,15895
ru,makushino,9682
ru,chupa,3954
mz,manjacaze,25541
ir,rasht,594619
in,yellandu,43792
in,akaltara,21335
bw,lephepe,822
co,sesquile,1876
dz,adrar,89441
ch,kirchberg,6676
ua,slavutych,27832
ro,bacia,1772
in,barpathar,7445
br,cruz das almas,47846
us,tolland,14891
ru,severskaya,22849
pf,tevaitoa,1851
it,monteroni di lecce,13908
fr,sens,27060
ro,satchinez,4586
mu,cluny,1629
in,bindki,36062
br,pirapora do bom jesus,14690
de,hannoversch munden,25612
ru,staraya toropa,2232
bg,sungurlare,3441
no,ytre arna,2526
mx,dzilam gonzalez,5941
il,lod,68095
si,vir,3102
ph,tudela,3137
hn,san luis,3850
de,burglengenfeld,12098
ru,krasnoarmeyskoye,4849.5
ru,kamennomostskiy,7585
ph,midsalip,4069
ru,mytishchi,160545
ro,malusteni,2988
mu,chamarel,723
cz,palkovice,2590
us,los lunas,12115
ru,zemlyansk,3111
ph,bobon,4480
in,rajapur,12340.5
br,niquelandia,27544
ws,saletele,160
ro,gagesti,2252
ro,frumosu,3571
ph,sibaguan,2174
lu,zittig,38
eg,alexandria,3811512
us,audubon,9069
pk,hunza,15606
mx,empalme,38601
in,nilagiri,15463
ch,obersiggenthal,7683
us,valley falls,12048
us,belen,6893
fr,aubenas,11076
cd,buta,45674
de,achern,24272
ru,saransk,303397
lu,bivange,617
co,soplaviento,8067
br,irati,45831
br,dracena,37940
cz,lesna,1951
ro,balanesti,2434
pl,slubice,17567
no,batnfjordsora,339
sb,kirakira,1122
ro,izvoarele sucevei,2262
ph,hondagua,4587
no,mo,409
no,holevik,341
mx,sotuta,5291
it,serravalle pistoiese,11171
in,pandhurna,43635
br,sao benedito do rio preto,12081
ph,bamban,2647
nz,tokoroa,14277
ke,takaungu,10760
in,mahishadal,17988
gr,paliambela,996
vn,cam pha,135487
ua,zdolbuniv,23697
mx,monte escobedo,3776
hn,san jeronimo,1738.67
br,curaca,11858
de,bad liebenwerda,10880
br,joao camara,19886
fi,kempele,14293
us,lake magdalene,38195
ro,dorobantu,2601
pl,wolow,12276
hu,badacsonytomaj,2271
hu,adacs,2890
us,warwick,88071
tj,boshkengash,23696
ru,shonguy,1122
kw,bayan,30656
jp,ishioka,52305
gr,serrai,55886
ru,pioner,6015
ro,baciu,8046
ph,kibungan,7912
ca,moose jaw,32166
jp,ninohe,26873
az,suraabad,1945
be,ferrieres,4434
ru,neya,11145
ph,cajimos,2739
it,giffoni valle piana,11523
gt,san pablo,13340
ge,oni,3014
fr,chilly-mazarin,18523
fo,hoyvik,2777
br,pauini,7633
co,dibulla,4402
us,moorhead,33137
ph,taloc,20409
no,sylling,537
jp,nakanojo,17742
in,narasapur,59310
co,labateca,1639
us,banning,30411
ro,surdila-greci,1635
mg,fenoarivo,19605
br,avare,81287
cd,mbanza-ngungu,86351
pt,pardilho,4169
nl,grave,12976
cm,bafia,69511
us,wells,10162
us,safety harbor,17528
ru,semibratovo,7511
in,bela,74000
be,olen,11070
ao,caluquembe,30305
dk,jaegerspris,3805
gt,san juan sacatepequez,133613
gr,stratonion,1150
ua,malokaterynivka,3174
ru,izvestkovyy,2159
ro,buduslau,1926
ph,aborlan,4790
jp,yaita,36275
fr,fontenay-le-fleury,12403
et,sebeta,19537
es,alcala la real,21377
re,le port,40774
jp,toyota,362386
gb,lesmahagow,3823
fr,croix,21062
bg,buhovo,3069
ro,varlezi,2185
pe,mala,19045
no,ulvik,693
ml,kolondieba,10041
in,chamba,21504
fr,brignoles,13579
no,braskereidfoss,267
gt,petapa,137839
gr,xilokastron,5256
br,almeirim,20464
za,kuruman,9093
ua,delyatyn,7980
co,carolina,3160
de,magdeburg,224428
pl,orzesze,18438
pl,bielawa,30824
ph,florida,4141
in,sirmaur,11813
hn,teguajinal,1117
de,eppstein,13512
cn,fangshan,97026
bj,beterou,13108
ca,roberval,9287
ru,gorin,3695
ph,talon,2311
ng,ugep,200293
mx,la presa,4003
th,suphan buri,53399
ro,ghimpati,6040
pa,rio grande,1127
mx,chicoloapan,84444
gn,mandiana,10608
am,jrahovit,1032
co,nueva granada,2714
ru,kargala,1973
no,sunndalsora,4223
in,kolhapur,516184
ie,bagenalstown,3033
fr,chaumont,25562
cm,banyo,40936
us,macedonia,10606
tz,nanyamba,19555
ro,faurei,3193.5
py,aregua,11224
in,gangapur,72121.5
ca,mont-joli,6124
de,hemsbach,12442
tz,sumbawanga,89169
ph,tampakan,8677
nl,the hague,476587
de,wiesbaden,272337
de,rheinbach,26195
co,caimito,2925
zm,chibombo,4477
sl,mattru,7818
ru,salavat,159896
ru,elginskiy,379
mx,victor rosales,25898
ca,quebec,645623
ro,buzau,130955
ro,barghis,2116
ro,balta alba,3080
pk,pabbi,37310
pe,santa lucia,4339
in,nanpara,46285
hu,pilisborosjeno,3180
gl,nuugaatsiaq,99
co,abrego,10823
bg,jakoruda,5931
br,montanha,11934
be,grez-doiceau,12367
us,back mountain,26973
us,plattsburgh,19229
ro,curtea,1310
nl,eibergen,16888
mx,ahualulco,9311
mu,new grove,9935
jp,ishige,24948
ru,velikooktyabrskiy,2574
tz,igunga,35644
tr,odemis,67187
ru,makkaveyevo,3922
in,gariadhar,35695
us,anacortes,16061
us,new ulm,13273
us,shawnee,43641
ua,zabolottya,4267
ru,lososina,3151
ro,garcina,4330
ph,getulio,2063
ca,stirling,2270
de,wachtberg,20004
tz,namalenga,11204
ru,gusinoye ozero,3208
ro,sageata,5427
ph,taloy,2918.5
in,narsipatnam,33759
id,luwuk,47779
hu,patroha,2976
hn,ojo de agua,2330
ws,siutu,648
us,endwell,11219
us,murray,35308.5
ro,sfintesti,1437
ro,hinova,2808
in,dod ballapur,78682
ie,castleblayney,3006
fr,oyonnax,24712
ru,kotelnikovo,19424
ph,awallan,2144
md,balti,150472
it,lurate caccivio,10369
gb,langholm,2213
ru,tayginka,1413
pl,glubczyce,13697
ph,managa,3460
gr,volax,1225
gr,argos orestikon,7894
de,kolkwitz,10336
us,rochester,87377.8
ru,monastyrshchina,4501
pa,yaviza,1611
ir,bandar-e anzali,110834
hu,nyiradony,7827
bo,colomi,3923
bd,abhaynagar,42658
us,prairie village,21564
sl,kukuna,6849
ph,mapaniqui,4200
hu,tortel,4733
gr,krionerion,1763
ca,gambo,1614
de,donaueschingen,21699
ph,guindulman,4686
id,kawalu,50538
de,ochtrup,19543
us,bellefontaine,12958
si,vnanje gorice,1837
si,lendava,3377
ro,horodniceni,3699
ro,feliceni,2984
fr,mitry-mory,18409
fr,fourmies,13610
br,valenca do piaui,15881
ph,bulod,2140
ke,bomet,5270
gt,santa catarina palopo,2887
br,sao jose do rio preto,374706
cz,hermanuv mestec,4865
ua,dymytrove,5410
sd,juba,163455
ru,armavir,199551
ph,villareal,3765
in,baghdogra,17373
br,sao jose do egito,18219
co,piojo,3388
us,little chute,10698
ru,kama,3439
ph,palimbang,4858
br,bicas,12684
it,montale,10704
gr,kimina,3775
ws,satalo,356
lv,valdemarpils,1447
in,darjiling,123808
hu,kerekegyhaza,5983
be,westerlo,22579
ru,novozybkov,42572
ru,kolomna,147692
ph,nalundan,9674
gb,sleaford,15558
fr,les pavillons-sous-bois,19309
et,sendafa,7326
us,south farmingdale,14798
ru,orsk,246839
ru,kardonikskaya,7830
ro,susani,3875
ph,kibangay,6539
my,port dickson,89203
jp,kozakai,22064
hu,szatymaz,4187
gt,santa ana,9309
de,bad wildbad,11411
ca,assiniboia,2320
ro,ohaba lunga,1212
ro,mateesti,3232
ng,ilawe,182896
in,mainpuri,94629
gr,yiannouli,7031
de,wehr,13042
ru,suvorov,21059
ru,krasavino,7912
lu,schieren,1397
in,rudraprayag,2571
gr,ekhinos,2162
us,highland park,17487.5
gr,louros,2034
gb,letham,1591
cd,bunia,96757
us,kirkwood,27126
us,cockeysville,20040
us,lady lake,13262
ru,sokolovo-kundryuchenskiy,9585
no,jorpeland,5539
mx,temoaya,3382
in,visakhapatnam,1063293
az,xudat,13625
ee,raikkula,301
ua,nikita,2291
ma,azimur,37969
al,selenice,6912
sk,dobsina,4896
pe,mochumi,7494
ng,bende,79624
it,bordighera,9965
br,jaicos,7107
cz,moravske budejovice,7970
be,ouffet,2477
br,osorio,34628
gr,krithia,1374
gr,kambi,1027
br,rosario oeste,10469
ee,voru,14630
ua,nova vodolaha,13112
ua,izyaslav,17758
ru,adygeysk,12208
hn,punuare,1905
co,canalete,2620
ru,svobody,17661
ph,unidad,3344
id,galesong,83052
zm,kawambwa,20589
us,lake park,9656
in,pedana,30256
fr,mont-saint-aignan,22380
ru,yurga,84222
bf,manga,15269
ee,voiste,520
ba,visegrad,6086
us,pembroke pines,155862
ru,onguday,5406
ro,clinceni,4995
in,gorakhpur,674312
us,new york,8107916
us,pinole,19540
ru,mitrofanovka,5643
it,sulmona,26796
gr,karatoulas,1004
gr,anavra,1024
bw,kachikau,961
es,tortosa,32836
de,blaubeuren,11900
bo,pailon,9304
et,tulu bolo,10531
co,venecia,5462
us,hasbrouck heights,11608
ru,bekhteyevka,3332
ro,sangeorgiu-de-padure,5398
ro,rastu,3757
mx,santa cruz de las flores,8504
mx,constancia,5836
lu,schoenfels,216
et,asosa,30544
sy,abu kamal,62491
sl,potoru,3238
ro,frumusita,5206
ro,dostat,1049
ro,basarabi,10906
ph,tapilon,7786
no,lyngdal,3719
mx,jesus carranza,3615
ch,munchenstein,12059
cn,harbin,3229883
cn,pulandian,104277
cn,wenshang,59455
es,calahorra,21923
cz,budisov nad budisovkou,3220
us,janesville,61675
us,destin,12115
si,velenje,26426
ro,gohor,3886
nz,piopio,502
id,praya,35184
br,mairi,13475
ro,petrachioaia,2866
pk,khushab,102823
pk,gujranwala,1384869
ua,kirove,3291
ph,caridad,3477.5
kz,pavlodar,329014
in,kalyan,1262355
gm,gambissara,6755
br,morro agudo,25266
br,ituiutaba,85346
np,bhaktapur,76890
jp,hekinan,68873
br,rio formoso,15518
au,raymond terrace,13606
ca,seaforth,2843
ru,olenino,5079
ru,belidzhi,3676
jp,kasumigaura,18018
ge,naruja,3065
fr,albertville,17485
ro,costestii din vale,3417
ru,smolenskoye,9431
ru,kirya,2402
ru,birobidzhan,76146
lu,meispelt,290
lu,doennange,146
in,raisen,40982
bd,maulvi bazar,57448
ro,leu,5404
gr,velestinon,3211
fr,amboise,11896
de,moosburg,17394
ca,cranbrook,18610
ro,gheraseni,3740
pt,porto,249630
jp,hisai,41643
in,chhibramau,57076
bz,san pedro,8418
ws,vaigalu,97
us,charlestown,8073.5
ua,ichnya,12417
ro,vladimirescu,10451
ph,balaquid,2502
mx,angamacutiro,5021
gb,high valleyfield,2837
ru,nebolchi,2198
ru,kuybyshevskiy zaton,2919
py,santa elena,1138
in,ondal,20791
co,tamara,2007
ch,baar,20752
sv,mejicanos,160319
ru,baykit,3748
in,khutar,15620
cn,zhaocheng,100774
us,forest lake,17449
ru,kuzhorskaya,3556
ro,rasova,3909
ro,plugari,3694
br,anicuns,15685
au,new norfolk,5526
ru,gorno-chuyskiy,605
mx,santa maria del tule,7195
it,nave,11001
in,richha,19461
hu,hevizgyork,3101
fo,torshavn,13200
de,denkendorf,10096
al,tepelene,11955
cn,anshan,1199275
us,shoreview,27622
ru,kosmynino,1670
pk,nabisar,6256
mx,tlaxiaca,8788
in,chhatarpur,111606
us,rochelle,9686
ro,tufeni,3286
ro,gura vitioarei,5947
mx,motzorongo,4014
ua,ivanivka,4032
ro,cociuba mare,3173
jp,takanosu,20542
pe,moche,22683
us,clarksville,66404
ru,dobryanka,36972
mx,puebla,700418
mk,orasac,1180
es,lleida,119320
dk,munkebo,5225
au,gold coast,501175
ru,novodmitriyevskaya,5230
ph,halapitan,10870
jp,takatsuki,354472
gr,kandila,1245
cu,florida,63009
at,pressbaum,6083
ru,verkhniy uslon,4265
it,siderno,17194
is,kirkjubaejarklaustur,139
in,deoria,113638
hn,manto,1098
br,montanhas,8442
us,atascocita,35102
ro,olcea,2909
ph,caterman,2195
mx,zacacalco,7224
mx,acahualco,13968
ir,shadegan,37224
in,vadnagar,24833
in,udpura,10015
hu,kengyel,4299
br,ituacu,4891
in,tondi,16469
hu,karancskeszi,1924
br,marataizes,25397
us,fairhaven,16453
ru,zarya,1194
ro,tortoman,1819
py,yataity del norte,1392
pt,pontinha,23249
ne,bouza,7142
in,rajauri,27803
hu,galgaheviz,2641
br,aracoiaba da serra,15395
za,potgietersrus,101090
ro,studina,4723
ph,amdus,2247
jo,raymun,6587
gt,barillas,13810
et,dabat,11544
br,capelinha,20074
am,jermuk,4582
br,engenheiro beltrao,14955
us,san pablo,31351
ro,niculitel,4690
no,haga,910
hu,baktaloranthaza,4265
gr,salamis,26964
fr,caen,115358
br,oliveira dos brejinhos,5596
cr,tilaran,7301
us,milton,10179.3
ua,novyy buh,15646
ru,voroshnevo,3244
br,cacu,10098
ro,telesti,2779
ph,alabat,7910
mx,san gabriel,4358
it,castelbuono,10129
bg,drjanovo,8017
de,gartringen,11438
no,holen,388
na,okahandja,20881
mx,tlaxiaco,14608
co,puerto narino,2113
ph,sumisip,3735
ph,digos,117536
ph,banhigan,2359
om,salalah,178469
no,oksfjord,527
it,san nicola,19627
it,gallipoli,20588
gn,forecariah,12357
kz,osakarovka,7305
fr,biarritz,31231
de,lubbenau,21356
be,thuin,14682
us,eastchester,18431
us,north bethesda,44379
th,ban mo,15959
ph,montilla,3558
ph,acao,4307
mw,balaka,18907
gl,ivittuut,11
pt,moreira de conegos,5607
gr,ayios mamas,1044
gb,sandwick,1217
ee,harkujarve,453
ca,palmerston,2660
ro,gheorghe lazar,2476
pg,lorengau,5807
in,udankudi,19010
in,sachin,12661
hn,quezailica,1115
be,peruwelz,16647
br,sao domingos,4784
si,crnomelj,5840
ru,nizhniy kurkuzhin,3674
ru,korenovsk,41666
ru,chistoye,1065
pt,moncarapacho,8545
pk,daska,126961
mg,manjakandriana,31840
it,sesto fiorentino,47074
hu,bakonyszentlaszlo,1913
es,tomares,18796
ph,alcantara,3349
mt,marsa,5116
in,mangawan,12504
hu,bosarkany,2208
hn,morolica,973
an,windward side,442
de,halver,17660
si,race,2246
it,san prisco,10730
is,vestmannaeyjar,4203
hn,pinalejo,3767
ch,muri,9293.5
ph,calumboyan,2339
mx,tocuila,4248
jp,kuroiso,61231
gb,loans,825
dk,ringsted,18794
es,los llanos de aridane,19461
be,kasterlee,17765
ro,rodna,6218
ro,poiana,3930
pf,maroe,498
bt,tongsa,2365
am,arzakan,2660
us,jasmine estates,18887
tz,kidodi,35953
ro,tetoiu,2995
br,andira,20758
br,carandai,16657
us,columbus,201330
us,sun city west,32813
sd,tonj,17338
ru,kozhym,53
hu,tengelic,2445
gt,zunil,9780
gb,heywood,28016
ch,sissach,5680
th,khanu woralaksaburi,21889
sn,dakar,2702820
ru,cherskiy,3707
fr,fosses,10421
sv,apopa,112157
sl,makali,3318
ru,mogoytuy,8420
ro,slatina-timis,3037
nz,seddon,511
lv,jelgava,61793
us,waldwick,9608
tz,kihurio,8377
pe,pueblo nuevo,9159.5
no,sorland,589
mx,huehuetoca,6951
br,capivari,35519
de,anklam,14533
cn,houma,100630
ph,balagon,2691
jp,kamogawa,29120
br,sao jose de piranhas,7628
ro,gogosu,1017
no,alvik,584
ph,cabalitian,2253
ml,mopti,108790
ir,garmsar,49494
at,timelkam,5855
us,baldwin,21306.5
ru,yukhnov,7934
ro,bucecea,5143
mw,mangochi,40295
jp,toki,61395
it,monte di procida,12757
in,punahana,15333
es,almeria,181497
rs,bela palanka,8763
ph,bail,2120
mx,teoloyucan,61379
gr,kalloni,1776
ro,cavnic,5072
in,qazigund,5578
co,chaguani,1108
br,itaberai,22130
cz,verovice,1934
br,cristinapolis,6430
ch,altstatten,10585
us,scott lake,14425
tz,nangwa,18595
ru,khalimbekaul,4292
rs,kursumlija,13979
pt,sao bras de alportel,11153
ph,mapandan,11166
no,botngard,1146
in,daman,39741
hu,retsag,3004
fr,savigny-le-temple,25707
ee,varbola,323
al,kukes,17972
ca,charlottetown,42403
za,brits,122576
mx,mascota,8322
in,vrindavan,60201
cl,curanilahue,30611
cy,lemesos,154018
am,abovyan,18528
ro,corlateni,4127
au,wodonga,31518
cu,jovellanos,47166
ru,navashino,17552
ph,bais,65594
in,narasannapeta,24273
fr,foix,8661
ca,sept-iles,22582
cn,jiupu,123843
cz,line,2230
in,sultanpur,42772.7
es,ingenio,26606
ru,kytlym,872
no,heroysund,391
br,tupanatinga,5768
tz,katoro,11925
ru,vasilyevo,16877
ph,luzon,3211
in,kagal,25481
be,de pinte,10020
de,hof,49353
cn,humen,191891
ph,barotac viejo,8611
mx,tianguismanalco,5310
mx,mechoacan,4407
mx,cuautitlan,84741
gr,gavalou,1419
es,los corrales de buelna,11066
tr,kestel,36204
ph,santa magdalena,3913
ir,eqbaliyeh,36709
in,raha,4724
ie,bundoran,1865
ee,vosu,481
co,yopal,61031
bg,nesebar,5864
us,santa ana,343054
tj,garm,10771
co,san pablo de borbur,1519
us,westwood,12515.5
ua,bili oslavy,4351
ru,kurlovo,7263
la,saravan,5519
ke,kitui,15957
in,jalaun,55304
gr,ayios thomas,1433
ca,hornepayne,1386
us,kaukauna,14788
us,waterboro,7532
in,haldibari,14101
es,san lorenzo de el escorial,14422
ca,chapais,1824
us,hartford,49126
ph,bungsuan,4089
in,beldanga,27491
co,giraldo,1464
am,pemzashen,2436
us,shafter,14396
tr,suhut,13849
sv,san marcos,54614
lc,canaries,710
kz,oytal,9821
at,villach,58882
us,owatonna,23955
us,new carrollton,13233
ro,madulari,1718
gb,airth,1414
us,sleepy hollow,9286
us,niles,20468.7
pl,nowy dwor mazowiecki,27633
in,chopda,65603
hu,tarpa,2331
gb,lowestoft,71479
fr,millau,21215
cz,bridlicna,3796
ru,belgorod,345293
ph,lobo,3052
ph,altavas,2736
it,sassuolo,37446
am,nizami,1060
cu,ciego de avila,142032
de,trossingen,15123
ph,tagum,87107.5
cu,fomento,19991
in,sonipat,250538
fr,creteil,84133
de,kassel,193117
ws,falelima,416
us,nacogdoches,30691
us,immokalee,23322
th,sung noen,14365
pl,stargard szczecinski,71224
pl,ketrzyn,28172
ph,magpet,5414
no,smestad,582
ng,lalupon,81130
lu,fennange,293
hn,santa rosa de copan,27756
nz,takaka,1223
it,treia,9673
br,ribeirao,29819
af,taywarah,14398
no,sorumsand,3698
in,malia,14423
au,colac,9089
ad,andorra la vella,20430
ba,srbac,7380
ro,bod,3839
ro,bazna,3824
mx,casas grandes,4124
co,tocancipa,6027
cz,sternberk,14130
co,santa marta,431788
ca,summerside,14808
us,cody,9161
th,loei,35273
dk,brande,6357
ph,sinamar,6012
in,palladam,31938
in,nandigama,38227
cn,mengyin,65889
es,santona,11328
de,eichenzell,10708
co,san eduardo,524
us,north college hill,9361
us,magnolia,10300
ro,draghiceni,1885
in,sasni,13499
br,piracanjuba,16736
de,herne,173121
ph,casambalangan,3281
ca,vegreville,5678
at,innsbruck,112467
ro,vlahita,6922
ro,terebesti,1551
ro,capreni,2435
bo,san joaquin,3557
zm,mpika,28448
ua,myrhorod,41376
pk,digri,31844
be,beyne-heusay,11608
ro,feldru,6967
py,benjamin aceval,7751
pl,laziska gorne,21972
bo,huanuni,15492
gr,astakos,2569
cd,manono,37583
br,itubera,19888
cm,bali,72909
ru,milyutinskaya,2743
ru,kilmez,4493
ph,tinagacan,4808
no,os,8358.5
mx,ocotlan,34897
it,castelfiorentino,17602
in,narkanda,718
gr,lamia,47246
cn,daye,61847
ru,mamedkala,8965
nz,edgecumbe,1642
lt,kybartai,6355
in,kanpur,2823523
gr,zoniana,1703
cn,jiaohe,123018
ru,pilna,7733
ro,cateasca,3713
mx,acaxochitlan,3746
in,indore,1837230
cz,sazava,3843
ua,kuybysheve,5088
ru,shuyskoye,2389
ru,dzhida,4913
ro,ceuasul-de campie,5332
pt,camacha,8635
hu,maroslele,2157
gt,san lorenzo,1523
br,pirassununga,60414
ro,treznea,1012
ro,bolbosi,3286
jo,kuraymah,19453
in,patratu,31703
cu,calimete,23255
us,lindon,8870
us,bridgeton,19183
us,topsham,11100
us,oro valley,37221
ro,suceveni,2160
ph,alibagu,4446
jp,yachiyo,182894
ee,kaagjarve,317
us,powell,5213
us,thomasville,24692.5
ph,santa rosa,47704.4
mx,zinacatepec,14826
ru,shigony,5268
ru,novosysoyevka,4903
no,frogner,1142
in,hiriyur,53524
hn,francia,1331
hu,deg,2354
hn,taujica,1271
my,marang,21413
in,guirim,7058
ru,verkhnedneprovskiy,13903
ru,sharan,5555
gb,aldershot,61339
uz,boysun,25050
ua,tetiyiv,14388
pt,alcobaca,5051
mx,san ciro de acosta,6771
fr,nemours,13743
ca,alfred,1424
br,quixada,49328
ru,volodarskiy,9509
tr,simav,34924
ru,rybinsk,216726
ro,dalboset,1857
mx,pichataro,4749
md,slobozia,17780
de,rodental,13973
us,fairview park,16709
ph,sebu,21767
mx,atzacan,7888
lu,ell,359
lu,breidweiler,99
hn,mojiman,1498
es,colmenar viejo,38913
br,encantado,16637
ph,nilombot,7605
ph,atabayan,2362
cl,traiguen,14481
us,moline,42668
ro,tichilesti,4270
ro,oituz,9596
ph,new visayas,14758
it,novate milanese,20576
in,north guwahati,17517
dk,logumkloster,3056
sk,nova dubnica,12358
ru,vidnoye,51722
ru,alburikent,7335
ro,liebling,3705
pt,coruche,8775
id,purworejo,105077
gb,penicuik,14314
bs,nicholls town,270
ru,lalsk,4413
na,karibib,6900
fr,tourcoing,93835
cu,trinidad,60208
ro,motru,22319
id,gondanglegi,22468
hu,boldva,2456
cn,zhuzhou,709358
ru,lysva,69637
rs,smederevo,63058
co,paz de ariporo,16666
tz,mto wa mbu,17755
gr,kranea elassonos,2936
gb,ecclefechan,705
fr,saint-martin-de-crau,11117
do,san pedro de macoris,217901
ro,schitu-golesti,4945
in,seohara,46551
gr,kokkarion,1003
cr,san ramon,10774
pl,skwierzyna,10051
ph,san eugenio,3719
mx,tila,6089
it,castelvetrano,27286
ir,malard,56790
ge,aspindza,3940
br,manoel urbano,4066
cz,marianske lazne,14709
pk,bulri,4997
ph,aranda,3100
ke,isiolo,33212
jp,rifu,35038
it,ravenna,143396
br,caetite,27188
vu,norsup,2998
us,plymouth,38479.6
ru,mozhga,47271
br,pirapemas,6441
dk,arslev,3228
ca,peterborough,75879
cr,concepcion,22036
ws,matanofo,80
vn,buon me thuot,146986
us,griffin,23820
ru,ust-shonosha,2252
dk,skagen,9747
er,edd,11259
ee,avinurme,779
br,barra,20895
be,momignies,5183
dk,holsted,3096
ro,grozesti,2042.5
pl,krapkowice,18275
jp,noda,121414
in,ghamarwin,6691
br,itabera,11098
ru,snezhnogorsk,6650
no,hansnes,330
lt,naujoji akmene,11923
ca,tilbury,4858
ch,bremgarten,6702
us,rancho san diego,28267
ph,tubod,7052
pa,meteti,1347
in,kodaikanal,35024
ca,caledonia,9065
cn,shache,82509
cz,mosty u jablunkova,3981
ee,erastvere,311
rs,banja koviljaca,6540
pt,lousa,11444
ph,binuang,3159
af,tagab,6400
sn,gandiaye,5984
mx,playa vicente,7701
lu,schifflange,8155
es,villarrubia de los ojos,9933
ru,chelno-vershiny,6015
ph,tamayong,5717
ph,masarawag,3725
ph,cardona,16407.5
it,fiorano modenese,16817
be,niel,8656
us,cocoa beach,12336
ru,losino-petrovskiy,22116
ro,facaeni,5893
ml,bougouni,35567
gr,andros,1556
cz,domazlice,11036
ru,novougolnyy,7072
ru,bobrovskiy,5198
nz,methven,1236
ng,kumo,35715
ie,kilcullen,2110
de,aalen,67593
br,gramado,26365
vn,hoa binh,105268
br,caarapo,13863
th,non thai,11959
ru,katangli,850
ph,bilad,2778
pe,picsi,43806
my,kuala krai,20874
gr,akhinos,898
br,aguas vermelhas,16410
cn,yiyang,202608
us,hoboken,39738
ni,acoyapa,10011
lu,fouhren,380
jp,gosen,37361
ie,rathdrum,1649
co,aguachica,73361
ru,dmitrovsk-orlovskiy,6366
mx,coacalco,313419
mk,podares,3774
in,bhayavadar,19458
ba,vogosca,8179
us,cedar park,51695
rs,rumenka,6139
ro,carei,22583
pt,rio tinto,49966
gb,bourne,12060
br,iturama,29805
at,spittal,16363
br,rodrigues alves,3827
ru,reutov,78371
ro,cernatesti,3092.5
ph,mabahin,2327
in,alangulam,28585
br,barro,11519
us,west sacramento,41446
sv,el paisnal,1641
ru,kartaly,28504
pf,teavaro,2289
kz,zhezkazgan,104365
jp,hitachi,186311
id,pangkalanbuun,38058
gr,temeni,1125
ve,rubio,51577
us,westerly,26048
tr,kadirli,70283
mx,jalpan,9291
jp,zushi,60056
it,formia,40726
it,chiari,18414
cz,fulnek,6030
cr,limon,63094
us,kiryas joel,19382
ru,rudnya,8838.5
gy,georgetown,235017
ec,pinas,16981
us,shaker heights,27755
tz,bwanga,20929
ru,vakhrushev,2884
ru,ramenskoye,3830
in,mehndawal,25498
gb,southend-on-sea,163378
ca,rocky mountain house,6527
bg,trastenik,5627
us,kissimmee,63685
ua,izyum,53778
ro,chirpar,1448
mu,terre rouge,9566
gb,dalkeith,11502
us,freeport,23528.2
ph,maindang,3201
it,salice salentino,8932
ru,kashira,40084
ro,bustuchin,3660
pt,sao roque,5575
ph,bilao,5805
jp,hitoyoshi,38007
in,raia,9421
in,akola,428892
gr,killini,1133
am,haykavan,1201
us,duncan,21788
ru,shebalino,4939
in,punalur,47267
co,sopetran,4902
za,lebowakgomo,33329
us,princeton,12945
ru,kabakovo,3078
mx,ahuatempan,4246
jp,onoda,44296
ie,navan,24545
cm,yokadouma,13287
ru,khlevnoye,6150
nu,liku,71
mk,sopotnica,2110
it,villorba,18144
it,magione,13326
ht,miragoane,6009
fr,sallanches,15747
bj,cove,38566
be,libin,4609
fr,gueugnon,7962
ee,lustivere,477
ca,saint-cesaire,3175
us,deerfield beach,66239
ro,sauca,1434
gb,folkestone,45992
us,lantana,9816
ph,tagabas,2228
br,jandaia do sul,17507
rs,grocka,8580
ro,munteni,9760
ph,burias,4173.5
in,jamshedpur,616404
gb,farnborough,59902
cu,santiago de las vegas,35241
lu,eppeldorf,181
ie,rush,7294
ga,bitam,10297
es,oleiros,27510
de,obernkirchen,10155
th,bang saphan,15134
ru,kidero,655
pe,ascope,14078
in,mangalagiri,59398
in,chikmagalur,121494
in,bari sadri,15617
gr,larimna,1196
de,wahlstedt,9462
cn,qufu,85144
us,folsom,67953
in,nasirabad,51751
hn,san francisco,1844.5
hn,concepcion del sur,1049
ci,tiebissou,24605
es,calella,14797
ee,kolga,520
br,itarantim,12370
us,morgantown,28957
ph,gines,2476
mu,ripailles,3050
kn,sandy point,780
in,harur,20407
gr,perama,10336.3
zm,chadiza,3690
pk,sambrial,62892
pk,chaman,88606
sl,masingbi,5902
ru,pyaozerskiy,2534
ro,hiliseu-horia,3684
ph,subic,8882
nl,denekamp,26461
kz,qostanay,230282
hu,labatlan,5357
us,coconut creek,50326
ph,lutayan,13080
ph,calaya,2713
mx,pomuch,7838
us,west hempstead,19064
ua,khorostkiv,7034
ro,dambovicioara,1043
ph,liliongan,3049
my,tanjong sepat,22339
de,bretten,28774
ml,djenne,22391
in,gumia,47127
in,beniganj,10419
pl,bartoszyce,25660
ph,noveleta,37299
dk,virklund,3113
ca,millbrook,1550
ru,nikolskiy,2916
ro,peris,7235
no,eidsvag,886
mx,temascalcingo,12909
lc,choiseul,363
in,belluru,7626
de,schramberg,18637
bg,sofia,1062065
ru,rudnyy,2567
ph,carabalan,7557
ir,darab,63324
fr,nogent-sur-marne,30453
am,doghs,1186
us,athol,12871
us,parole,16664
tn,manzil tamim,34768
in,diglur,52600
ve,santa rita,31817
us,the hammocks,69604
sd,kinanah,26233
pt,alcanede,5020
pl,koscian,24096
lu,lintgen,1752
hn,puerto lempira,4857
ba,busovaca,4775
dk,dragor,11045
ws,maninoa,366
us,south berwick,7480
us,washington,89497.9
nl,echt,19260
lk,ratnapura,47841
hu,kunszentmarton,9606
us,laurinburg,15268
us,hampton,81753.5
ph,cabacungan,7200
pe,tingo maria,53416
it,bergamo,113603
in,sirhind,60852
ua,yevpatoriya,105222
pl,ziebice,9328
id,purwakarta,215816
ee,puunsi,729
it,bondeno,15698
de,weil der stadt,19310
de,ochsenfurt,11531
ch,kilchberg,6918
us,fostoria,13673
ro,zorleni,9511
ro,bistrita,81319
pt,vila real de santo antonio,11560
ru,starokamyshinsk,11158
ph,penaranda,27465
pe,san jeronimo de tunan,8812
am,sarukhan,6173
ee,halliste,362
ru,verkh-tula,5625
ru,novokizhinginsk,2214
ph,udtongan,2201
ph,culianan,5915
fr,bastia,37668
ca,weyburn,9362
de,premnitz,11176
us,winston,9050
ro,jugureni,730
jp,ushiku,80021
jp,kimitsu,92128
it,grumo nevano,18623
es,coria,13287
ru,velikiy novgorod,215065
ml,sokolo,4374
cz,krasna lipa,3621
ca,creemore,1391
us,east lake,43892
fi,vaasa,57014
us,cloquet,11548
ua,bilozerka,9348
ru,tunoshna,3152
hn,zopilotepe,1300
br,senador canedo,61801
pl,siemiatycze,15421
mx,canoa,14030
mx,atlatlahuca,5380
lt,salcininkai,6892
it,capua,19209
hu,dombegyhaz,2380
br,firminopolis,9084
ba,donja medjidja,3782
de,rudesheim,9811
co,landazuri,3483
us,raytown,29219
no,hammarsland,409
nl,dalfsen,26503
fr,thionville,41802
ba,bratunac,4717
za,secunda,20452
ru,tovarkovo,14294
it,partinico,32870
cl,mulchen,22170
de,geseke,20790
us,moraga,16826
us,clearlake,14825
ru,fornosovo,4841
ro,harlau,11295
pl,konstancin-jeziorna,16548
lk,valvedditturai,78324
hu,sarmellek,1836
bg,debelec,4396
ru,kaznacheyevskiy,465
pl,morag,14745
it,giulianova,22299
bg,krivodol,2646
de,rottenburg,43117
us,alhambra,88386
ua,budy,6742
ph,laminusa,8113
mx,tingambato,6329
kg,kemin,10295
ca,langham,1070
ca,rodney,1164
at,paternion,6301
uy,durazno,32782
ro,sanduleni,4287
pe,huallanca,5665
gr,kolimvari,1032
gb,crosby,52140
cn,gannan,59239
co,mutata,4811
ie,leixlip,15729
hu,kerepes,8755
us,lindsay,10806
ru,uzhur,15637
ru,razvilnoye,5844
ge,dmanisi,3040
cn,korla,179465
br,senhor do bonfim,48472
ru,sug-aksy,3051
ro,mosoaia,4267
ro,aita mare,1750
gb,newport,70763.5
ru,maloyaz,4773
ro,voineasa,2002.5
ro,bogdana,2413
ph,lopez jaena,4833.33
in,jhinjhak,23501
id,rembang,44030
ec,el carmen,63371
ca,invermere,2871
us,framingham,65413
ru,dubinino,11841
mx,zamora,124922
mx,la cruz,11900
ee,loo,2175
za,eshowe,14786
se,hassleholm,17050
us,mountain view,68268
ro,bogdand,3179
ph,baka,2404
co,guayata,2857
zm,monze,30261
zm,kapiri mposhi,37948
ru,konstantinovka,5702
mx,yautepec,41388
ph,tomas oppus,2446
hu,bujak,2343
gt,san mateo,5421
de,euskirchen,54855
cz,cvikov,4430
ua,tysmenytsya,9426
mx,cosolapa,7996
mx,acamixtla,4866
ro,cavadinesti,3547
mx,xonacatlan,19687
mx,costa rica,21665
gr,skala fourkas,853
gb,bradford,299310
cz,chynov,2059
de,sangerhausen,23301
ru,pavlovskaya,31133
ph,mahaba,3125
gb,oakley,4067
ar,trelew,107883
am,armash,2434
us,cutler ridge,26831
ru,chernogolovka,20117
ph,patria,2463
ph,nasunogan,2564
be,bever,1932
th,mae sai,27520
ru,timiryazevskiy,3153
ru,saryg-sep,4582
ro,gusoeni,1870
jp,sukagawa,68791
ge,kharagauli,5096
ca,hamilton,653637
th,tha bo,35292
gr,kilkis,19734
gb,greenock,43496
fi,kaarina,21684
cn,jinzhou,604269
am,yeraskhahun,1346
us,ozark,15459
ph,san celestino,2222
nl,stein,26602
mx,guadalupe victoria,13928.3
mx,buenos aires,10707
mv,naifaru,3836
in,faridabad,1280909
ec,ventanas,46708
us,zion,24316
ru,yekimovichi,1534
ru,promysla,728
no,hemsedal,659
be,halen,8548
co,susa,1609
uz,mangit,30854
sn,matam,12277
ng,kaura namoda,69731
br,rio branco do sul,26441
au,galiwinku,1347
br,santa barbara,19991
us,iona,13052
in,gezing,869
de,wassenberg,16603
co,campohermoso,695
ru,podosinovets,4106
ru,pachelma,8620
ph,capandanan,2462
no,skotterud,1357
ru,rayevskaya,8518
ro,toplet,2812
pa,barranco,1398
jp,matsudo,470287
gh,akropong,11096
be,ieper,35089
us,sunbury,10084
hu,nyirmada,4743
ca,revelstoke,7533
cz,cejkovice,2554
ro,valea ursului,3916
no,siljan,966
nl,zutphen,38399
mg,ifanadiana,17543
hu,nagydobos,2282
de,hatten,13342
be,assenede,13495
mx,muzquiz,32804
mx,huitzo,4743
in,chaibasa,66259
hu,abda,2997
hn,trojas,1068
us,quartz hill,10167
tr,bor,32452
ru,cheboksary,446786
pt,armacao de pera,4030
mx,alto lucero,4564
gt,san gaspar ixchil,540
ca,caraquet,4620
br,tobias barreto,29741
ru,uspenskoye,11843
ro,banloc,4497
nz,waitoa,386
jp,ueda,126607
it,terlizzi,27076
gp,les abymes,63061
ch,yverdon,23756
br,careiro,6659
ca,rigaud,2525
br,porto ferreira,49128
py,loma grande,364
pl,sucha beskidzka,9801
pa,achutupo,1753
ir,shahr-e babak,52413
in,lodhikheda,9995
gb,hyde,31926
de,delmenhorst,75740
de,aachen,251104
br,limoeiro de anadia,2770
ru,ulety,6075
ru,osinki,3103
it,margherita di savoia,12589
de,tholey,13266
cr,san diego,16991
th,surin,46673
pt,valadares,9255
mx,teuchitlan,3756
fr,lambersart,28256
ca,regina,176182
us,rowland heights,52377
ua,chudey,5058
ph,calongbuyan,2324
hu,torokbalint,11658
fr,libercourt,8393
nl,oosterhout,54110
jp,tsuchiura,136386
in,sangareddi,59205
in,mokokchung,34023
cz,vsetin,29302
pk,dadu,139836
in,nagercoil,213877
gb,oxford,154567
bf,gaoua,7300
ca,drummondville,59489
ru,porkhov,11886
it,zevio,13318
in,khandela,23165
fr,bondues,11026
de,warstein,29029
br,poco das trincheiras,1775
br,joanopolis,11772
ru,imeni morozova,10623
it,agropoli,21243
in,matheran,5288
in,gardhiwala,6694
ru,lugovskoy,2969
pt,monte redondo,4463
pl,rzeszow,158382
ng,nkwerre,62997
gb,rothes,1132
ca,kincardine,6771
cr,carmen,15920
ua,manyava,3333
ru,peremyshl,3199
ro,stangaceaua,1602
ro,halmasd,2578
jp,asahi,41721
in,kheri,26330
gb,ratho,1515
ba,orasje,3613
us,haslett,11713
pt,santa iria de azoia,18573
ph,quitang,2055
lt,kazlu ruda,7248
in,guntakal,120978
br,mirabela,8934
at,hall,11197
cd,bondo,17858
pt,rosto do cao,7880
ph,ibajay,2654
in,aonla,50016
us,murrieta,88714
py,naranjal,2155
pk,khalabat,39164
hn,la guama,1242
gr,amisiana,1293
pa,aguadulce,17238
lu,bastendorf,377
gb,kirkcudbright,3367
ca,melville,4279
cm,bana,5727
ee,lehola,530
ru,vysokovsk,10772
ru,uyar,13167
ph,talahiban,3385
ph,san andres,4364.8
ie,castlecomer,1686
ru,nerchinskiy zavod,3012
ph,sulat,4684
ph,cuambog,6383
it,corigliano calabro,36531
in,tanakpur,16907
rs,banatski karlovac,5799
ro,ineu,7029
mx,teolocholco,15690
it,selargius,30232
it,rivarolo canavese,12497
fo,skuvoy,53
bg,varna,307952
de,kalkar,14405
ca,torbay,3097
ee,varska,563
us,cinnaminson,14646
us,lynn haven,15945
th,kamphaeng phet,58787
lu,scheidgen,461
be,ronse,24204
au,canberra,324025
us,harahan,9746
mx,venado,4945
id,plumbon,167187
gt,acatenango,6905
gb,rhondda,59450
cn,miyang,72485
us,broomall,11058
ru,zverevo,24979
mw,livingstonia,5552
in,sattur,31859
in,naihati,253245
gl,ilimanaq,84
in,nagar karnul,29442
hu,gyor,129009
gq,ebebiyin,24857
fr,pierre-benite,10304
br,igreja nova,4606
br,itarana,4060
ar,villa maria,92337
no,stranda,2537
lu,steinheim,550
cn,yima,82509
bj,natitingou,80896
ru,pallasovka,17139
in,sabrum,6206
in,katol,41896
co,la pintada,5342
us,louisville,90279.7
ru,chesma,5789
ph,dagatan,2783.5
gr,galatsion,58625
cl,puerto montt,160055
dk,thisted,13020
br,porto franco,14874
mx,miramar,67692
jp,yoichi,22788
bo,boyuibe,3075
de,engelskirchen,20883
ru,obninsk,107394
in,kathor,15311
gr,stalis,1182
gb,staines,51040
es,guadix,18814
br,canavieiras,26376
af,kuhestan,12087
ca,dawson creek,10802
ca,beausejour,2886
pt,vizela,4066
ir,ashtian,11020
in,binika,15096
gb,overtown,2519
ca,blackfalds,3198
pg,wewak,18230
ls,hlotse,46416
hu,sumeg,6726
dk,stavtrup,3519
us,west linn,26067
tr,manisa,244095
ro,volovat,6990
in,dhar,82447
in,baldeo,10537
gr,lekhovon,1188
gr,krestena,4733
cm,yabassi,7560
be,pepinster,9530
us,tacoma,196957
ru,yertsevo,3860
nl,de lier,11589
gb,macmerry,1082
de,lappersdorf,12817
ua,kremenchuk,232741
ro,urdari,3162
hu,gardony,8105
ph,teresa,34715
mz,mocambique,54315
ie,longford,7787
cf,ouadda,5901
ro,scanteiesti,2707
ng,lokoja,60585
ng,biu,95012
mt,siggiewi,7676
it,andria,93819
in,dumraon,50529
fr,grande-synthe,22738
be,zaventem,28188
hr,buje,3016
au,brisbane,1843459
jp,kodaira,187369
in,arambagh,60644
gb,chester-le-street,36917
us,montgomery village,41721
pe,lampa,4801
gt,san andres,7086
th,nakhon ratchasima,208781
ru,uvelskiy,10625
in,erattupetta,33411
br,ibotirama,17354
ve,trujillo,38114
sk,stara tura,10291
ru,livenka,4154
ru,imeni telmana,1075
py,guarambare,9066
ph,bunguiao,6728
mx,axapusco,3343
cz,dolni nemci,3002
th,rayong,119080
sl,pujehun,5198
ru,karabudakhkent,13207
rs,loznicko polje,7841
in,dhanaula,19283
de,schwanewede,19985
es,premia de mar,28455
de,geisenheim,11959
ro,paltinoasa,5635
mx,jalapa,6657
am,yerevan,1093499
us,hammonton,13261
in,madhavaram,90052
co,buritica,2388
ru,bystryy istok,4455
mx,tochimilco,3688
gr,kavasilas,1623
be,retie,10069
cz,libusin,2539
sk,nove zamky,42044
gr,graikokhorion,1264
br,batatais,51977
de,villingen-schwenningen,82286
cl,rancagua,212696
es,catarroja,22408
de,konigswinter,41248
za,standerton,74028
ru,kanadey,2076
cz,trebon,8968
de,vaterstetten,20962
es,barbastro,15598
nz,pleasant point,1187
jp,tochigi,82134
de,jena,99269
za,vryheid,150079
ro,vaculesti,2247
mt,santa venera,6264
id,buduran,48152
gb,stamford,20526
us,ponce,152639
ng,igbo ora,92725
ba,maslovare,4899
ee,saru,299
br,miguelopolis,18262
zm,lundazi,11637
ru,girey,6712
pk,hyderabad,1386840
it,opera,13986
za,komatipoort,20523
se,angelholm,22385
ru,novyy urgal,7061
pt,sobrado,6703
nz,tirau,778
mx,mariano escobedo,3052
cz,krnov,25769
ru,batashyurt,3786
mx,romita,19351
mx,castanos,20809
ru,syzran,189341
ph,pancol,2261
in,mirganj,15336
in,kantabanji,21026
es,los barrios,18314
ar,rio gallegos,93234
co,roberto payan,1772
ua,rakhiv,14674
ru,khvatovka,2301
pt,alcacer do sal,9198
an,rincon,1496
lu,boevange,125
hu,dombovar,20748
gr,pappayiannis,1055
al,shengjin,2698
us,mesquite,131337
ru,poltavka,7103
ru,krutinka,7752
ro,scundu,2203
ro,ojdula,3465
ph,sadsadan,2842
ph,ibarra,3065
np,bhadrapur,19524
lu,rippweiler,153
dk,ishoj,19453
br,maruim,12153
us,manchester,34636.5
na,maltahohe,2329
mu,cottage,3646
in,kottaiyur,11520
hu,tiszavasvari,13631
hn,el rosario,1768.5
us,san mateo,89982
pa,chiman,786
mx,moralillo,9126
bg,ihtiman,11554
us,new berlin,38735
us,rehoboth,11486
sk,samorin,12143
ru,tashtagol,22779
ru,balakhonovskoye,4377
nz,sefton,546
in,latur,348994
fr,anglet,36946
es,olivenza,10788
at,berndorf,8796
br,jandira,113607
bo,aiquile,8225
pl,barlinek,14385
my,buloh kasap,13088
it,silvi,16070
in,eraniel,9844
in,afzalpur,20094
gr,metsovon,3305
cm,bamenda,393871
ws,vaiala,221
jp,kumano,19517
gb,dollar,2845
fr,suresnes,42243
ro,apele vii,2462
pl,poznan,570352
pk,khangah dogran,30312
de,trebur,13016
us,phillipsburg,15091
ua,skole,6491
ru,selizharovo,7096
jp,tono,26781
in,hansot,12525
hu,velence,4832
cu,manati,13278
er,addi ugri,17784
us,shively,15426
ua,stara vyzhivka,5466
ru,barda,8279
ph,san fernando,47345.6
dk,soro,7167
ru,kholst,45
ro,sarmas,4074
ph,dagohoy,2741
mc,la condamine,11985
hu,nyergesujfalu,7667
hu,hosszuheteny,3299
hu,hajduboszormeny,31957
be,wellen,6804
ph,basag,2799
no,valvatna,607
ie,cork,188908
br,tres rios,71945
be,neufchateau,6416
ph,cavinti,9758
in,tindivanam,69845
id,karangsembung,75852
id,ende,77212
gn,mamou,41618
cu,santa cruz del norte,18403
ua,horodyshche,9410
ee,vaike-kamari,489
be,kortrijk,73879
us,south yuba city,15217
ua,tymoshivka,2975
ua,narodychi,2521
ru,kokorevka,2403
ph,calomboyan,2809
lu,berdorf,900
hu,csokmo,2170
hu,cegled,39287
gw,bissora,12688
es,santander,185209
us,carroll,9941
ru,taksimo,10359
ru,gurbuki,4592
ph,basak,3314.33
mx,olinala,5452
us,albuquerque,487378
ro,birchis,2009
lt,seduva,3321
id,labuhan deli,49675
gr,livadi,2655
de,witzenhausen,16001
ee,luke,335
si,radenci,2149
no,arnes,3113
my,tanjong karang,16393
in,athgarh,16667
br,brumado,41990
us,matteson,15209
ru,kungurtug,1820
ph,oslob,3724
us,saint george,61338
pe,carhuaz,5067
at,himberg,5534
br,girua,12170
pa,lidice,4059
jp,kawanishi,160522
dk,odense,145931
fr,troyes,61903
az,kirovskiy,34488
uz,denau,69094
in,ranipur,18822
cn,baiquan,70472
mx,yaitepec,3247
mx,san sebastian villanueva,6293
mv,dhidhdhoo,3039
in,vengurla,12499
de,altotting,12998
br,monte azul,11222
it,bovolone,14128
gm,lamin,16525
ch,wittenbach,8283
ca,unity,2096
ru,veshenskaya,9303
it,frascati,21305
gr,nea tirins,1305
gb,coldingham,631
us,hopewell,22260
qa,umm bab,2500
ph,bibiclat,7039
cr,golfito,6778
za,phuthaditjhaba,84286
ru,znamensk,4359
ru,zagoryanskiy,7514
in,pilani,28151
br,amontada,13520
us,chapel hill,47529
mu,laventure,6171
hn,florida,5340
ec,esmeraldas,95630
ua,dniprovka,3873
sd,yei,40382
ph,tinaogan,2360
ph,basay,4307
nl,elburg,21737
in,sancoale,16312
co,vetas,1210
th,sai buri,14356
ro,izbiceni,5089
pk,berani,9976
lu,bereldange,3627
in,junnar,25999
br,mantena,18715
ua,dmytrivka,3925.33
mx,zimapan,12455
in,yellamanchili,26181
gr,amfilokhia,4023
de,emmerich,29753
us,okolona,17134
tz,izazi,18010
ru,irkutsk,586702
ro,nuci,3174
cn,hanchuan,87737
dk,stoholm,2202
ru,vizimyary,2358
ru,rzhev,62247
ru,anastasiyevskaya,11204
ph,matagbak,2893
mx,obregon,258174
mm,letpadan,38936
it,nettuno,40642
dk,brejning,2220
br,cruz do espirito santo,5812
br,jarinu,17905
ph,quinarayan,2558
pa,penonome,12394
no,vagamo,1483
lu,platen,541
in,jhunjhunun,113201
gb,hindley,24169
cd,mangai,37185
ro,valea vinului,2221
pa,cerro punta,2957
nz,ranfurly,793
mx,palau,16904
it,somma lombardo,16935
hn,travesia,1283
br,bom jesus da lapa,40693
cn,choucheng,89629
us,massena,10892
ro,poian,2886
mx,peto,17607
jp,towada,63672
in,mohgaon,10447
cy,chlorakas,3619
ar,pergamino,86708
ru,zvenigovo,12484
gb,ivybridge,13277
al,permet,10686
za,vereeniging,474680
us,mililani town,28812
ru,ivangorod,11074
ro,provita de jos,2513
pk,bagarji,8005
gt,santo domingo suchitepequez,6141
us,cedar falls,36258
tj,obigarm,10035
ru,galimyy,174
in,garautha,9490
cr,chacarita,26354
cn,ruian,125208
it,broni,9514
us,eatontown,14185
ro,mogosani,4549
pk,kamalia,112459
jp,konosu,88494
fr,remiremont,8274
fr,givors,17777
ca,barrie,182070
us,lumberton,15400
ru,khadzhalmakhi,6088
mx,nopaltepec,3572
it,latisana,12432
it,cerveteri,33069
de,sebnitz,9359
us,auburn hills,20816
ph,alabel,43312
mx,san juan evangelista,4069
gt,todos santos cuchumatan,3221
gt,jalpatagua,10254
gr,aiyina,7823
cz,lutin,3198
co,leiva,4385.5
br,ares,7231
ro,ion roata,3689
pl,lipno,14821
ph,santa clara,4368
lv,jaunjelgava,1938
gb,banchory,5978
ca,strathmore,10009
za,margate,34407
ru,spassk-dalniy,50186
ru,sokolovskoye,3138
ng,katsina,432179
hu,bajna,2024
gr,gouria,1096
us,charlotte,598351
us,holliston,14010
ru,stolbishche,3648
ru,platnirovskaya,11710
mk,lozovo,2836
ru,uzunovo,3371
ro,varsolt,2406
in,lakhimpur,100040
gb,lisburn,45314
br,santo antonio de padua,33076
sk,banska bystrica,82336
ph,san sebastian,2304.67
ph,asturias,7779
fr,villeneuve-le-roi,17229
de,sprockhovel,26125
ua,kolodenka,3052
se,varnamo,17950
ru,severobaykalsk,25587
ru,nekrasovskiy,9613
pa,nuevo arraijan,23594
gn,labe,46510
gb,weston-super-mare,82903
us,chillicothe,22180
ru,teberda,7705
ru,derbent,105967
ro,motoseni,4007
hu,mariapocs,2182
do,cotui,41643
pl,konskie,20756
ph,cantao-an,4177
mx,soto la marina,9712
in,pennagaram,15758
hn,esparta,1115
gb,mallaig,742
at,mistelbach,10820
co,el retorno,3362
ro,paltinis,2948.5
no,dalen,810
in,koratagere,14446
br,campo formoso,23921
us,middlesex,14084
ru,elkhotovo,12425
ro,cordareni,2172
pe,tabalosos,14811
lk,badulla,42237
br,itupiranga,21301
us,guaynabo,81363
de,ottersberg,12392
de,gundelfingen,11475
us,elkton,14686
in,palanpur,123301
fr,dombasle-sur-meurthe,8896
cn,hanting,90637
am,kamaris,2064
is,blonduos,936
ro,slobozia-conachi,7234
ph,pasacao,10531
in,badami,28316
br,orobo,5884
cn,gaogou,56214
us,vicksburg,25701
za,mondlo,44924
nl,terneuzen,34771
it,portomaggiore,11910
fi,nastola,14911
ch,langenthal,14533
bj,athieme,13585
us,olive branch,27748
sv,soyapango,329704
pt,refojos de basto,5037
ph,nampicuan,6058
no,ikornnes,817
my,pekan,31826
lt,seda,1224
in,noamundi,16560
co,la jagua del pilar,894
cz,bochov,1940
ro,pietroasa,1162
ro,harseni,2199
gb,harrogate,87024
dk,olgod,3891
in,bhilai,625203
hr,bjelovar,28275
gr,nea triglia,3028
br,palmital,18540
br,limoeiro,42329
ro,pasareni,1889
ph,pagatin,3079
am,buzhakan,1678
ws,leagiagi,124
ru,poronaysk,16677
ro,oancea,1559
ph,badoc,4319
it,montegrotto terme,10865
in,kottapalli,9901
hu,hajduszoboszlo,23496
gb,kidsgrove,29480
py,santa rita,11850
ph,simuay,4666
mx,guadalupe,274743
cn,wanning,64954
de,bochum,387061
us,auburndale,12405
ua,polyanka,1693
it,lodi,41043
gb,kincardine,3014
ru,ulyanovo,3206
jp,owase,22038
gr,kato kamila,1398
br,conselheiro lafaiete,111598
ua,murovani kurylivtsi,5994
ua,lyubotyn,22545
ru,barsuki,3500
re,saint-denis,137198
in,ringas,25173
id,welahan,26163
gr,mouzakion,1836
ca,montague,2005
ro,vad,2118
ro,almasu mare,1649
ph,putat,3874
ng,abakaliki,134113
mz,dondo,78648
gr,piyi,1158
gb,havant,45574
ee,valjala,503
br,sena madureira,20516
es,rubi,66084
ru,komsomolsk-na-amure,275168
id,bangkalan,62185
gt,san pedro necta,3481
fr,rochefort,26150
cz,unicov,12474
ca,didsbury,4134
am,aygestan,2431
de,holzkirchen,15459
mx,zitacuaro,78954
mx,metlaltoyuca,3989
am,tashir,7318
de,friesenheim,12616
cz,netolice,2606
br,nova iguacu,1002129
be,esneux,13497
ru,medvedka,796
ru,chagda,568
pk,jand,18169
ph,garchitorena,4909
de,rietberg,28683
ch,carouge,19688
ug,paidha,28346
ro,pascani,42203
pk,phalia,24788
co,cienaga,88313
ch,greifensee,5080
cn,xushan,80299
ws,satapuala,1412
us,pottstown,21720
ly,zuwarah,180310
in,udgir,101072
co,mutis,3079
de,saarlouis,37663
dk,hanstholm,2418
ru,gazimurskiy zavod,2358
il,fureidis,9805
ee,muraste,337
ru,tabuny,3950
ru,murmashi,15416
pt,casteloes de cepeda,8322
mx,compostela,16162
jp,eniwa,68771
us,cherry hill,70475
pt,vila franca de xira,18354
no,stokmarknes,3135
my,tanah merah,29120
lu,dorscheid,90
fr,sete,38788
be,baarle-hertog,2305
ru,krasnyy yar,6302
ro,bordusani,5285
pl,nowy sacz,84376
mk,meseista,2452
ly,benghazi,650629
in,jasrana,9884
gn,dinguiraye,6062
br,bady bassitt,14216
cu,rodas,19212
ph,mabilo,2440
nl,borne,19806
ir,kashan,301107
gb,fraserburgh,12249
br,nioaque,6899
ch,stafa,13040
us,east moline,21058
in,dhemaji,13059
az,xacmaz,37175
us,antioch,58920
ro,barsanesti,5038
mx,manzanillo,110738
ie,youghal,6868
ch,le mont-sur-lausanne,5139
br,guararapes,27558
us,greensboro,231769
se,kristianstad,32188
ro,tarsolt,2973
lt,radviliskis,19916
it,bologna,367168
in,karumbakkam,11992
gr,kalamia,1197
ar,azul,52333
ec,montalvo,15547
ba,bileca,13256
ro,tatarastii de sus,3271
ph,llorente,7908
nl,hoogeveen,53740
si,trzic,3925
ro,isverna,2476
mx,altamirano,5693
it,santhia,9614
gr,seleron,1811
gb,locharbriggs,6333
br,santa quiteria,24391
bd,khulna,1342429
ca,wembley,1574
th,trat,21590
ru,samara,1134742
ru,askarovo,7081
ro,lunca de jos,5152
bw,makalamabedi,376
us,severna park,30292
us,sandpoint,7785
be,arendonk,12247
cm,nanga eboko,29909
pl,augustow,29752
in,gudiyattam,93981
es,arahal,18847
tr,vezirkopru,25168
ru,taytsy,2631
ru,bobrov,20587
ro,dragalina,8642
ph,pawili,2247
nl,vlissingen,45816
it,badia polesine,10947
in,pirawa,11791
de,bad camberg,13920
cm,eseka,22221
us,bella vista,21436
ua,yizhivtsi,3240
th,tha muang,26746
ru,yurla,4058
py,caraguatay,1637
ph,pulong sampalok,2335
no,stryn,2119
in,manasa,24081
in,machalpur,8557
id,jaten,32379
ru,urshelskiy,4576
ru,chernigovka,13969
pl,gizycko,29972
ph,san manuel,7930
kz,zhanaozen,54889
it,cingoli,10261
gr,koromilea,774
cn,meihekou,99419
us,robinson,8741
ru,lipetsk,515659
mx,jalacingo,10216
cz,blucina,1998
cu,matanzas,146738
ro,trusesti,5748
ph,anuling,6972
nl,venlo,91783
fr,fontaine,23869
au,bendigo,81658
br,batalha,10282
bg,rakovski,16009
br,alegre,19758
us,central point,16270
ph,camandag,4058
ng,benin,1125126
in,yadgir,65381
ru,anopino,1972
lt,ariogala,3653
gr,ano siros,1138
ca,cannington,2120
ua,bohdan,3155
sv,coatepeque,5773
si,trzin,3420
si,spodnje hoce,2107
ru,veseloyarsk,5230
pl,klodzko,28627
nl,tynaarlo,32389
jp,kawai,20106
it,mondolfo,11477
ba,gornji vakuf,7014
de,garbsen,63354
de,saalfeld,28152
br,terra nova,11169
ba,celinac,6670
sl,simbakoro,3905
ru,nazarovo,55253
ro,bucsani,3959
no,karlshus,1780
mx,rafael lara grajales,11441
lu,ernster,350
in,ellenabad,37683
br,poa,107434
cm,mme,6149
no,strand,562
at,korneuburg,11498
be,boortmeerbeek,11570
us,tehachapi,12009
ru,yalchiki,2706
ru,kostek,4137
ro,chiuza,2210
in,rehti,10718
cr,san rafael arriba,15054
au,deception bay,16090
ec,celica,5499
us,avon,15724
ru,poddorye,1913
ph,mabuhay,2848
kz,shakhtinsk,52638
in,vadgaon,12374
gb,saint cyrus,914
us,sioux falls,140336
us,havre de grace,11505
ro,spermezeu,2573
jp,kurashiki,437585
de,brunsbuttel,13840
cu,palmira,23078
ru,domodedovo,53888
rs,opovo,4657
pl,lancut,18266
in,kayalpattinam,36178
co,santa helena,865
sk,nova bana,7505
ru,novyy oskol,21035
ro,lelesti,1951
ph,laguilayan,17764
it,santo stino di livenza,12294
it,canegrate,12649
in,lakhipur,12873
in,gumla,44956
co,aquitania,5718
fi,hamina,21712
co,chivolo,11457
ru,kichera,1593
ph,kananga,7647
be,andenne,24055
es,almansa,24502
be,aarschot,27656
ca,wasaga beach,7567
td,benoy,15717
it,san severo,56708
bo,san rafael,2384
tw,taipao,34737
ro,lapugiu de jos,1725
pk,moro,76794
hu,szentkiralyszabadja,2042
gr,akrata,1833
fr,gradignan,22760
ee,kaerepere,544
co,caldono,3518
gr,prosotsani,4021
ua,mospyne,11300
pk,shikarpur,156961
ph,leon,5172
de,ottweiler,15692
bo,san miguel,4906
et,gebre guracha,16586
zm,katete,12507
ro,cocora,3726
mx,acayuca,7276
id,wanasari,25892
hu,nyirmartonfalva,2130
tr,siverek,175432
py,cerrito,1036
hu,fabiansebestyen,2276
ca,wetaskiwin,11302
br,acara,12803
an,barber,2424
af,andarab,27034
us,palm beach,9767
th,sakhon nakhon,76237
pk,ahmadpur sial,24888
us,schenectady,60280
ua,poroshkovo,3645
no,nykirke,663
hu,hajdubagos,1959
cn,mengcheng,69916
ca,ingersoll,11874
es,arenys de mar,13869
us,perry,11234
sv,chalchuapa,32282
ru,guryevsk,19406.5
ru,glinishchevo,4156
id,majalengka,87775
gl,isortoq,113
de,ettlingen,39635
ar,santa rosa,89478
ua,zhmerynka,35960
ru,porosozero,3436
in,harpanahalli,44981
ht,petit goave,14531
br,cajuru,19540
ca,berthierville,4411
co,san luis,5316
tr,bergama,57229
cn,dongsheng,99809
de,leichlingen,27532
ru,baranikha,31
ro,alesd,10264
ph,dingle,6171
lu,beringen,956
fr,neuilly-sur-marne,33940
ru,karagach,5870
ru,bagdarin,4676
ph,abangay,2207
np,tikapur,44762
mx,telixtac,4294
mq,le lorrain,8342
si,miklavz na dravskem polju,3799
pe,la union,19900
ml,tombouctou,32463
it,aci castello,18554
br,acari,9159
th,sing buri,20046
ru,nizhniy tagil,381121
ro,gheorgheni,19777
ph,banga,2097
pe,saposoa,14961
in,kalas,14858
es,gandia,63893
ar,rafaela,84025
de,ubstadt-weiher,12939
ru,pashiya,4140
ph,dingras,6866
nz,nuhaka,342
gw,bolama,10769
gr,mesaria,1233
es,tias,13957
us,elk city,10522
ru,novoagansk,9907
it,ribera,21086
hu,pusztaszer,1642
fr,choisy-le-roi,34757
fi,tuusula,34725
de,borken,27417.5
es,baena,19349
ua,rivne,130200
mx,ajalpan,24218
cz,pecky,4386
br,japura,1908
co,plato,48607
ua,berezhany,16962
tr,fethiye,60469
th,nakhon nayok,21309
ro,victoria,5686.33
no,beisfjord,626
gr,aria,2080
cn,luohe,417356
co,santa rosa del sur,8905
cz,lazne belohrad,3780
it,correggio,21540
in,beri,16729
de,altensteig,11122
be,chaudfontaine,20960
us,andover,29232
ro,dor marunt,6806
hr,biograd na moru,5285
us,sulphur springs,15029
ua,mayaky,5716
ro,sovarna,1416
pe,bagua grande,20474
in,raja sansi,12958
hu,hortobagy,1745
hn,las mercedes,1000
ro,nitchidorf,1567
lu,clervaux,1103
gr,aiyion,20665
gb,wishaw,27627
cn,xinpu,392444
uy,melo,50833
ru,kadaya,1167
ro,baltesti,3543
mx,tamalin,4674
br,rio pardo,26999
cm,mbalmayo,80483
us,statesville,24709
us,palo alto,56508
ru,staryy urukh,3848
pl,rybnik,142510
pk,faqirwali,25185
id,jati,85816
gt,el chol,2480
cn,xunchang,64580
jp,daito,129523
es,moguer,15606
cz,plzen,165531
uz,namangan,432479
us,blaine,54207
ru,konyshevka,4038
gr,parapotamos,1126
ca,edmonton,822319
ph,baluyot,3176
am,shahumyan,2874
si,limbus,1983
it,rome,2643736
gr,assos,2730
be,waremme,13737
ua,artemovsk,80655
ph,licab,6783
ph,bulualto,2671
nl,bedum,11123
in,markapur,63990
in,baranagar,260097
hu,kiskoros,15091
zm,kafue,47558
us,holly springs,14816
us,sunnyvale,126499
in,laharpur,55917
hn,las delicias,1326
cd,kamina,73616
us,west bend,29431
us,brookfield,29482
us,saint cloud,41050.5
na,katima mulilo,25034
mx,zacoalco,16468
fr,besancon,120139
co,tunja,117480
us,holland,34544
ng,owo,276593
jp,yaizu,121059
in,dhule,367010
co,macheta,1742
ir,bahar,28647
be,nassogne,5081
au,roebourne,19264
se,skovde,32639
nl,bloemendaal,17544
br,extremoz,17992
br,borba,11918
pk,kohat,151488
ph,panaytayon,2574
pa,palmira,1144
gr,aris,1036
cn,linjiang,69149
ph,bani,7317.5
ir,quchan,111765
id,waru,147506
hu,lengyeltoti,3380
be,zonnebeke,11581
ru,vorotynsk,10977
ru,lokosovo,3915
in,serula,10632
gr,vari,6678
ch,frenkendorf,5984
ba,novi travnik,10006
ru,tambovka,5681
ph,battung,2350
it,niscemi,29459
br,bodoco,11329
mx,nealtican,11339
lu,weilerbach,274
in,banswara,93654
us,suwanee,11434
ph,tiblawan,2843
in,petlad,51823
in,gohpur,9896
in,bhuvanagiri,20658
hn,comayagua,58791
sl,moyamba,8732
ru,zarubino,2525
ro,priboieni,3583
ph,villa aglipay,4800
lu,trintange,289
hu,rakoczifalva,5481
za,duiwelskloof,24572
ru,ryazhsk,22041
rs,nis,173775
ph,caningay,3296
hn,cedros,1041
bw,ghanzi,12141
ua,ropcha,3189
ru,tuchkovo,16826
pk,wana,2223
ph,macalamcam,2931
hu,alsozsolca,6107
br,soledade,16440.5
br,sao joaquim do monte,13520
us,youngstown,77540
ua,zabolotiv,4029
ne,niamey,774245
mx,santos reyes nopala,4830
in,pasan,30932
in,khatra,16484
fr,quimper,66251
co,mongua,2322
ca,sioux lookout,3730
tr,giresun,98916
tm,dasoguz,199514
th,kosum phisai,10672
in,pipraich,15858
be,zutendaal,6962
no,rena,2051
it,turi,11680
in,chittaurgarh,106718
gb,saint monans,1447
bd,pirganj,34610
et,leku,11398
us,east greenwich,13682
ro,voslobeni,2026
pk,lahore,6312576
mt,gharb,971
us,aiken,27237
us,century village,7839
ua,horodnya,13601
ro,stefesti,2365
nl,gennep,17002
it,trepuzzi,14198
id,lembang,183283
be,wommelgem,11917
ph,malabago,3618
lu,rameldange,682
ca,saint-gabriel,2901
us,glens falls,14169
pt,ferreiros,7870
ph,dasol,3892
lk,sigiriya,1001
br,francisco morato,171793
ba,ljubinje,4235
sy,darayya,51760
ru,kholuy,996
pa,la tiza,1091
in,sika,19406
es,santa cruz de la palma,20501
us,north adams,14106
ua,horodnye,4901
pl,leczna,21719
pe,san jose,7468
pa,la mata,959
mx,papantla,47961
jp,asaka,128061
id,ruteng,34570
hn,san diego,1306
fr,seynod,17733
co,mongui,2299
ug,masaka,65376
ru,grushevskaya,4044
pk,yazman,24579
it,leno,13604
gr,martinon,3038
ca,saint-marc-des-carrieres,2358
ws,vavau,383
ru,shiringushi,2369
ru,chernushka,35942
in,tumkur,307384
id,adiwerna,134202
br,quata,10370
us,meridian,42620
ru,sapernyy,1371
ph,basco,7297
mx,cacalchen,6671
jp,ayase,82613
fr,douai,43404
bg,lovec,39788
de,herborn,21404
ve,valencia,1385202
tz,nzega,26584
tr,antalya,758603
it,grugliasco,37599
it,arese,19649
gr,kato akhaia,5752
cy,polis,1975
br,canoinhas,38863
de,idstein,23432
ru,tupik,996
lt,silute,21762
la,nam tha,3227
in,kulgam,16247
hu,tazlar,1984
gr,lixourion,3758
sa,sabya,49398
ru,promyshlennaya,17216
ru,ivanino,2333
ph,ragandang,2216
ph,prado,3590
lv,preili,8656
jp,shimoda,26705
in,lalsot,31482
id,deli tua,27944
us,totowa,10078
ru,zhirnovsk,17887
pt,rio maior,12064
ph,bitadton,3017
jp,ogori,23516
in,kawardha,35241
gr,kiras vrisi,1151
fr,carmaux,9876
cz,rudna,3170
za,midrand,173009
ug,koboko,39609
ro,comana,4783.5
ph,naguelguel,3124
ph,lepa,8877
pe,yura,5712
pa,la esperanza,1952
gf,sinnamary,3190
et,abiy adi,10385
br,esteio,84903
sv,zaragoza,11749
ph,las navas,3415
fr,rodez,23268
de,altenburg,38338
ua,mezhgorye,9297
no,drammen,90692
nc,kone,4775
in,katra,7980
hn,proteccion,2101
gr,alepou,1640
be,herent,19218
dk,hjorring,24634
us,oneida,10945
us,bellmore,16313
us,buford,10860
ru,belgatoy,3254
in,nagothana,10866
fr,brest,150554
br,campestre,11802
br,livramento,19914
be,chievres,6045
ru,pavlodolskaya,5833
ni,corn island,7934
mx,nopalucan,5641
ie,roscommon,4860
ru,novotitarovskaya,22630
mx,jungapeo,5189
id,kedungwuni,117262
ug,kisoro,11554
si,kamnik,12584
sh,jamestown,637
ro,slobozia bradului,5060
it,ivrea,23680
ee,ulvi,290
br,aguia branca,2554
ar,victoria,25139
de,homberg,14893
bg,carevo,5023
br,belo horizonte,2373255
ua,terpinnya,4656
ru,yartsevo,52706
ro,barca,4403
pk,mamu kanjan,31912
in,nepa nagar,32614
ua,irshava,9161
py,union,1653
ph,pangascasan,2644
ph,bigaan,2744
mx,huilango,15551
fr,tarascon,14080
us,mango,8979
ph,mandangoa,2740
us,waianae,11668
si,lucija,6036
us,glendale heights,33047
ua,horodnytsya,5238
pe,huari,4235
fr,thiais,28905
cz,veverska bityska,2779
us,lorton,19215
us,nesconset,12546
no,bjornevatn,2343
ad,encamp,11224
za,hennenman,22847
tz,gairo,37909
pa,chigore,2212
do,salcedo,11676
pl,wegorzewo,11864
no,egersund,9547
hu,szihalom,2120
ph,tugos,3818
nl,veghel,37273
gr,yenisea,1935
de,grafelfing,12992
ro,mitoc,2023
pk,shorkot,67467
ph,natubleng,2145
hu,szigetszentmiklos,24874
de,blomberg,17295
be,tintigny,3538
cm,lagdo,24596
tz,kitama,16232
ru,kaz,4854
lv,rujiena,3638
bj,kandi,109705
br,tibagi,12644
ua,lypcha,3640
ru,vetluga,9497
ru,mendeleyevskiy,9350
ro,avramesti,2481
py,escobar,234
in,basudebpur,31830
hn,jiquinlaca,1248
gr,kouvaras,1381
gb,kendal,29468
fr,boissy-saint-leger,15451
de,bensheim,39450
dk,vildbjerg,3773
mx,castillo de teayo,4267
br,itambacuri,14652
jo,bayt yafa,8494
in,pennadam,17662
ca,durham,2861
dk,vester hassing,2298
za,hermanus,25153
vn,dong xoai,23978
ro,cepari,2452
pt,frazao,4314
pa,colon,76646
hn,puerto cortes,48020
ru,mugur-aksy,4012
ro,buces,2355
ph,isla,2447
lc,micoud,3458
fr,saint-martin-boulogne,11892
us,storm lake,9835
tr,van,371911
ru,volchanets,4013
ru,sapozhok,4283
ro,naruja,1914
no,hundorp,601
ne,maine-soroa,10700
md,tighina,128403
in,kargil,13843
ee,saue,5022
am,arapi,1738
cn,jiuquan,72732
cu,abreus,16711
de,kempen,36506
br,coaraci,32345
br,araruna,7667
ph,malaiba,6888
br,porto velho,306206
dk,vestbjerg,2251
br,santo antonio do ica,9302
br,amparo,41498
us,vacaville,96469
ru,russkiy kameshkir,5305
ro,sacueni,11443
ph,jomalig,2270
it,trezzo,12360
it,san donato milanese,33116
in,maghar,17013
cu,nuevitas,54024
de,lohfelden,13910
us,cape girardeau,35904
rs,veliko gradiste,5752
ro,horgesti,4665
in,thalassery,97210
id,gempol,31151
gl,itilleq,121
br,igarape-miri,26838
za,mooi river,10132
rs,surdulica,10816
my,pengkalan kundang,23307
gr,filiron,4362
br,joaquim nabuco,9965
za,barkly west,11621
tn,sajanan,5009
ru,kazanovka,781
ru,arkhonskaya,7991
id,bitung,137361
gr,koutouloufarion,751
gb,avoch,843
cn,beidao,74767
br,ibiracu,8921
us,rumford,8339
hn,subirana,1362
be,blankenberge,18230
dk,snejbjerg,3513
co,floresta,1127
ru,altukhovo,1908
mk,vitoliste,456
br,formosa,81233
us,toccoa,9178
ru,svetlopolyansk,3176
ro,corlatel,1552
ph,cambanay,2658
mx,ejutla de crespo,8117
mx,cosautlan,4575
mq,le vauclin,7813
fr,gonesse,26212
au,bowral,9605
ua,chervone,2340
ph,lumil,2512
it,frattamaggiore,31251
gb,cambridge,128489
ba,petkovci,2211
ru,taganrog,279060
ph,orion,46991
mx,bagojo,4395
hn,nombre de jesus,1250
be,sprimont,12945
us,citrus park,22364
hu,varpalota,21299
cz,breclav,26905
bg,asenovgrad,50735
au,howard springs,3359
ru,koltsovo,11970
in,nandikotkur,45352
cz,zacler,3617
ru,tankhoy,1028
ph,amaga,2230
jp,kasuga,112300
in,navsari,136204
gr,fournoi,1033
de,puttlingen,21142
us,aiea,9251
us,centennial,96930
us,magalia,11577
ph,lamut,4089
in,kohima,92117
hu,nyirmihalydi,1997
ch,sevelen,4450
co,puerto concordia,4313
mz,cuamba,73268
in,virapandi,27197
gr,grammenitsa,1193
ir,neyshabur,220954
hu,nyirpazony,3162
de,auerbach,25430
us,south ogden,15524
in,karrapur,9993
in,gurgaon,197353
gr,nea kallikratia,7078
ar,ushuaia,58045
bj,abomey,82158
us,clearwater,108064
ru,troitskoye,6015.86
rs,arilje,6921
ph,baod,3059
ma,tiznit,73334
in,valpoi,8331
in,mohanur,12846
il,kafar qasem,17189
fr,rognac,12096
cn,zhongxing,57338
be,manage,22196
ng,lafia,127246
us,desoto,45541
us,yucca valley,19344
ru,imeni stepana razina,3123
ru,chukhloma,5430
br,porto real,12061
co,talaigua,6217
mx,pueblo nuevo,9449
ee,pussi,1840
ua,beloye,6775
ru,nekhayevskiy,4714
jp,ogawara,23340
ir,amol,199398
in,sarai mir,17851
id,soreang,151135
gr,thouria,1302
ru,novaya zaimka,4202
ru,kalachinsk,24059
nl,sneek,34562
gr,vrontou,2196
ch,wettingen,18509
ug,bweyogerere,11473
tz,ndungu,14545
ru,esso,1965
ro,magurele,7093.5
no,eidfjord,575
in,harpalpur,17733
br,nisia floresta,10115
cn,fengcheng,120514
bg,berkovica,13574
ru,kalino,2473
pl,katowice,317316
tr,genc,22504
ru,konstantinovskaya,5643
ru,gubden,7997
pt,seia,7082
ph,tran,2167
ph,mabini,4506.25
am,lernavan,1517
be,destelbergen,16853
us,broken arrow,85535
in,balurghat,141418
br,jaguaquara,41499
co,amalfi,9733
bg,laki,2720
co,sabanalarga,24157.3
br,buriti dos lopes,9475
bg,veliki preslav,8669
ru,etoka,3152
ph,putingkahoy,2577
ph,baon,3601
jp,shiroi,55316
us,kennesaw,28439
ph,dumalaguing,2417
gl,illorsuit,97
de,zweibrucken,35970
us,matthews,23716
nc,bouloupari,1619
mx,pedro escobedo,8920
hu,kisujszallas,12661
cz,moravska trebova,11564
es,alcazar de san juan,26976
de,holzgerlingen,11567
zw,redcliffe,38231
us,glendora,51541
tz,songea,126499
ro,salcea,8655
pl,pyskowice,19018
gb,billericay,34467
br,nazare da mata,26485
br,panorama,14227
cn,wenling,67433
pa,nueva gorgona,1517
hn,trojes,6253
au,gawler,16362
ca,oliver,4647
de,gerstetten,12407
us,fishers,54829
in,palamedu,8435
ws,uafato,301
ug,nakasongola,6922
ru,fatezh,5722
ph,donsol,6198
ph,bacuit,7801
it,darfo,14391
gr,makrisia,1902
ba,srebrenik,6723
sk,trencin,58278
jp,mihara,80388
fr,versailles,85134
cd,kalemie,147065
tr,ankara,3519177
se,nykoping,27582
ru,aramil,15237
ro,cuza voda,4296
jp,akabira,14214
fr,saint-saulve,11061
cu,manzanillo,128194
de,marbach,15353
ua,ladan,6719
ph,antagan,4065
it,vigonza,21541
id,jakarta,8540306
pk,alipur chatha,49144
ph,pawing,3316
pe,chupaca,9921
md,rezina,14835
ge,kulashi,2691
de,arnstadt,25995
az,nardaran,7700
rs,backi jarak,6250
pt,arcos,6725
ph,salingogon,2338
cz,kunovice,5129
ru,bikin,19659
hn,el nispero,2474
cd,goma,144151
de,hunfeld,16454
cn,linping,78180
ru,ilaskhan-yurt,4496
lv,skrunda,2659
us,altamonte springs,40819
ru,zhukovo,12170
ph,banilad,4031
mx,santa engracia,6961
ca,calgary,968475
ca,ponoka,6656
co,mesetas,4163
ru,kalininsk,18685
ru,irklievskaya,3068
no,kalvag,369
hn,el terrero,1087
cz,luka nad jihlavou,2470
ca,leduc,15562
rs,sonta,4881
ro,brancovenesti,4444
py,tacuaras,280
lu,mondorf-les-bains,3113
lt,palanga,17798
in,kavali,83361
gt,tucuru,3961
fr,la ferte-bernard,9245
de,ostercappeln,9677
br,utinga,11949
pt,alpiarca,7946
in,rani,13573
gb,wigan,80789
by,masty,16102
pt,rio de mouro,54695
mx,china,7087
mv,muli,1008
az,gilazi,3277
es,sada,11573
bg,kalofer,3736
us,lemay,16706
us,harwich,13059
ru,satinka,3599
no,myklebost,276
mt,isla,3543
mk,gevgelija,20664
it,lentini,23235
it,augusta,33635
br,mucurici,9524
br,ribeirao pires,111890
cr,quepos,7810
ph,sinilian,5040
lu,gilsdorf,887
gb,buchlyvie,448
tz,ushirombo,95052
mx,temax,6125
mt,sannat,1681
it,marsciano,17262
in,wokha,54012
hu,lovasbereny,2674
ua,chernelytsya,1809
de,neuenburg,11538
nl,helmond,88371
na,ongwediva,9654
mx,la orilla,16178
hu,turje,1868
ee,kaarepere,334
us,chicago ridge,13687
tr,urfa,449785
pl,gryfino,21270
in,nerkunram,47530
gr,roviai,1206
de,kirchhain,16432
cl,collipulli,16392
cz,pozorice,1968
us,highland village,15365
ru,cherlak,12122
ru,bayangol,1432
es,totana,27292
za,ekangala,37650
ru,uglovoye,12429
br,guacui,19787
co,santa rosa de osos,10191
co,tamalameque,4972
ve,maiquetia,52573
us,chanute,8864
ru,slavyanka,14687
ph,banganan,2595
mx,tuxtepec,92124
jp,miharu,19709
it,cariati,8058
gr,marmarion,1013
gb,margate,60134
tm,gazanjyk,21090
ro,corbita,2091
pt,carcavelos,20366
nz,te horo,698
mx,la moncada,4730
hu,sarisap,2911
de,roding,11428
be,sainte-ode,2310
bg,kula,3393
br,ibirite,141376
br,bom jesus dos perdoes,12422
pf,atuona,1762
mx,potam,5859
lt,pagegiai,2363
am,dvin,2795
au,newcastle,497961
ee,tamme,349
us,penuelas,6847
in,jawala mukhi,5281
br,varzea grande,249766
cn,pumiao,61690
gr,neon soulion,2725
es,caceres,90938
rw,rwamagana,50076
ph,meycauayan,184838
br,lorena,76507
za,kirkwood,10148
ru,dombay,405
ro,crevenicu,1693
pt,agueda,11940
pe,santiago,10496
nl,putten,23832
in,jaora,67210
ec,santa ana,12833
ba,dubravica,3868
sv,santa elena,5887
no,flesland,303
in,brahmapuri,32961
hr,nova gradiska,13329
br,itarare,44810
cz,celadna,2027
ph,bagontapay,6747
mx,el sauzal,9085
it,cecina,27969
fr,montlucon,39664
fo,hosvik,344
cz,kardasova recice,2022
ci,bouake,572149
pw,imeong,132
pt,gafanha da encarnacao,4914
in,queula,5699
gr,palaiokomi,1862
br,aroeiras,7019
au,muswellbrook,11630
us,inkster,28844
ph,talaibon,2820
nl,zijpe,11334
lu,hamiville,171
lk,trincomalee,108434
hn,wampusirpi,1462
gt,canilla,1663
us,palm harbor,64502
ru,taman,9417
pt,macedo de cavaleiros,6566
mn,hovd,27929
mk,rankovce,4071
cz,zruc nad sazavou,5175
us,soddy-daisy,12219
ua,shypyntsi,2937
de,eisenach,44399
pt,marinhas,6052
ph,languyan,8900
hn,flores,3018
gb,litherland,22971
cu,bahia honda,19834
in,gurmatkal,18238
il,dimona,33354
za,greytown,13912
ru,nefteyugansk,112634
no,krokeidet,415
mx,socoltenango,4843
it,mariano comense,21877
uy,dolores,16205
ca,stephenville,6278
de,neubrandenburg,67393
pk,gharo,19525
ph,cordoba,29288
co,belen de umbria,15698
ee,otepaa,351
ro,luncoiu de jos,1997
ro,iratosu,2325
mx,ojo caliente,18284
mu,dubreuil,2726
jp,yugawara,27567
br,santa maria do suacui,9936
cn,binzhou,82641
cn,yaan,108758
ca,fort frances,7931
br,pocoes,35255
af,asadabad,48400
bg,kilifarevo,2484
ve,altagracia de orituco,40058
ru,izmalkovo,4072
ru,blagoyevo,2510
ph,jalaud,2239
fr,lyon,463700
co,villa rica,9070
zw,chipinge,11278
us,de land,22721
tw,peitou,34466
tg,kpalime,110541
ro,eftimie murgu,1761
ly,bardiyah,9149
fr,begles,22658
ba,banovici,7211
at,baden,24893
ba,glamoc,4015
es,atarfe,11535
ru,beloyarsk,10733
ni,jinotepe,31267
in,garui,16499
gb,duns,2630
fr,riorges,10303
ro,carligele,2949
ro,acas,2819
fr,sucy-en-brie,24354
ca,norwich,2651
et,moyale,25993
ws,utuloa,34
us,twentynine palms,22642
ua,lazurne,3127
py,ayolas,12064
ph,malisbong,4452
ph,litayen,5294
no,melsomvik,1549
nl,heemskerk,37598
de,elsterwerda,9714
us,camp springs,19049
ru,koshekhabl,7313
ro,lugoj,43244
jp,gose,32871
ht,hinche,18580
gt,concepcion tutuapa,1147
us,east bridgewater,14021
ph,tranca,2445
mx,valentin gomez farias,5404
gb,annbank,822
ua,uspenka,9400
tw,hsinpu,35417
pl,jelenia gora,87310
gr,marathon,4051
ca,liverpool,2781
br,raposa,11883
br,parobe,48560
ua,rodnykove,3058
ru,labinsk,61946
ru,kumertau,65322
ro,pipirig,8569
ro,babiciu,2337
pl,drawsko pomorskie,11275
ph,pila,34383
pf,vaiuru,235
my,pontian kecil,50839
ca,carlyle,1177
ro,dorgos,1368
gb,dirleton,496
fr,annemasse,27386
es,ripoll,12047
dk,vekso,1921
do,san francisco de macoris,124772
mx,puente de ixtla,20673
fr,saint-herblain,44790
co,pitalito,53686
us,leon valley,9402
us,alondra park,8028
ng,oyo,736113
hu,szombathely,80210
gr,fitiai,1516
co,silos,1300
us,camuy,4240
ro,botosana,4881
pl,kartuzy,15002
pk,kamra,43776
kz,shieli,29832
it,san giovanni in persiceto,25344
in,payyannur,70075
br,miguel calmon,13748
ch,uetendorf,5538
ph,balasing,4768
no,fyresdal,354
kz,dossor,9526
it,ramacca,11219
hn,tornabe,1452
br,sidrolandia,16878
de,wolfsburg,123184
ph,maguinao,2978
no,hemnesberget,1240
gn,boke,15462
us,swanton,1231
tj,garavuti,8474
ru,bavleny,3209
jp,utashinai,5163
hu,kaposvar,66947
ru,naziya,5726
ph,pili,9764.67
ng,abonnema,68591
ca,elmira,8614
ru,khilok,10627
ro,bucovat,4175
ph,malitubog,2241
lu,mertzig,1482
co,antioquia,11829
ua,kurpaty,399
ro,damuc,3084
ro,albac,2168
in,jatni,56008
ga,mitzic,3886
de,herxheim,10443
bt,pemagatsel,1720
se,karlskoga,26949
ro,botosani,114784
ph,kipit,2325
no,storforshei,687
co,mogotes,3438
ph,vito,6141
mx,suchil,4095
jp,omachi,30599
id,pemalang,184169
cn,jieshi,137444
be,villers-le-bouillet,6059
sk,handlova,18018
ph,bagtic,3835
mx,union de san antonio,6648
gb,limekilns,1329
ee,puurmani,646
us,herndon,21499
pe,san ignacio,7947
in,seoni malwa,28337
fr,alfortville,36566
se,vanersborg,21836
ro,secusigiu,5748
ph,nagtipunan,5682
in,gajraula,50385
gq,anisoc,10197
dk,kolding,55363
br,maravilha,13865
us,bound brook,10102
us,speedway,12642
ru,doschatoye,5004
ro,petricani,5580
ro,calatele,2689
pl,nowa ruda,24753
no,notodden,8306
in,sikandra,12290
be,wellin,2937
de,torgau,18883
sl,manowa,3991
ru,verkh-suetka,2580
ph,upig,2262
ph,lamian,3936
lu,roeser,708
in,ashta,40435
us,mandeville,11906
ru,frolishchi,1659
nl,meppel,31049
mx,sain alto,4653
mu,mare la chaux,2058
mu,chamouny,4913
ie,dunshaughlin,3567
gr,poros,2756.5
co,san vicente,5021
cz,nova vcelnice,2463
zw,norton,19519
jp,takaoka,170079
us,strongsville,44863
ua,kobelyaky,11691
ph,carmen,7470
tz,nangomba,23028
ro,ghindari,4997
ph,cantapoy,2259
us,bridge city,8693
rs,vucje,3190
ie,thomastown,1603
fr,meaux,50910
cz,upice,5906
us,longmeadow,15699
in,ghorawal,7493
us,port townsend,8970
ru,zasosna,4287
ru,leonidovo,1283
in,ashti,13083
hn,el rusio,1016
gr,prokhoma,1422
ee,vaatsa,679
br,nossa senhora da gloria,18613
ro,iordacheanu,5100
pl,konstantynow lodzki,17415
no,vatne,1585
my,bukit bakri,30282
it,gussago,15585
mx,matamoros,240722
mk,novo selo,11818
in,kodoli,17537
jp,kashiba,69391
at,trofaiach,8313
ro,graniceri,2547
ph,candating,4307
gr,kariai,642.5
us,port orange,54209
sv,apastepeque,5785
sd,abu zabad,15304
ro,cumpana,9731
gr,neon petritsion,2322
ee,kuimetsa,385
am,mets masrik,2570
ve,el vigia,59102
ru,skovorodino,10007
ru,kuldur,1896
nz,wakefield,1663
cn,huangzhai,60037
za,phalaborwa,109468
jp,omagari,38805
gh,aboso,8790
es,nigran,16432
ru,blagoveshchenka,12319
mm,pyinmana,97421
bo,capinota,5157
de,erbach,13369.5
co,unguia,4179
br,pedro ii,22039
ph,basey,7844
de,malsch,14364
tw,puli,87642
lu,bascharage,4645
jp,namerikawa,34638
jp,hakui,24529
in,sankrail,27526
hn,san pedro de tutule,1876
za,willowmore,7100
jp,onojo,96167
in,kunigal,33276
ie,belturbet,1277
cn,zhangjiakou,692602
pl,zlotow,18395
pk,garh maharaja,29151
nl,langedijk,26276
mx,banon,4137
lt,telsiai,30101
in,malpe,23496
cg,nkayi,70945
ee,rohuneeme,316
ca,abbotsford,151685
ua,borzna,11363
ru,glotovka,3039
it,maranello,16988
af,sharan,7368
cn,tongling,312588
us,wylie,28505
ro,gaujani,2763
in,kallidaikurichchi,25515
cz,dobrovice,3027
ru,karamken,691
et,bako,17875
dz,medea,147710
be,olne,3836
ru,tevriz,7270
rs,ruma,33116
ph,olo,3468
it,villabate,20927
in,dinanagar,23341
dk,borkop,3561
co,tauramena,4805
br,sacramento,16983
us,visalia,107431
ro,tartasesti,5066
br,baependi,12853
ye,jiblah,9627
th,seka,16493
ru,gurskoye,822
ru,aleksandrovsk-sakhalinskiy,12025
cu,quemado de guines,12736
cz,broumov,8325
us,marietta,37577.5
ru,arbazh,3943
mx,san antonio la isla,11123
ph,dalipuga,14242
nz,okaihau,726
jm,falmouth,7780
in,gulbarga,483655
gr,mandalon,1204
cu,encrucijada,26155
uz,kitob,41938
us,peru,11335
ru,devitsa,4389
ph,guihing,12465
mx,pachuca,319593
in,mundargi,21828
in,chhapar,18729
gb,loughton,42229
et,dodola,23120
us,college park,21748
us,ellington,14693
ro,petrestii de jos,1861
ro,calafat,18643
no,holme,643
mx,el pueblito,47203
jm,kingston,583999
gr,aiyira,1666
co,gambita,742
ca,stonewall,4177
co,melgar,25980
lu,holler,87
jp,kaga,67370
gr,stratos,1110
gb,invergordon,3949
gb,cuminestown,492
eg,tahta,90604
ua,klenovyy,2259
no,arset,467
in,kovilpatti,90304
fr,vanves,25184
ru,kronshtadt,42987
ro,bahna,3713
no,oslo,808690
jp,tokuyama,101134
it,orbetello,14805
in,sujangarh,88861
gb,coatbridge,39752
es,arrecife,48968
pt,gemunde,5284
pk,choa saidan shah,15343
jp,shibetsu,21744
hu,korosladany,5006
ro,manastireni,1771
mg,betioky,31102
de,prien,10264
de,aschersleben,24569
us,saint michael,15516
us,fairfield,39628
pt,serzedo,8000
mx,la mira,14536
cz,dobris,8066
ca,hensall,1261
ua,semypolky,2939
ph,victoria,12420.3
np,mahendranagar,88386
gr,fillira,1041
ba,bosanska gradiska,13345
us,bentonville,31470
th,sam phran,37115
rs,dimitrovgrad,6887
ph,seit,14552
in,palmaner,42178
gb,inchture,715
br,itinga,4917
at,hainburg,5622
tz,kibakwe,19526
ph,taluya,4903
gr,khortiatis,3466
yt,mamoudzou,54837
ua,rozhnyativ,3983
jp,fujioka,63359
ir,khomeynishahr,277355
gr,ftelia,1006
gr,elos,957
br,una,22650
ro,broscauti,3430
mx,metepec,172990
in,kotar,6959
ro,baia,5850
mx,camalu,7425
lk,gampaha,9352
in,iglas,13748
hu,bocs,2677
ca,la sarre,7206
cn,shima,68375
ba,prozor,10349
am,khndzoresk,1940
us,spartanburg,37992
ru,novorossiysk,241860
ph,tigpalay,5480
ph,pawican,3159
mx,contla,24569
lu,hinkel,82
in,pushkar,16174
gb,teignmouth,15498
co,villapinzon,5874
de,dusseldorf,577139
cy,lefka,7836
mx,el colomo,10908
in,durg,255310
gt,santa cruz naranjo,6126
fi,forssa,17852
bh,manama,147097
am,voskehat,2181
de,neuhausen,11566
us,massapequa,22776
us,san jose,897460
us,pell city,10773
ua,voloka,2915
pa,caimitillo,1101
in,banihal,3278
in,avanigadda,25761
de,uhingen,14220
ro,milas,1546
ph,pontevedra,5492.5
pe,san pedro de lloc,16323
jp,kokubu,57897
in,kiranur,10134
lk,kegalla,17772
am,meghradzor,2659
de,metzingen,22034
co,firavitoba,2136
ro,moinesti,23981
mx,chiconcuac,19047
lv,kraslava,11088
be,wervik,17340
dk,hillerod,28313
co,barranco de loba,5933
ws,sataua,771
uz,dustlik,16524
us,north bellmore,20097
ph,damortis,2272
no,bagn,606
mx,tultepec,54780
mx,mama,2823
in,ahmadabad,3719933
id,besuki,55466
cn,wuxue,220661
dk,dronninglund,3084
ba,foca,14614
am,surenavan,2241
ve,villa bruzual,28001
cn,danjiangkou,92008
us,whitehall,18173
us,saint joseph,71745
us,fraser,14878
ru,primorsko-akhtarsk,33103
ph,minglanilla,62058
nl,hulst,20158
gr,istiaia,4199
de,zittau,25527
br,domingos martins,6061
yt,bandraboua,7882
my,kampar,19058
cu,union de reyes,33647
co,cacota,1415
de,hasbergen,10863
ru,marinskaya,9065
ro,tanasoaia,2341
ph,manapa,3919
ph,jantianon,2322
gt,malacatan,14616
co,don matias,10011
ru,afonino,3182
pl,sepolno krajenskie,9223
cn,hongjiang,59199
ph,apud,2071
no,kyrksaeterora,2497
us,alton,17159.5
sa,riyadh,3469290
ru,zavoronezhskoye,5645
ru,starobachaty,4608
ph,alitagtag,3960
mx,panotla,10644
gt,parramos,9415
bw,mochudi,41834
de,frechen,48198
mx,leona vicario,5731
jp,ibara,34425
ir,shirvan,98688
br,embu-guacu,76311
cn,heze,254602
co,novita,1898
us,lafayette,55731
ua,lykhivka,2382
tz,malampaka,16916
it,serramanna,9766
br,palotina,23059
ch,meggen,6593
cr,pacayas,1556
ca,glencoe,2273
mx,san martin de hidalgo,7855
ru,novoselitskoye,8723
ru,moryakovskiy zaton,4745
mk,vrapciste,8652
kz,lenger,21238
cn,mianyang,264136
nl,zaltbommel,26178
mx,mexicali,597124
jp,iwai,42498
id,mojoagung,23534
us,green bay,101012
ro,magureni,6515
ph,salinungan,8110
mu,bambous,13047
lu,olingen,403
sl,yamandu,5524
ro,rosia,3663.5
hn,la ermita,2495
gb,chelmsford,102671
us,wahpeton,8395
us,prescott valley,32415
tt,tacarigua,15067
ru,muyezerskiy,3901
pl,grodzisk mazowiecki,26684
ph,bugasan,7754
de,olpe,25939
ro,samsud,1725
at,retz,4139
be,boussu,20058
za,boksburg,445182
ph,palanas,2690
hn,petoa,1067
gt,cahabon,4575
ca,orangeville,32641
co,san juan nepomuceno,29619
no,sirevag,398
hu,alap,2149
co,zaragoza,18795
us,irvine,189297
ru,ust-maya,3062
ru,belushya guba,2522
in,itarsi,100585
be,aywaille,10636
ru,medvedok,2041
pl,bilgoraj,26987
ph,bao,6672
jp,tanushimaru,21156
it,ghedi,16690
hu,mezohegyes,6220
us,irving,193825
ph,iraray,2790
in,delhi,10928270
cz,habartov,5367
br,santo antonio de jesus,73959
bs,albert town,25
at,strasshof,7637
ar,rivadavia,65641
ru,pravdinskiy,10372
jp,tosu,63596
gb,methven,1161
ro,filiasi,18995
it,cesano maderno,34758
in,dharmanagar,32917
ie,newbridge,18860
fo,hvannasund,271
br,passira,12664
ch,birmensdorf,5630
co,san juan de uraba,10825
us,tukwila,17022
ru,romanovo,6056
ru,gornyy shchit,4648
ph,kawit,27077.3
ph,ineangan,3670
jp,kamifukuoka,52324
us,commack,36195
us,long beach,178195
br,fortaleza,2416920
it,viterbo,63299
gt,chinautla,94508
br,simplicio mendes,7076
at,hard,11766
ua,hlukhiv,35387
pa,puerto armuelles,18796
mk,valandovo,11825
ba,kladanj,6783
br,axixa do tocantins,9007
de,hildesheim,102958
co,gacheta,4088
cf,bossangoa,39607
ro,mugeni,5784
co,san pedro,8587.67
ee,luige,562
us,kinston,22475
th,phetchabun,50656
se,bollnas,12145
ru,goryachiy klyuch,28078
pl,czarnkow,11562
hu,szendro,4284
br,caririacu,12971
de,grunberg,14360
br,sao mateus do sul,24904
ua,amvrosiyivka,21307
ph,bay,33547
fr,sable-sur-sarthe,13182
de,wald-michelbach,11447
pt,povoa de santa iria,28900
mx,tlanalapa,7511
in,sini,6376
cu,santo domingo,45477
us,rosenberg,29753
nc,moindou,630
in,kathua,48555
in,upleta,56357
in,cheyur,11060
ph,santa maria,4368.33
br,cedro,14644
br,laranjal paulista,21264
br,barueri,251999
in,ranchi,945079
fi,kajaani,35375
ru,galyugayevskaya,3313
ro,caseiu,4791
mk,oslomej,10919
it,castrovillari,21094
br,promissao,27032
tw,taipei,2514794
tt,scarborough,4595
ru,ramasukha,553
ro,belin,2612
pt,darque,8092
ph,tamayo,5767
ml,banamba,30603
fr,merignac,65847
us,piqua,20731
nl,uden,41221
jp,kudamatsu,52773
hn,puerto castilla,1220
ph,tigao,2077
in,sidhi,54248
cn,qiqihar,882364
de,hanover,519144
at,ebbs,5088
ru,zapolyarnyy,11133
mx,paraiso,23830
gb,gosport,70793
de,seeheim-jugenheim,16776
br,flores,11694
wf,kolopopo,171
mx,tlahuelilpan,8137
mx,quecholac,8711
lv,aloja,1509
in,shegaon,56453
in,kavant,8618
hn,macholoa,989
br,espumoso,10340
us,madera,51451
ua,novi troyany,3992
ro,belis,1377
mx,tangancicuaro,15182
it,monterotondo,40249
es,la solana,15374
br,cavalcante,3747
br,sao miguel dos campos,40891
vn,play cu,114234
ru,kletnya,13658
ro,capleni,4424
pk,bhalwal,74765
mk,kukurecani,2395
lc,cap estate,699
cz,dubnany,6635
vn,cam ranh,146771
ua,novi sanzhary,8020
ru,olovyannaya,8247
ro,beliu,3274
hu,parad,2111
us,la verne,33698
ru,puchezh,9881
ro,negresti,10043
ph,tacloban,189087
ph,sungay,2094
fr,perigueux,30198
gr,portaria,1448.5
de,wunsiedel,10319
br,itagiba,9843
pe,cocachacra,8838
br,pendencias,9363
lc,laborie,1133
in,dumjor,17973
mx,ecatzingo,6373
md,briceni,10762
hn,la laguna del pedernal,888
fr,saumur,30036
ru,ust-ishim,4999
my,kota kinabalu,457375
it,corato,45276
in,umred,51798
in,dhrangadhra,75582
id,pamulang,174549
hn,el obraje,1437.5
fr,belfort,50809
us,ken caryl,33365
ua,malyn,27068
ro,jurilovca,5133
mx,xaltocan,4512
mg,andilamena,19750
lv,durbe,454
lu,kleinbettingen,872
co,villamaria,35303
ro,varbilau,7084
ph,amas,6219
in,teghra,46161
hn,el socorro,1092
gr,filotas,1774
gb,blairhall,651
in,sattenapalle,53609
fo,leirvik,960
de,riegelsberg,15476
ph,tibagon,3905
lu,rombach,244
lk,kolonnawa,58086
am,paravakar,1637
tz,kamachumu,15701
tz,hedaru,20231
ru,solginskiy,1802
rs,baric,6837
gb,peterborough,140142
cn,dashitou,65683
de,tirschenreuth,9379
ru,melekhovo,6922
ru,karasuk,28589
in,hunsur,47648
fr,senlis,17910
af,orgun,10665
cu,contramaestre,70441
us,menomonee falls,34515
us,yucaipa,50392
ph,la fortuna,2496
co,cucaita,1417
ch,ingenbohl,7964
th,chiang mai,200952
in,garwa,40666
fr,marignane,35453
cn,pingzhuang,67273
za,alberton,202503
ph,ligaya,6865.5
jp,sodegaura,60594
ca,parkhill,1851
bo,tarata,8045
br,borda da mata,12814
ca,colchester,2307
us,brigantine,12670
ru,mogzon,4262
gt,totonicapan,68213
gr,arma,1078
es,gijon,262573
at,jenbach,6806
ru,vuktyl,13694
ru,koshurnikovo,3743
ph,bincungan,3810
ng,ijero,167644
lt,joniskis,11114
in,padra,36501
ao,malanje,87047
cz,velka nad velickou,3216
et,bichena,16411
ru,petrovsk,33622
ro,bolintin deal,6139
pl,dzialdowo,21127
in,nadigaon,7598
in,dhanaura,28288
ru,zhirnov,6069
ph,pamatawan,2849
my,chaah,11844
in,muvattupula,29666
co,viterbo,15216
cz,pribyslav,3965
rs,padina,5731
ph,san lorenzo,2337.5
nl,gendringen,21247
in,nainpur,22338
ug,njeru,61975
fr,oignies,10539
au,geraldton,27259
es,torrelodones,17214
us,hailey,7922
ru,tver,400216
ga,booue,5787
de,ilmenau,27471
au,moranbah,7955
us,royal palm beach,34750
tr,suruc,46718
ru,vorobyevka,4420
ru,gorshechnoye,6758
lk,matale,37464
in,dusi,5257
ee,nasva,330
ro,dascalu,2594
ph,alangilanan,2365
il,or yehuda,30977
gr,kato korakiana,1055
br,ibicarai,19575
us,overland,16130
tg,tsevie,55302
ph,mayorga,2721
ng,effium,86952
gb,lamlash,1046
co,san miguel,3905
ua,novopokrovka,3466.5
ph,bara,2084
pe,querecotillo,25511
il,beit jann,10001
de,eichenau,11614
ca,plaster rock,1180
br,girau do ponciano,9606
br,tangua,23740
ru,knyaze-volkonskoye,8936
ph,pina,2054
ph,molugan,8042
no,svenevik,203
th,bamnet narong,14890
ru,brodokalmak,3466
ro,sfantu gheorghe,979
ro,amarastii de jos,5870
it,veroli,22352
in,susner,14603
gb,barnstaple,32532
be,halle,34479
ph,mataya,3136
ph,linaon,3669
de,osterburg,7255
at,gmund,5811
pt,alcoentre,3923
ph,naguilian,9125.5
mx,totolapa,5372
lc,vieux fort,4629
in,madgaon,86827
br,sao paulo,10021437
de,bad mergentheim,22072
br,araucaria,111303
py,veinticinco de diciembre,766
ke,garissa,67843
bo,montero,88623
bg,bjala,6018.5
ws,nefunefu,141
us,jeannette,10185
ua,apostolove,15828
py,villarrica,41160
ph,maxingal,2323
jp,tatsuno,30755
in,neyveli,131213
de,aerzen,12114
de,rosdorf,11844
ua,dniprorudne,20271
py,ybytimi,526
it,novara,105903
in,nathdwara,39429
id,karanganyar,34923
fr,saint-laurent-du-var,29461
br,joinville,461312
ch,viganello,6330
co,barrancas,17350
mx,mani,3978
hu,tallya,2169
co,rondon,504
ro,astileu,3728
ki,utiroa,2230
it,arona,14423
es,santa eulalia del rio,22876
mx,jicayan,4405
mx,caracuaro,3218
gr,zakinthos,11540
ve,ciudad guayana,746606
ru,volgo-kaspiyskiy,2662
ru,nyuksenitsa,4322
pe,chincha alta,154561
mk,gradsko,3737
it,castiglione del lago,15309
gb,derby,235029
fr,laval,51626
de,werl,32304
az,zig,6001
us,bedford heights,11013
ru,nuradilovo,3371
ph,kalbay,4339
mx,moroleon,40064
in,chandannagar,180640
in,betma,13818
br,caete,33232
us,smyrna,28738.3
ro,almasu,2801
mg,manakara,35499
lu,perle,649
in,rayachoti,81442
in,batote,4209
in,basavakalyan,65810
za,graaff-reinet,62921
ru,zolnoye,1797
ph,baro,2906
mx,tlacolula,11689
in,bhanvad,20824
no,trones,415
in,mahroni,8899
hn,magdalena,966
ee,vaimela,799
in,jetalsar,14771
ie,naas,20554
gb,girvan,6821
th,sattahip,65444
ro,agrij,1374
de,norvenich,11778
de,haigerloch,11066
cu,calabazar de sagua,10455
ru,gornyy,4281.4
pe,orcopampa,5668
de,florsheim,19936
ro,radesti,1379
mx,carmen,141315
ir,naqadeh,73535
cr,san marcos de tarrazu,4255
ph,mankayan,15886
kz,kurchum,8800
us,romulus,24018
ro,delesti,5122
no,folldal,564
mu,queen victoria,3025
in,virbhadra,13064
cd,gemena,117631
si,sencur,2745
ru,novosil,3989
ru,baryshevo,5024
rs,coka,4617
mx,colima,127239
co,nunchia,1282
co,tutasa,292
cn,baiyin,188533
ph,pakiad,2689
ph,columbio,5516
ph,bindoy,3600
id,bandar,31443
cr,aserri,25874
de,wildeshausen,18276
zw,victoria falls,36702
us,west caldwell,11672
no,torsken,196
ie,dingle,1971
gl,tiniteqilaaq,169
us,naranjito,2005
jp,obu,77865
in,safidon,30865
in,hukeri,20826
gr,karpathos,2243
de,menden,58939
za,stellenbosch,94268
tj,uroteppa,52856
no,sulitjelma,488
hn,el sauce,1389
gp,capesterre-belle-eau,19823
fr,coueron,19016
cr,nicoya,15315
rs,sid,16937
ng,nguru,111022
gb,nailsea,16537
br,cachoeira,16145
ca,saint andrews,1809
jp,ueki,31688
jp,hikone,110927
de,edingen-neckarhausen,13935
at,altmunster,9652
do,neiba,18675
kh,svay rieng,23956
us,billerica,39904
ph,balaytigui,2341
mx,putla,9486
hu,adand,2306
cn,xuanwu,56195
nl,vlaardingen,74210
gr,sourpi,2137
cz,polna,4849
wf,tepa,244
ua,verenchanka,3560
ua,vary,2998
ru,dyadkovskaya,4514
br,benjamin constant,13998
us,glenview,46539
ru,zimovniki,17678
ro,barcea,5985
ph,damulog,8789
mx,campo sesenta,6012
jp,amagi,42312
us,montrose,15138
mg,farafangana,24764
gr,krokos,3004
es,jerez,189230
cn,nanning,803788
us,adelphi,15988
pk,mitha tiwana,26430
ph,sangali,14728
ph,kauswagan,4019.33
de,schwabisch gmund,61379
de,kirchzarten,9575
vn,hue,287228
th,long,11802
ro,moreni,20596
ph,mayantoc,6250
it,malnate,16282
ie,lusk,2508
hr,zadar,71258
ca,channel-port aux basques,4220
ua,slobidka,2530
ru,yantal,2383
ru,kem,13830
ro,oltenesti,3041
bg,pliska,1115
ec,bahia de caraquez,37056
cl,talcahuano,252969
at,kapfenberg,21819
pk,shujaabad,65972
ph,panlinlang,2539
lu,machtum,304
ca,teeswater,1171
ec,manta,183166
sv,jocoro,4298
si,dravograd,3381
ru,baturinskaya,3678
ro,mogos,1087
re,saint-joseph,33696
ph,bantay,10091
br,ibitinga,49075
br,sitio novo do tocantins,5787
ua,mena,12766
ru,balyaga,3559
mk,caska,2878
gr,kalimnos,10002
re,salazie,7696
pt,laranjeiro,20472
in,tijara,21835
cn,huaihua,127322
br,campos altos,12648
de,hochheim,17203
al,shkoder,89102
ro,targu-mures,146864
ro,frumusani,5111
ph,san martin,3434
hn,el llano,1923
ba,stolac,7733
es,consuegra,11223
us,abilene,114247
ru,chervishevo,3113
ro,daesti,2787
pa,parita,2875
in,chiplun,51441
cu,amancio,26914
cn,qingquan,76154
am,talin,4945
in,tiruppur,397554
us,carbondale,16905.5
us,hillsborough,7775
mx,cumpas,2979
mx,capacuaro,7283
mk,bogdanci,8635
gt,pochuta,3799
cz,kamenice nad lipou,4202
br,sao domingos do prata,9466
us,bellevue,58140
ua,panyutyne,7038
ro,paunesti,6778
lu,olm,1459
in,dahod,83972
cn,baoning,60542
az,zabrat,21396
us,rubidoux,32235
us,bloomington,61336.2
ug,kilembe,7914
ru,yegorlykskaya,17978
my,bukit baru,55658
mx,piedras negras,74039
mx,general cepeda,3916
it,foligno,50616
ca,london,346774
ru,kedrovka,17752
ph,ambuclao,2822
ph,alamada,4987
my,kuala selangor,55896
mg,vohibinany,25311
in,nileshwar,25404
hn,marcovia,1928
ch,veyrier,9375
co,san jacinto,20265
us,new smyrna beach,21234
ru,novokorsunskaya,5133
ru,novki,1639
ru,kondratovo,5594
ru,kez,10792
in,konnur,19168
hu,gyongyossolymos,3160
br,barra do pirai,87669
us,kannapolis,38748
ru,myatlevo,1969
gb,bexhill,40478
ci,katiola,83695
ba,sanica,5666
cf,sibut,32547
ph,gabawan,2382
ph,culianin,7565
ph,bual,2857
nl,spijkenisse,78642
in,bidhuna,27161
fr,saint-maurice,13975
ch,pully,16640
br,brumadinho,27564
ru,tutayev,43828
gb,kilcreggan,1343
be,estaimpuis,9340
az,hadrut,2523
us,winona,26618
ua,bushtyno,8236
th,nonthaburi,375826
se,harnosand,17016
ru,kurakh,3364
ro,secu,1319
ph,buan,2788
in,bhadra,37632
ee,kaina,854
co,somondoco,1029
tn,tatawin,62588
no,knappskog,1091
mx,ixtlan,5017
in,tattayyangarpettai,12605
cr,daniel flores,10028
us,el campo,10760
us,brookings,18216
us,sandown,5827
th,phrae,38538
ru,nizhniy mamon,3914
ro,tarnaveni,25721
ph,hilotongan,2919
fo,porkeri,396
br,bayeux,91058
ru,chelyabinsk-40,91096
no,korsvegen,495
es,torrox,12610
es,teo,15623
us,fair oaks,28989
ru,blechepsin,3031
ro,dobrosloveni,3821
pl,piotrkow trybunalski,80128
br,cacador,63727
br,sao caetano de odivelas,8862
am,dilijan,13480
de,melle,46745
de,marsberg,22361
cn,guilin,649352
az,mincivan,6353
ua,blahodatne,3512
mx,la aldea,5171
jo,irbid,296050
in,sahapur,7883
ro,vacaresti,7812
py,coronel oviedo,51291
ph,tanay,59898
ph,camindangan,5100
jp,nishihara,37583
it,noicattaro,25022
ge,khulo,768
co,mutiscua,918
co,san rafael,7245
de,wurzen,15066
us,keokuk,10645
us,johnston,12547
ru,chudovo,17377
jp,urasoe,110284
id,bireun,25794
es,castelldefels,50167
br,xique-xique,35435
be,houyet,4505
ua,huty,1978
ph,sangat,4608
it,cadoneghe,15600
gt,santa maria visitacion,1456
us,roselle park,13231
us,windsor,20083
tm,sayat,17761
sk,banska stiavnica,10874
ru,usvyaty,3060
ph,dumanjug,3613
ng,jega,73495
mx,penjamo,33510
jp,ofunato,35418
it,giovinazzo,19962
ca,kapuskasing,9240
br,iranduba,11181
eg,el faiyum,306421
pl,legionowo,50786
pk,pano aqil,72885
ee,laiuse,461
es,arcos de la frontera,28754
bs,dunmore town,1523
ru,razdolnaya,3190
jp,noboribetsu,52881
cz,vejprnice,2509
co,el copey,18137
de,fussen,14002
be,arlon,26179
us,keller,37487
us,east foothills,8141
ru,sredniy ikorets,3273
ru,novaya usman,22165
hn,el negrito,9304
dk,ribe,7983
br,senador jose porfirio,5708
tz,kyela,30684
in,haridwar,186099
pk,bannu,49028
eg,safaga,32944
br,santa rosa,58958
be,overpelt,13344
ua,kalush,67697
ro,cuzdrioara,2944
pg,mendi,26251
it,ospitaletto,12368
in,srisailam,24145
zm,luwingu,6161
us,gaffney,12791
us,north wantagh,12005
th,bang len,17914
ph,osiao,2737
pe,san clemente,15886
mx,jesus del monte,9649
gr,nea manolas,2219
cz,chotebor,9829
se,boo,21761
ro,cornesti,4706.5
ph,basa,2323
nz,ohura,225
gb,drumnadrochit,881
br,sao luiz gonzaga,31798
ro,ivanesti,4906
in,rasra,31879
fr,villeneuve-les-avignon,12688
cm,garoua,436932
us,rutland,17043
ro,topliceni,4374
ro,mircea voda,5288.5
in,osmanabad,85528
gb,matlock,11516
br,campos belos,15583
br,cajamar,56684
ck,avarua,13374
tt,san fernando,56379
ph,osias,3225
hn,catacamas,33052
de,wertheim,24920
sv,santa rosa de lima,13249
pt,ribeira brava,5933
pe,chaupimarca,28795
ru,buturlinovka,28581
gb,tarves,978
br,encruzilhada do sul,17199
au,moss vale,6739
br,pindobacu,17242
ru,latnaya,7232
pe,lambayeque,43907
mx,cuautitlan izcalli,475199
es,balaguer,14207
us,cornelius,15936.5
ro,geaca,1734
it,anguillara sabazia,17734
in,manchar,14739
es,aranjuez,45125
ua,sokyryany,9877
ir,dehloran,46109
gb,musselburgh,22656
bj,abomey-calavi,385823
co,arjona,50406
py,general higinio morinigo,1399
mx,techuchulco,4405
id,karawang,198894
ua,shakhtne,975
tr,mudanya,23174
hu,egerszalok,1952
ru,konstantinovsk,18876
ro,cascioarele,2132
ph,seguinon,2211
ni,siuna,11725
in,kuju,19392
hu,tapioszele,6214
ua,aleksandriya,91206
ru,rognedino,3287
ru,khuzhir,1118
hu,pilisszanto,2245
br,tefe,44943
es,jodar,12031
cn,jiutai,175115
us,tysons corner,22008
ru,levashi,7817
ru,islamey,10899
it,ancona,100982
gb,cruden bay,1620
ee,vohma,1551
sa,buqayq,37696
ph,padre garcia,4304
in,gopalpur,7031.5
cz,nejdek,8556
cm,fontem,42835
ua,chortkiv,27977
ru,severka,3325
pk,jati,9152
hn,el ocote,1908
gr,vlakhiotis,2404
cn,juye,58107
us,draper,35186
us,waseca,9541
sd,kassala,401514
ro,salcia,2263
ro,roma,3218
pt,azambuja,7179
nl,diemen,24146
mx,cuzama,3459
bt,wangdiphodrang,3393
br,ipero,17161
ro,sacalaz,6176
py,tobati,9953
pk,peshawar,1219248
ph,lantawan,2766
it,vietri sul mare,8105
gt,cubulco,10073
fr,voisins-le-bretonneux,12987
ph,lacaron,2526
cr,ipis,26674
ci,zuenoula,52630
ru,novaya malykla,3292
ro,balvanesti,1131
gt,ixtahuacan,3631
gr,kapandrition,2672
ph,toboy,3082
ki,butaritari,2582
in,jamuria,160257
fo,vatnsoyrar,41
ee,selja,405
ci,grand-lahou,13205
ru,aknada,4070
nl,aalten,18856
fr,bonneville,10931
br,serra negra,22632
br,tubarao,67246
ru,novaya maka,4545
ru,kerzhenets,668
ru,kamyshin,128628
ro,plopeni,9580
il,bet shemesh,64838
ci,toulepleu,17965
tz,mazinde,20534
ph,salug,6775
hn,tocoa,30789
gr,perdika,1875
al,vore,4973
ua,petranka,2929
ru,arkadak,14393
fr,istres,42036
cn,huangyan,150448
pa,canoa,3061
mx,las choapas,40306
it,dueville,13841
in,beohari,22110
ec,pasaje,44860
br,uruacu,30088
ag,all saints,2526
au,kununurra,5679
pf,vairao,2423
kz,ushtobe,20491
br,atalaia,18908
us,cypress lake,12994
ru,plotnikovo,4983
ro,remetea mare,3473
gr,kella,746
ca,nanticoke,24732
us,baytown,67341
ru,paraul,4278
ro,priponesti,2574
ph,lennec,3142
cy,livadia,5329
be,gooik,8957
ru,astrakhan,502537
ph,eguia,3033
no,kil,936
ie,rathkeale,1470
gr,gazion,9721
gb,croy,641
bd,hajiganj,44349
do,samana,11433
us,east liverpool,12201
th,khon buri,18596
pk,sakrand,31631
ke,maua,10804
by,pinsk,130777
ru,repnoye,3131
pk,chak,14276
ph,bantayan,3976
it,corleone,11982
br,coracao de maria,6571
co,manati,14141
ru,krasnokholm,6041
nz,ngunguru,1358
mu,cascavelle,2613
lv,staicele,1175
ke,siaya,15354
gb,colchester,109415
fr,meru,13430
ro,plesoiu,3365
pa,el rincon,1364
nl,blaricum,8997
us,cottonwood,10681
ni,santa teresa,5372
ng,ikirun,134246
in,jharsuguda,79499
il,timrat,1789
hu,ujszasz,6855
gt,colotenango,1656
in,katwa,78416
no,a,1145
mx,huatusco,29389
ml,douentza,8057
ly,ajdabiya,134357
us,lake havasu city,54752
ru,shikhany,6688
de,bruhl,29466
cd,dibaya,4571
ru,urazovka,1884
ru,dzerzhinsk,256540
in,shankargarh,14139
gr,kalamos,2158
co,bugalagrande,12418
es,granada,248942
ph,sulit,5019
pg,kiunga,11540
in,rajamahendri,304838
hu,ruzsa,2764
in,nadaun,4838
gr,peristerion,137660
be,leuven,92892
sk,komarno,37365
ph,sebaste,2908.5
no,vigeland,1255
ch,saanen,6644
mx,churumuco,4265
in,shajapur,53352
gr,alexandroupoli,52978
al,gjirokaster,23437
de,hochstadt,13470
ru,krasnyy tekstilshchik,3276
ru,andreyevka,8395
ph,nibaliw,13630
nz,mapua,1819
gr,karia,994
bg,samokov,26582
am,geghanist,2409
ru,snegiri,3465
id,tondano,33315
de,mindelheim,14221
ua,rokosovo,4544
ph,laoag,102109
ph,buguias,6192
us,kingsville,25264
pt,fazendas de almeirim,6634
ph,macarthur,2668
ng,ipoti,82114
ir,esfarayen,59685
us,lakeway,8235
in,sagauli,34626
cz,hejnice,2692
br,recife,1478118
au,kiama,10380
cn,kaihua,64404
br,itatiba,67935
ru,polevskoy,65771
ru,kislovodsk,132773
ro,valcau de jos,3232
ro,nocrich,2612
mx,zinacantepec,54222
it,maniago,12299
br,touros,7662
co,chameza,948
ro,danciulesti,2756
tr,boyabat,27711
ro,turt,6693
no,barkaker,1218
hu,monok,1786
fr,ploemeur,18944
us,esperance,3833
us,shelburne,7004
ru,bryukhovetskaya,22309
de,quedlinburg,23057
ro,tritenii de jos,5008
ro,drajna,5660
ph,balocawe,2142
pe,celendin,14726
lt,rusne,2484
ca,marieville,5600
br,camocim,44482
bo,san jose,9749
ve,puerto ayacucho,52528
us,lake station,13667
nz,waikuku,804
br,posse,20003
br,ouro preto,63679
es,santa comba,10896
us,east grand rapids,10380
ru,petrov val,14853
ru,idrinskoye,5498
ph,manaulanan,2231
ph,antipolo,113442
jp,date,35301
br,alfredo chaves,6422
es,leganes,192000
cn,shanting,80843
de,cloppenburg,31030
tz,liwale,19296
ru,zelenokumsk,41307
ru,bugulma,93507
hu,mezozombor,2549
gr,pagouria,843
gr,moskhaton,23533
fr,noyon,14711
fi,pirkkala,14914
ba,bosanski samac,3599
co,puerto triunfo,4056
ru,alkhan-kala,10168
ph,buluang,4162
it,grumo appula,12677
in,tuensang,33750
ru,lyubuchany,3537
ro,capalnita,1954
py,itanara,316
ph,acli,2555
mx,ixcatlan,3273
mx,hueytamalco,4255
hu,monor,21720
ca,sydney,32660
bi,cankuzo,6585
us,cypress,47371
ro,sacel,2513
nz,himatangi,538
lu,bridel,2404
kn,sadlers,986
kh,kampong chhnang,75304
in,kurinjippadi,23019
gt,san miguel panan,1983
fr,genas,12584
ua,zaozerne,4396
ru,murmansk,319266
ru,abaza,18094
pw,ngermechau,287
ph,silway,7893
pe,casma,21263
mx,puente grande,5636
it,pianezza,11672
id,arjawinangun,105852
ch,winterthur,91368
bw,bonwapitse,568
ru,novyye atagi,8760
ru,melekhovskaya,3346
ph,atop-atop,2844
us,tooele,29851
sk,spisske podhradie,3780
si,beltinci,2258
at,zistersdorf,5661
es,pozoblanco,16534
us,clifton,49840
tz,mtwango,19040
la,pakxan,21958
be,harelbeke,25978
de,burgstadt,12506
ph,salogon,2239
ie,edenderry,4890
cz,stramberk,3395
cu,santa clara,250518
ec,velasco ibarra,48754
ro,brastavatu,5189
ro,bala,2734.5
nz,auckland,417910
us,rosaryville,14521
it,verona,247082
it,massarosa,21262
bg,panagjuriste,18755
ch,weinfelden,9529
ro,balc,3512
it,rosa,13186
fr,guebwiller,12005
tr,akcakoca,35167
ro,siminicea,3107
lu,harlange,378
hu,karcag,22370
gr,kardia,1751
de,bremen,546429
hn,quebrada de yoro,896
gr,kiato,10032
au,broken hill,17395
cn,fengzhen,72444
ug,mayuge,11501
ro,cogealac,7046
ph,quibal,2376
jp,kizu,41761
ci,sassandra,30124
cn,boli,95260
am,lernanist,2511
us,wailuku,13391
us,pueblo,104293
ru,staraya sunzha,7860
ph,camanci,2986
ph,amacalan,2693
nz,darfield,1593
jp,joetsu,136235
in,parvatipuram,52090
br,angicos,7729
co,usiacuri,9147
cm,bafut,18946
us,greenville,35336.5
pt,peso da regua,5048
ph,pan-ay,2160
cn,shaping,107589
ba,tuzla,142484
be,fexhe-le-haut-clocher,3082
us,gurnee,31346
ua,rozsypne,4911
sn,bambey,32874
it,scandiano,23918
co,puente nacional,5775
si,logatec,8014
ro,stauceni,3279
ph,caba,4806
cd,likasi,422726
br,paraguacu,15742
br,chapeco,160160
am,tsiatsan,1050
cz,benatky nad jizerou,6853
ru,dolgoye,4953
it,amantea,13733
tz,kabanga,19421
ru,kagalnitskaya,6838
jp,odate,64543
jp,oda,31868
ci,affery,37424
pa,pueblo nuevo,1169
ir,bojnurd,192062
de,albstadt,47064
ee,turba,1096
vn,nha trang,283452
ru,kamenolomni,12262
in,dibrugarh,122160
gr,dion,1413
fr,eysines,19925
cm,buea,64372
cn,guicheng,76430
ru,volnoye,3582.5
mx,el refugio,5694
in,dhuri,54306
id,karangasem,31869
de,olching,24526
br,itaporanga,13046
be,overijse,23486
ua,kryvyy rih,652376
mx,tamuin,14748
jp,yamada,20144
gr,likovrisi,9087
mx,tunkas,3070
in,auraiya,70515
us,crown point,21914
ua,sharhorod,6895
ru,kstovo,67243
ro,bals,20627
ir,maragheh,168290
gl,upernavik kujalleq,205
fr,le kremlin-bicetre,27194
ca,port hardy,4628
br,propria,23787
ch,embrach,8517
cn,guangyuan,213365
us,channahon,11994
ru,dedenevo,6455
lu,bettange-sur-mess,992
de,suhl,43269
cz,nove straseci,5210
co,pandi,1336
de,ahlen,55112
ru,bisert,11077
pe,anta,5886
hn,yorito,2169
us,greendale,13990
th,thoen,18459
ro,valeni,5020
ph,bato,6261.62
mx,creel,5011
lv,kandava,3592
es,arucas,35344
co,puerto gaitan,5928
ua,zmiyiv,16095
ru,armizonskoye,4711
ph,mangarin,3246
no,kirkenaer,1220
md,basarabeasca,13569
ru,lashma,1736
ph,bagabag,24967
lu,stegen,406
jp,ebina,123667
cd,kasangulu,27960
ee,joopre,448
mx,la concepcion los banos,6503
id,sidareja,30314
gp,petit-bourg,24996
br,irupi,3505
de,bogen,10458
de,munster,101500
ru,palana,3671
ru,grakhovo,3400
ro,coroieni,2308
ph,calatagan,11621.5
mx,chinameca,7094
mt,fgura,11819
gr,proastion,1766
bo,betanzos,4847
us,santa clara,102250
ru,baksheyevo,2296
jp,maruko,25403
in,thana,1486453
gr,tsakoi,1004
ch,uznach,5648
be,frameries,20598
am,zaritap,1323
za,adelaide,12212
ve,san carlos,77204
us,wauconda,10269
ua,nosivka,15164
ro,borsec,2815
pl,bielsk podlaski,26745
ph,batu,2966
no,feda,407
it,bolzano,91209
ie,malahide,14057
cz,nove mesto nad metuji,10074
cn,wuxi,1108647
us,north richland hills,62821
in,varkkallai,43280
am,vardablur,1297
ru,zavetnyy,4486
ru,novobessergenevka,3445
pe,chulucanas,69145
in,pujali,45415
co,saladoblanco,1662
us,wheaton,54545
sk,spisska bela,6136
mx,chalchihuites,4028
it,altamura,66119
gr,sikourion,2318
de,freilassing,16033
us,west helena,7679
it,lucera,35396
hu,hajduszovat,3167
gr,moustheni,1159
us,stony point,12234
us,coram,37150
tr,ercis,91962
ru,novaya mayna,6448
no,mosjoen,9620
mx,x-can,4148
mx,saltillo,621270
ph,buayan,14607
mg,ankazobe,15722
fr,cherbourg,24435
es,velez-malaga,63064
ro,cotofanesti,3279
is,hvammstangi,573
gt,santo domingo xenacoj,8610
cz,slapanice,6190
us,hilton head island,34457
tr,besikduzu,37003
se,boden,18225
in,chitapur,30141
us,rapid valley,7494
it,brugherio,32439
fo,strendur,854
br,salto de pirapora,32228
cm,mvangue,1908
us,bridgeport,139090
ru,gorodets,31789
pk,sahiwal,235765
mx,la ermita,5054
tr,alaca,27032
ru,lopatino,4318
nz,whitianga,3367
mx,temozon,5441
in,kallupatti,9725
es,medina del campo,20273
cr,siquirres,18235
us,clearfield,28424
ru,balagansk,4195
ro,unteni,3022
fi,tornio,21236
de,gladenbach,12613
ua,sukhovolya,3612
ru,mortka,3698
ge,gali,11861
se,kumla,12756
ru,bolshiye dvory,4801
pt,sande,7789
nz,napier,56787
mx,tulum,8390
mx,tecoh,8700
us,north little rock,59078
ph,damilag,11000
it,aci catena,31216
gb,ilkeston,38587
at,gmunden,13287
de,koblenz,108146
uz,kogon,62696
gb,hove,75174
ru,kangalassy,1721
ph,pandacaqui,28603
pe,supe,15138
jp,kushikino,25744
ru,tyulgan,10105
pk,raja jang,24406
ph,sinait,2695.5
ph,calingcuan,3208
mx,magdalena,14177
in,agra,1430194
hu,tiszabura,2730
it,modena,180641
gb,ballymena,30997
us,tallahassee,153583
ua,krasnyy kut,2983
ru,serafimovich,9847
ru,durgeli,5185
it,aosta,33503
id,ngunut,26297
br,guanambi,58879
de,merzig,31141
br,grao mogol,3278
sl,pepel,4301
sk,namestovo,8135
ru,smyshlyayevka,5908
ro,strehaia,11607
pt,alcanena,4408
ph,bulacan,4518
in,budaun,161571
ca,cobourg,18100
rs,ada,10259
ro,radaseni,4404
mx,ixtapaluca,351015
it,bertinoro,9941
co,el calvario,557
am,aragyukh,999
ro,pardina,702
ph,aplaya,5637.67
no,ask,1084
de,marl,91262
py,mbocayaty,2296
ng,ohafia,73361
in,daulatpur,3592
ru,novokubansk,36402
ru,gimry,3599
pl,strzelce opolskie,20241
in,guntur,530636
fr,blanquefort,14791
ua,tayirove,1849
ru,shatrovo,6295
ru,borinskoye,5998
jp,masaki,30471
at,graz,222326
cz,vrbno pod pradedem,6220
es,pinto,34665
de,morlenbach,10566
sn,thiadiaye,7495
ro,dobrovat,2644
bj,tchaourou,20971
us,gallup,19454
ru,khamamatyurt,4935
jp,tokamachi,41136
in,hadgaon,26453
us,urbana,25584
rs,temerin,19877
ph,narauis,2233
gb,walsall,172142
us,richmond,75278.2
no,kristiansund,16904
in,latehar,20771
br,matipo,12997
ch,altdorf,8833
de,gunzburg,19507
cz,frydlant,7481
it,copertino,22105
it,bari,303049
gb,cromarty,712
fr,blagnac,23313
br,santo augusto,10305
us,sunrise manor,188608
th,ubon ratchathani,122533
th,phrai bung,11494
ru,semiletka,4163
ru,rzhanitsa,5281
uz,yaypan,20332
us,webster groves,22875
nl,lelystad,73426
in,challapalle,16841
in,bhadrak,98657
gr,paralia,3301.33
br,sao pedro do sul,12137
bg,melnik,251
us,robstown,12590
ro,masca,3498
ph,binitinan,3101
in,sakit,7811
ca,iroquois falls,4232
br,demerval lobao,15285
ci,tiassale,52186
ru,stepantsevo,2744
in,manwath,30626
gt,el quetzal,11853
us,guayama,21576
ua,shevchenko,2023
ru,yar-sale,4885
ph,banna,3566
ph,alacaygan,2598
nl,leiden,116928
in,bar bigha,41763
ro,suplac,2332
no,solsvik,531
mx,tepeaca,24956
co,apia,6940
br,bonito,11685.5
se,goteborg,515253
ph,sagurong,2243
mz,montepuez,72279
mx,canitas,5965
il,abu ghosh,5570
gt,san antonio aguas calientes,7650
mg,vangaindrano,23523
ki,tabiauea,1476
br,jacobina,47639
be,oud-turnhout,12354
de,vohringen,13092
es,illora,10876
ee,assaku,402
ne,agadez,88569
in,shahi,16066
in,kot putli,43654
gt,catarina,2977
ee,varstu,437
at,barnbach,4850
ca,ladysmith,8740
br,pio xii,14773
ru,nadym,46339
gb,largs,11126
ru,shatura,30069
pe,huanta,18711
hu,tahitofalu,4677
fr,fontainebleau,16217
de,kaufungen,12804
ve,moron,44319
us,catonsville,42827
ru,batagay-alyta,1666
ro,crisan,1392
hn,aramecina,1071
gb,hertford,25848
co,puerto tejada,53675
de,bad ems,9468
us,radcliff,21783
ua,perove,3746
ro,moldoveni,2508
ph,sibulan,13577.7
mx,las juntas,6259
et,jijiga,57146
uz,gurlan,27506
ro,soimus,3502
ph,sibulao,2939
no,rindal,658
my,lumut,39627
si,cerknica,3531
ru,varna,9906
ru,tashara,3364
ph,sugod,2150.5
in,kamareddi,71049
gb,balintore,1045
us,carthage,13047
ru,kurmanayevka,4552
ru,kodino,1970
pl,nowa sol,40354
kw,hawalli,93312
it,anzio,41629
ph,rapu-rapu,4647
in,chalala,17082
gr,kholargos,31545
ba,kacuni,5042
us,grosse pointe park,11937
ck,amuri,285
ws,samamea,89
us,yankton,13410
mk,skopje,474887
in,khamanon,9395
cz,caslav,10209
ca,campbell river,33430
ee,risti,597
us,cocoa,16433
ph,la carlota,41313
us,boynton beach,66442
ua,vyshkovo,7838
sn,thies,320721
ph,teneguiban,3267
ph,del carmen,4127.33
ph,balibago,3121
nl,lochem,19863
my,paka,21044
it,montignoso,10804
in,murbad,17495
in,kadambur,4512
us,stoughton,19825
us,middletown,30675.2
ru,magdagachi,11739
ro,moraresti,2201
ph,malitbog,3025.33
ph,dualing,2323
lu,berg,93
in,nangavalli,9902
id,pamekasan,92457
hu,nagytarcsa,2846
de,nordhorn,52906
br,rio grande,187842
us,ukiah,15825
us,lemon grove,24802
ua,buchmany,792
ru,uspenka,3217
pl,dobre miasto,10514
sv,ozatlan,4171
ro,calugareni,1425
pt,fiaes,8708
ro,vanatori-neamt,8707
ro,savadisla,4433
pl,bystrzyca klodzka,10589
ph,mahala,2427
it,borgo san dalmazzo,11857
gh,bibiani,19076
de,oldenburg,160347
de,stephanskirchen,9812
bf,gayeri,2004
de,herzberg,13510
br,parelhas,16377
de,querfurt,9436
ua,letychiv,10669
ru,kotovsk,33077
ro,jupanesti,2388
ph,nangalisan,2297
hn,chirinos,921
ro,nufaru,2388
ph,santol,6435
ca,kensington,1424
de,rendsburg,28814
tr,sarkikaraagac,32785
no,tretten,872
my,masjid tanah,29185
mx,san sebastian el grande,15465
gr,kaparellion,1478
co,bajo baudo,6168
ca,powassan,1243
us,kearns,35345
ru,verkhniy fiagdon,1102
ph,pangpang,2306.5
gb,kingswood,64793
fr,roncq,13251
au,ballina,14248
ca,vernon,47275
ru,yermish,4598
ru,barashevo,3651
ph,santa margarita,4825
in,mugma,3195
in,kulu,19832
br,quatis,10289
ee,haljala,1233
cd,kinshasa,7787832
de,hagenow,12253
pe,cusco,313210
hn,saba,9666
de,isselburg,11274
cl,vina del mar,294553
tz,magole,18753
ru,kachug,7532
ph,malabang,4354
hn,pena blanca,3552
bi,karuzi,10705
ro,manastirea homorului,3573
ph,santor,3448
ph,magatos,5770
no,larkollen,1380
in,trimbak,10591
id,tebingtinggi,117547
au,sydney,4394585
cn,renqiu,98569
ru,krasnodar,649860
mx,pozo de gamboa,4178
gb,spalding,22357
cn,yangshan,57240
de,heinsberg,42409
ee,piira,371
br,santo anastacio,17233
us,kearny,39234
us,wheat ridge,30978
pl,glogow,68530
it,mugnano di napoli,32847
in,dharampuri,14179
gr,kambanis,1523
gb,portsoy,1688
fr,caluire-et-cuire,41524
ph,kaligutan,2789
mt,hamrun,10680
jp,hofu,116926
in,khirkiya,18500
fr,franconville,33870
cz,svetla nad sazavou,7158
sk,povazska bystrica,43936
be,oupeye,23594
br,labrea,19624
ru,soldatskaya,4651
pk,hasilpur,88056
no,alnes,203
de,coswig,15347
by,malaryta,9692
ro,podu iloaiei,9752
jp,ena,35689
it,cesena,92280
de,grenzach-wyhlen,13994
ru,ishlei,3160
no,raudeberg,707
mx,hermosillo,595833
ma,tarudant,84609
fr,blois,49510
us,sayville,16691
ru,sosva,10171
mx,toribio,3825
gb,oban,8082
ru,zabaykalsk,9767
mx,churintzio,3026
in,sira,57933
id,garut,122421
gy,fort wellington,2253
ru,karymskoye,11901
ru,kalya,6676
mx,chumayel,2982
jo,umm nuwarah,11677
in,lala,10942
et,awash,11415
au,hobart,204863
au,wollongong,260918
my,kerteh,24430
de,hechingen,19671
us,north fort myers,46482
us,la palma,16169
us,benton,24689
tr,orhangazi,51818
pk,basirpur,41630
fr,chauny,12374
us,el mirage,32308
hu,sukosd,3987
gr,skoutaros,952
gr,galatades,2459
ca,houston,2884
ph,diaz,4017
ph,baracatan,7298
hu,tapioszentmarton,5596
ee,kihelkonna,476
rs,prizren,159145
bd,morrelganj,31651
ar,san luis,184869
ro,nicoresti,6147
pk,bahawalpur,552765
mm,banmo,47920
kn,mansion,690
in,rath,61734
in,pattan,14971
in,bodh gaya,35192
gb,bedworth,29981
be,bilzen,29622
us,ridgefield,10932
us,weston,31005.3
tr,talas,36908
ru,vysotskoye,3078
ro,dragomiresti,4649
pa,guarumal,1526
id,sewon,73592
us,waimalu,29662
ru,nizhniy tagil-39,9508
it,mondovi,22457
de,balve,12288
cz,ostrov,17453
ro,topoloveni,11039
gt,chimaltenango,80680
co,manaure,9703
bg,iskar,4109
mu,baie du tombeau,13153
jp,ueno,61599
ie,kilmallock,1523
ge,gurjaani,9467
fr,chalons-en-champagne,46981
us,beaufort,12256
ro,ruginoasa,6220
pl,sroda wielkopolska,21757
jp,maebaru,70339
in,nawalgarh,58350
ch,stans,7620
de,seligenstadt,19711
it,francavilla al mare,26335
gr,othonoi,761
br,neopolis,12422
us,garner,21959
kn,cayon,788
hn,el corozal,1039
fr,metz,128021
tr,urla,45222
ph,irawan,4141
mx,ecuandureo,5098
ie,kilcoole,2869
ge,tkvarcheli,17847
de,schrobenhausen,16177
ao,chissamba,7677
co,narino,2444
us,east chicago,30662
ru,sedelnikovo,4994
pk,topi,36343
ph,balaogan,2841
jp,fussa,62297
fr,avion,18305
ca,smiths falls,10553
tr,menemen,53518
ru,tumannyy,896
ru,tolmachevo,3641
ru,sobinka,20459
lu,esch-sur-sure,333
jp,miura,51484
at,gotzis,10342
bw,dekar,1043
us,south valley,39508
ro,somes-odorhei,2993
in,bhowali,5686
br,sao borja,59614
ro,ladesti,2188
pt,oliveira,6222
in,perundurai,17488
bg,alfatar,1941
co,lourdes,1500
ba,bihac,75641
br,campos novos,22563
za,ritchie,9960
us,laguna niguel,66291
ua,molodizhne,1541
ro,liteni,9833
py,capitan meza,963
pt,palmela,16934
ph,penablanca,2983
no,roverud,882
jp,nabari,88129
gr,sevastiana,1561
uy,fray bentos,23566
ru,mogocha,12648
ru,dyatkovo,33339
pe,camana,16509
no,hovin,592
kz,tekeli,22470
br,birigui,102279
de,kelheim,16227
us,copiague,22309
ru,uyskoye,7668
ro,lelese,505
pa,alanje,1361
hu,zalalovo,3195
dk,gilleleje,5799
pl,stalowa wola,66495
in,raybag,17390
gr,gorgopi,913
es,cardedeu,13822
ph,unisan,4764
at,amstetten,22832
us,yorba linda,64778
ru,veshkayma,7087
ru,artyk,612
ph,tiglawigan,6848
ie,dunboyne,6718
gr,eratira,1383
gb,turriff,4711
am,zhdanov,1512
co,ovejas,13284
ro,schitu,2669.5
py,caaguazu,54814
pl,zabkowice slaskie,16321
gn,koundara,13989
gb,slamannan,1195
de,bad schwalbach,11259
co,quipama,3571
us,lake worth,35817
ru,yurty,5902
ro,ocnele mari,3554
pk,mirpur bathoro,8867
de,pasewalk,12059
an,westpunt,783
am,nshavan,1916
tn,jammal,39990
ph,santa teresita,2568.67
nl,nijkerk,37845
at,klosterneuburg,24843
us,morton grove,22968
jp,iwanuma,42411
in,malur,30680
de,bad neuenahr-ahrweiler,27972
co,carmen de viboral,21152
ee,olustvere,647
us,palestine,17930
it,carate brianza,17114
gt,santa lucia milpas altas,12711
gr,oinofita,2971
gb,harlow,94365
cn,jiexiu,77178
us,pleasanton,38019.5
ru,ust-charyshskaya pristan,5647
ru,pestretsy,7311
ru,alikovo,2886
pg,namatanai,1376
mx,villachuato,4310
al,bajram curri,7967
pl,wielun,24384
ph,san aquilino,3151
in,uttarkashi,17125
gb,chester,81313
ru,poykovskiy,28080
ru,nakhabino,27985
ru,chelyabinsk-70,50086
ph,tagkawayan,7684
ph,molave,21089
ni,nindiri,10496
in,champa,41257
hn,bejuco,1276
gl,igaliku,49
gb,lockerbie,3986
ee,kolkja,397
ro,bisoca,2915
id,negara,33192
fr,saint-pierre-des-corps,14679
ca,swift current,14702
ws,faleolo,16
tr,ordu,116846
ro,barcanesti,6580.5
no,nesbyen,2067
rs,arandelovac,24674
ro,moisei,8877
in,multai,22031
gr,yerakion,1323
gr,perakhora,1246
fi,joutseno,10603
es,castilleja de la cuesta,16672
bd,lalmanir hat,65135
ru,darasun,7755
gb,cairneyhill,2660
br,tamandare,17954
ro,predeal,5270
ph,guindapunan,2279
ph,banog,3700
mx,huatabampo,30428
mk,velesta,8646
gb,tyldesley,35932
gb,bicester,35902
br,mato verde,7783
de,garmisch-partenkirchen,26346
us,agawam,28761
us,concord,61408.2
ru,kozlovo,4248
nl,schijndel,24324
it,pescantina,14175
in,deoband,88180
ca,wallaceburg,10693
at,traun,23959
pl,brzeszcze,11787
ph,santa lucia,4471
gb,ballachulish,633
ca,forestville,3570
us,lake zurich,19903
ug,kamuli,12763
tz,misasi,14170
tj,isfara,37742
ph,langatian,3518
no,sjoholt,1123
in,nangal,44179
co,tiquisio,4255
ar,cordoba,1441007
br,ivoti,18172
us,orangevale,27318
ru,olonets,10006
ph,catablan,5090
id,pundong,24082
us,laramie,26934
ro,band,7599
pl,mragowo,21965
jp,shirakawa,48340
is,hnifsdalur,409
gr,kipia,737
al,burrel,15539
za,ilinge,10899
ro,movila,2195
ph,lintangan,3211
pa,sona,7401
mx,indaparapeo,6907
in,belgaum,428756
gb,failsworth,20210
bg,teteven,10697
br,mandaguari,38239
ru,tugulym,6139
ru,polessk,7835
ro,salcioara,3360
pk,kanganpur,21787
ph,santa cruz nuevo,4731
in,annigeri,25755
ro,sebes,27246
lu,abweiler,75
gr,volos,84427
cn,jiangdu,83936
mk,kicevo,31124
in,goregaon,6946
gr,thermon,1958
gr,kefalos,2528
es,villafranca de los barros,12442
ru,tisul,9249
ph,canjulao,2693
hu,anarcs,2021
gb,brynmawr,14924
co,lejanias,5157
tj,gafurov,14482
lu,hassel,436
id,lebaksiu,33607
es,elgoibar,10551
de,langwedel,15200
hn,el rincon,1522
gb,melton mowbray,26405
fr,harfleur,8175
be,lille,15466
ru,tuzha,5002
ru,nikolo-pavlovskoye,4721
gr,makriyialos,2009
fi,seinajoki,32149
th,phan thong,18708
us,rossville,12804
ru,myshkin,6061
ru,chernyshevsk,12466
pt,famoes,9435
mx,poncitlan,13069
ke,mumias,45492
in,hoshiarpur,158154
gr,megali vrisi,963
gb,kirkconnel,1993
gb,accrington,35318
gb,aberdour,1742
fr,niort,56715
us,salisbury,26522.5
mx,silao,65198
ve,ocumare del tuy,166112
uz,hazorasp,17643
tj,shurob,3988
ro,cozma,632
pk,pakpattan,126743
id,tanggul,35909
be,remicourt,5050
tz,biharamulo,34038
ru,kamyshla,4789
hu,kadarkut,2740
us,richton park,13049
nz,paeroa,3994
ke,malaba,8383
in,mahmudabad,45925
gr,kato khorion,1110
br,ortigueira,11541
br,lucelia,14807
ua,pomichna,10539
th,chiang khong,14505
ru,urvan,5484
ro,suatu,1923
hn,el progreso,100821
br,moju,21511
ru,bayanday,2854
pe,santiago de cao,22081
id,wlingi,29582
de,sankt augustin,56258
fi,lempaala,18096
cz,dobsice,2333
ru,leninogorsk,66264
ru,gayny,4331
ph,maquiapo,2307
it,castrolibero,10495
in,kutiyana,16879
cf,gamboula,8028
co,quibdo,75105
ru,khunzakh,3955
ru,chaykovskiy,86714
pk,gwadar,51907
it,meda,22048
in,alot,23136
gh,saltpond,18794
us,south lyon,11450
th,chiang rai,78756
pl,boleslawiec,40682
pk,hazro,26308
ph,tagbilaran,86421
ph,manaul,3011
lv,ligatne,1433
it,soresina,8947
in,bapatla,70125
ca,tofield,1911
af,geresk,43638
us,edinburg,60509
tz,mpwapwa,19806
ru,pizhma,4266
ru,lebyazhye,5082.25
in,mudigere,9323
id,tomohon,27623
bo,eucaliptus,2373
us,santee,52600
ru,kugulta,5564
no,misje,227
co,bolivar,7296
dm,wesley,1997
de,oberndorf,14890
tr,eskil,27061
sd,sawakin,28570
rs,petrovac,7920
is,grenivik,300
de,fellbach,44142
co,corinto,16579
si,ankaran,2895
ph,looc,2721.8
no,lena,1122
jp,higashine,45779
hn,lomitas,1552
ro,pogaceaua,1952
no,lyngseidet,840
nl,zevenaar,25576
it,mandello del lario,10196
ee,luua,432
ua,vorozhba,7915
ro,marghita,18935
no,tomra,1152
mx,frontera hidalgo,3364
ca,saint-jacques,2985
cd,binga,60037
be,schelle,7675
ve,anaco,117605
us,candia,4405
ru,davydovo,10606
th,pa daet,13624
ru,kazachinskoye,3284
nz,tairua,1588
nl,enkhuizen,17943
mx,mulege,3851
in,bharuch,153538
in,sindi,13637
gr,skhimatarion,5007
co,chiquiza,730
ru,orlovskiy,10814
ro,cernat,3963
be,vosselaar,10317
co,cerete,55514
et,debre zeyit,104234
ba,teslic,6404
ua,lyubashivka,9426
ro,covasint,2613
ro,cizer,2420
no,lauvsnes,441
ng,nsukka,111026
it,olgiate olona,11628
am,dalarik,3080
br,forquilhinha,23021
br,envira,9957
be,erquelinnes,9396
uz,urgut,47373
hu,pacsa,1878
hn,la union,2087.67
cz,znojmo,35791
sv,tacuba,5055
ru,pestyaki,4172
ru,kodinsk,15672
mx,cacahoatan,14404
it,savignano sul rubicone,16276
ee,aegviidu,910
sa,jizan,79946
ph,loon,9485
ph,alannay,2128
it,bagnara calabra,11165
us,tustin foothills,24257
sv,intipuca,3540
ro,doljesti,7359
nl,wageningen,35080
jo,wadi musa,15618
us,westview,9779
ro,ulmeni,5205
ph,sulucan,5703
lt,uzventis,827
gr,koroni,1620
bd,gafargaon,34181
jm,port antonio,14235
hu,putnok,7501
br,juquia,13497
us,lynden,10816
ua,konotop,91797
si,trbovlje,15993
ru,medvezhyegorsk,16773
ro,hunedoara,69136
ph,comillas,3978.5
cn,haikou,364240
ro,manastirea casin,5505
pt,figueiro,4579
ir,kermanshah,766742
in,devadanapatti,14190
de,bergen,14103.5
lu,larochette,1410
dk,egtved,2151
ch,lugano,26327
us,marlton,10307
se,vaxjo,53607
cn,chuzhou,280582
us,wentzville,17610
ru,kyzburun pervyy,5833
ro,scorteni,4577
no,vagsvag,223
jp,ashibetsu,19108
it,galliate,14035
am,aygehovit,2888
be,kortenaken,7374
zm,mazabuka,64014
pk,okara,223714
pk,gujrat,301595
ph,toboso,13006
ph,matacon,3976
mx,escuintla,8989
in,chandigarh,914374
ar,san martin,107554
ci,bangolo,17712
us,muscatine,22529
us,american canyon,15513
ph,unidos,2107
mg,fandriana,31437
it,racale,10502
id,kebonarum,21745
ch,visp,6560
br,cantagalo,14019
ru,barybino,3994
kz,chingirlau,6218
gw,cacheu,10490
gt,palencia,18192
es,cocentaina,12404
br,sao jose do rio pardo,46990
tj,naugarzan,877
ru,krasnoyarka,4006
ro,pogoanele,7778
pk,kot addu,104247
jp,gyoda,86344
in,shirgaon,5844
hu,nagymaros,4629
es,segovia,55902
tz,koani,2311
rs,ovca,2300
ro,optasi,3581
in,khachrod,31829
gr,vironia,858
co,el rosal,5552
ph,pidigan,2734
ph,bued,2431.5
ph,maonon,2942
ph,luisiana,4554
no,hoyanger,2293
jp,katano,82027
it,monte san pietro,12106
cn,heihe,109427
ec,calceta,17286
sd,khartoum,1974780
ru,pirovskoye,3241
ph,malilipot,19450
ph,maguyam,5437
iq,dahuk,129127
in,panna,46796
de,weilburg,13833
ru,koyelga,4053
ru,dagestanskiye ogni,27835
dk,sabro,1977
ch,porrentruy,6453
de,eggenfelden,12988
us,oakland park,31605
pt,vale,5058
mx,xochitepec,16768
cn,xinye,61633
ro,todireni,3579
py,san carlos,706
ph,bacnotan,3142
no,oyslebo,380
jp,toride,80717
in,rapar,21507
us,washington terrace,8349
ru,nizhniye achaluki,5248
ro,ernei,5141
ro,albesti-paleologu,5695
gr,ardassa,934
et,asayita,20342
us,red bank,11741.5
ru,sudogda,13277
py,yaguaron,7182
fr,narbonne,47433
us,easthampton,16611
id,meulaboh,35063
us,barre,9040
us,ringwood,12862
sd,raga,3700
gr,yialos,873
co,abejorral,7360
br,macaparana,14363
us,culebra,1486
ru,vyshkov,2881
py,carmen del parana,4196
ph,cagliliog,2738
no,ottersbo,339
hu,kiszombor,4131
gr,agrafa,820
gb,selkirk,5629
am,mrganush,1032
ua,pomoryany,1449
si,ravne,7671
pk,taunsa,44867
pf,arue,9492
ie,loughrea,4296
br,riachao das neves,11236
co,yumbo,71438
uz,kuva,33167
ro,manoleasa,3705
ph,talibon,11209
ph,cuanos,2205
pe,urcos,5504
in,faizabad,153062
de,kamen,46076
ro,andrieseni,4501
ph,buer,3088
ws,samusu,686
lu,hagen,978
ch,glarus,5889
ca,deep river,4296
ca,burns lake,2635
ru,krasnoselskiy,7558
pk,shahpur chakar,21447
mu,bananes,652
in,kishtwar,20561
cz,jablunkov,5911
ru,mugreyevskiy,917
ro,scanteia,4245
ro,hodosa,1390
pk,dhadar,15091
am,geghamavan,1597
de,remagen,16360
ro,floresti,5912
gr,siatista,5612
br,arapiraca,166566
de,lingen,51577
ca,atikokan,3760
cu,el cobre,4768
us,waldorf,27254
sk,vrable,9493
rs,aleksinac,16652
ph,camudmud,2189
ch,bagnes,7114
ci,bongouanou,38756
co,rio de oro,6122
us,alexander city,14993
ru,karsun,8128
cn,xinyu,97480
ee,tsooru,313
cz,hranice,10960
ua,molodiya,3691
ru,makhachkala,497967
ro,gorbanesti,3587
it,cattolica,16157
co,puerto asis,29783
de,nottuln,20256
my,ulu tiram,75396
jp,susono,55545
jp,kamo,32129
ie,ratoath,4084
se,borlange,38757
ru,dedovsk,27001
pk,dera ghazi khan,236162
ee,saverna,398
hn,san jose,1716.33
ph,lungog,2097
in,kolaras,17176
ee,lehtse,493
et,gidole,10736
ru,tarko-sale,18568
ro,gataia,8002
ph,limao,2123
mz,angoche,74624
ca,preeceville,1003
br,sao joao da boa vista,76541
ca,neepawa,3151
ru,cheremisinovo,3983
it,rosarno,15558
fi,raahe,22217
cd,aketi,35158
cz,hluboka nad vltavou,4514
cn,duobao,90257
us,fountain valley,56133
re,sainte-rose,7036
mx,coacotla,6428
ly,jadu,6013
lu,kopstal,657
dk,nodebo,1875
us,port hueneme,21417
sv,conchagua,3034
sa,najran,125637
nl,meerssen,19932
nl,lichtenvoorde,19949
it,favara,31846
in,diphu,57099
gq,malabo,156039
bg,isperih,8276
us,flint,117258
ro,dridu,5111
mx,cruz grande,9876
in,kotdwara,27012
br,imaculada,4014
fr,floirac,15928
be,vorselaar,7238
ee,hulja,569
us,mamaroneck,18153
us,charleston,58202.7
ru,khokhol,4876
no,sylte,318
jp,oga,28304
it,nova milanese,23655
gt,cunen,8227
gb,aberfeldy,1937
it,la maddalena,11885
us,valley station,22756
ro,nanov,3545
gp,lamentin,14892
ru,gryazi,47414
in,damoh,118789
gr,esovalta,988
co,carcasi,862
co,caramanta,3044
bg,levski,13203
ca,davidson,967
am,aknashen,1362
ph,limay,52823
ph,hingatungan,2019
mx,jacona,48984
lv,auce,3125
jp,yamaga,32298
de,much,15327
us,allen,75868
ro,voloiac,2038
it,gaeta,22566
hn,el chichicaste,1671
cz,doksy,5041
ru,ust-kachka,3991
pk,tandlianwala,38296
in,dighwara,29273
be,virton,11259
es,llanera,12124
us,altus,20278
in,chilakalurupet,94021
br,sao jose do campestre,10254
de,illertissen,16623
ro,glina,7227
ph,tagdangua,4116
pe,huicungo,6788
hn,la playona,1285
gt,el jicaro,4155
gr,kastella,1370
gb,east grinstead,26523
cz,velke hamry,2709
br,buri,15959
pl,krosno odrzanskie,12178
ph,legarda,4016
ph,claveria,8195.67
no,sander,319
my,bemban,14329
in,sundarnagar,25340
eg,rosetta,64489
dz,sidi ali,25309
am,kaputan,1252
us,beaver dam,14856
sd,kapoeta,7042
mw,nkhata bay,11722
it,cisterna,35945
fi,rovaniemi,34781
co,algarrobo,10042
pl,minsk mazowiecki,37027
jp,toyo,32475
id,probolinggo,181678
bo,punata,15195
ro,teslui,2822
lu,gonderange,1469
cz,nymburk,14498
us,lake ronkonkoma,19884
us,farmersville,9743
pt,tavira,13871
ph,sinala,2802
in,samalkha,35622
us,walker mill,11364
pl,zielonka,17518
kz,ekibastuz,144133
cz,skutec,5322
br,londrina,471836
ru,sarmanovo,6339
ro,valea ciorii,1996
mx,lo arado,4005
de,grobenzell,19181
tz,shinyanga,107365
si,lesce,2788
ru,cheremshan,5646
fr,wittelsheim,10164
ru,lyskovo,23570
ph,macarse,2311
us,hillside,22155
sl,motema,8502
ru,zonalnoye,3500
ua,derazhnya,10058
ro,boroaia,4737
in,sardarshahr,86678
vn,thai nguyen,133882
ua,kyrylivka,1422
ro,darvari,2990
it,orvieto,21573
in,minjur,24674
in,koratla,60238
in,khour,6690
cn,shihezi,572772
py,coronel bogado,9831
id,paseh,126287
py,laureles,708
pt,vila frescainha,4018
pt,pampilhosa,4512
pk,tangi,29447
in,sarka ghat,3944
hu,matranovak,1972
gr,monastirakion,1299
gr,goumenissa,4010
ec,otavalo,32330
br,campo largo,94669
ua,nyzhni petrivtsi,2887
ph,alibunan,2798
at,kuchl,6668
ua,kiev,2514227
mx,luvianos,9247
hu,sandorfalva,7738
gp,pointe-noire,7750
es,pontevedra,77595
az,pirsagi,5102
ru,oyek,3380
pk,kahuta,22550
eg,sohag,209440
am,karbi,3521
co,pasca,3169
md,nisporeni,14692
gm,kerewan,3017
br,itamaraca,14969
zm,siavonga,18651
ph,salamanca,4994
in,baheri,63959
ch,volketswil,14592
us,pahrump,40349
tz,chiungutwa,12764
ph,yook,2820
it,campi salentina,11120
gr,aravissos,1513
am,gay,3309
us,scituate,26400
ru,uporovo,5299
nl,kollumerland,13781
az,agstafa,12542
am,maralik,4959
us,san marino,13314
ru,yurino,4199
mx,doxey,6339
jp,chino,56567
in,kalka,32207
id,kendal,50637
bo,san matias,6352
us,jackson,59003.2
us,acushnet,10850
pe,rioja,25170
ec,pimampiro,7408
uz,karauzyak,27081
ua,hornostayivka,6762
ro,barla,5795
it,syracuse,127666
gr,amarinthos,4360
cz,trutnov,32085
ch,aarburg,6484
tz,mafinga,34958
mx,xiloxoxtla,3454
gb,seaham,21170
br,paripiranga,6965
co,timbio,9606
us,bluefield,10945
gr,kostakioi,1417
ws,letui,273
us,applewood,7533
ph,lampitak,2266
cz,mlada vozice,2721
ca,portneuf,2694
ru,teguldet,4801
no,valer,1167
ru,kangly,3494
in,ramjibanpur,18319
ru,sverdlovskiy,5636
lu,kayl,4396
rw,kibuye,48024
ph,busay,5503
in,mulki,17260
hu,balatonkenese,3326
br,itaobim,15938
us,hagerstown,37313
ru,yeniseysk,19920
pl,jaworzno,96541
mz,matola,543907
mk,struga,37388
id,mentok,26708
gt,san jose del golfo,4807
gr,ligourion,2817
do,sabana grande de boya,16835
ph,san luis,9254.17
ph,new bohol,3749
mx,tacotalpa,7460
mx,alvaro obregon,6549.5
br,cajueiro,15063
us,ashwaubenon,16842
ru,vitimskiy,885
ru,kitoy,3953
in,jaypur,80844
gb,cramlington,29985
de,leinfelden-echterdingen,37210
ru,ukholovo,5558
ru,kuloy,6557
ru,krasnovka,3966
pt,batalha,7910
ph,barayong,2433
pa,volcan,11246
in,jarwal,17577
in,baghpat,41770
hu,deszk,3245
gb,exmouth,35154
dk,klarup,3352
dk,bullerup,2982
es,salt,24145
us,south yarmouth,12162
th,krathum baen,72819
ph,hacienda,2540
mx,nuevo ideal,8623
md,dubasari,16180
de,annaberg-buchholz,22849
ru,velsk,26162
ph,pagalungan,2936
mu,ecroignard,5952
in,ajaigarh,14642
gr,vilia,1967
co,jambalo,1972
us,xenia,23351
us,mission,35485.5
ro,orasu nou,6737
mx,rio bravo,85485
mx,huaquechula,3380
mg,beloha,23021
in,kothi,7796
cf,ouango,5453
us,babylon,12839
tr,viransehir,154244
sk,svit,7445
pf,pueu,1968
jp,komae,77643
in,balrampur,77404
ie,drogheda,33441
gb,pitmedden,1246
fr,saint-gilles,11995
es,almendralejo,27423
us,olean,14823
ru,zaton,3157
ru,ulu-telyak,3287
ru,onokhino,3012
mn,baruun-urt,15808
es,almoradi,16415
de,bad berleburg,20830
ph,tinampo,2590
ro,suharau,5356
in,hosangadi,2609
cz,oslavany,4527
si,vrhnika,7623
ru,pavelets,2152
ru,novoasbest,2394
ru,khvoynaya,6637
pl,dabrowa tarnowska,11291
gr,omvriaki,1213
be,bastogne,14395
ph,union,2875.5
ph,pagsangahan,13572
nz,dargaville,4672
jp,kani,97471
hn,sambo creek,2532
de,weiden,42387
es,ripollet,32670
ru,suoyarvi,10834
ie,cahir,3057
gr,tragana,1320
cz,jevicko,2817
ru,aleksandrov,64089
it,ruvo di puglia,26385
in,utran,14856
cd,lubao,43065
us,lower burrell,12476
ru,chegem vtoroy,10951
ph,tucdao,2424
mt,zejtun,11549
id,babakan,124801
ee,tali,345
us,hobbs,28013
ua,svalyava,16507
lk,matara,43233
hu,hort,3797
gr,filiates,2129
gh,elmina,25560
cn,longfeng,152074
ua,malokakhovka,2862
it,lecce,79259
gr,pentalofos,2107
ee,klooga,983
at,leoben,24809
ph,kulaman,3380
ee,kehra,3183
de,rotenburg,18227
us,sutton,9215
ph,palhi,2185
ph,langpas,2378
nl,axel,12421
in,bakani,8621
gh,anloga,29748
us,avon park,8777
ru,sharoy,203
ph,san juan de mata,3131
cn,nongan,98087
es,bilbao,349270
br,pilao arcado,6715
us,cohoes,15183
ua,orikhiv,17287
mx,chiapa,18294
in,thana bhawan,33502
ca,okotoks,14827
ro,bolvasnita,1525
ph,limbo,4841
gr,elatia,2449
ru,yelnya,10947
ru,pesochenskiy,547
ro,nereju,4202
ie,carrigaline,12902
id,panji,42789
us,oskaloosa,11104
ua,avdiyivka,35826
ru,kochkurovo,3185
pk,bat khela,46082
lu,tuntange,605
gb,kinross,4691
fr,saint-ouen,38590
br,piedade,27913
tw,kuanhsi,34720
ph,tugaya,2501
ph,malhiao,2678
nl,nijmegen,158707
mx,galeana,6292
ke,kipini,4114
gr,aliverion,5184
cl,panguipulli,16312
cl,diego de almagro,18137
ru,lobva,8403
ro,vintila voda,3367
ro,merei,7137
ro,draganesti de vede,2237
ru,dubovyy umet,3105
mx,el espinal,7616
it,lecco,47113
in,dariba,3076
am,tumanyan,1693
ro,parincea,3836
ro,berevoesti,3385
in,pallattur,8187
in,mustafabad,8975
us,gadsden,36821
ua,velykoploske,3192
ro,dofteana,10785
mx,san simon de la laguna,4441
jp,shiogama,59526
de,greiz,23931
de,dresden,480801
br,caceres,73431
br,valenca,62189
tz,mtimbira,11122
tn,talah,16068
si,skofja loka,12013
ph,cafe,2339
lu,stockem,119
us,goleta,28351
ph,balayang,2923
rs,batocina,5622
pa,montijo,1873
gr,zarkos,1407
co,socorro,17752
ro,turdas,1931
lu,schouweiler,1090
in,jhajjar,44125
hu,tiszadada,2505
us,keizer,35537
tz,same,17455
no,noresund,367
in,byadgi,27722
fr,roissy-en-brie,20799
sv,concepcion de ataco,7797
ru,sorochinsk,30731
br,aquiraz,65117
be,nandrin,5480
ru,novyy yegorlyk,3739
no,bjornli,288
co,morelia,2257
de,kehl,34493
ro,pilu,1943
ph,estancia,7379
pe,torata,7086
mx,el carrizo,4931
il,hurfeish,5252
co,olaya,710
de,gronau,46061
ro,poiana vadului,1276
in,polur,26293
us,panthersville,12675
ru,kastornoye,4390
ng,inisa,164172
mx,san nicolas guadalupe,5228
mx,las guacamayas,39448
bo,mineros,14386
us,wauwatosa,45453
tt,arouca,12054
co,guapota,564
jp,akishima,107926
in,paradwip,85875
id,singkang,59524
ph,dumarais,3587
az,xocali,5810
us,grand prairie,141122
ug,kotido,17336
ru,georgiyevskoye,2744
ph,alugan,2131
br,brasileia,11200
cr,san ignacio,3072
tn,silyanah,26965
sd,ler,10486
ru,vladimir,310027
ru,kuminskiy,2860
ro,secaria,1341
ph,san marcelino,18721
fr,ormesson-sur-marne,9710
ee,kunda,3764
es,aranda de duero,30326
nz,kaponga,357
gb,livingston,53798
bs,matthew town,452
cz,navsi,3750
ru,arkhangelskaya,9144
it,latina,124330
hu,delegyhaza,2506
gr,episkopi,967
bg,kricim,8478
tz,missungwi,35530
ro,resita,81229
gb,plymouth,247298
dm,pointe michel,1202
az,xanlar,17816
de,meiningen,21570
ph,tabina,5074
nc,poindimie,5157
jp,hayama,31136
in,sikandarabad,73386
gr,marathokambos,1268
cz,tynec nad sazavou,5374
ee,haiba,395
br,taruma,10337
gb,carmarthen,15244
de,sulz,12834
ca,norman wells,1027
us,catalina foothills,71589
in,pallipattu,8912
hu,pilisszentkereszt,2224
fr,le havre,188605
bf,leo,21151
ni,condega,10067
ua,odesa,1001553
pl,ciechanow,46438
mx,tenancingo,22617
mk,rostusa,9147
fr,bourg-les-valence,18645
ru,omutninsk,25364
pl,orneta,9412
ph,adela,3926
in,ponnampet,6117
eg,benha,167070
cl,valparaiso,282450
ua,sloboda,2949
ro,dej,38033
ph,tabing,2345
gb,prestonpans,7145
ph,tabuating,4120
nl,hardenberg,58361
ru,koshkeldy,5221
ru,amazar,2527
nl,nieuwkoop,11010
jp,hatogaya,53063
us,milford,25404
it,varedo,13151
us,hillcrest heights,16253
ru,lesnikovo,5864
nz,rongotea,631
it,chioggia,53074
hu,sajolad,3001
ca,huntsville,7972
az,qarayeri,5565
es,bolanos de calatrava,11535
am,sovetakan,1613
us,west chester,17545
ph,anulid,2177
no,fjelldal,327
ca,chase,2471
bw,mogapi,1917
mx,san carlos,13054
in,mubarakpur,53268
bf,boulsa,17623
co,beteitiva,374
us,willow grove,16129
ro,diosig,9455
pk,multan,1437644
no,haddal,314
it,grammichele,12797
fr,mions,11171
br,mocajuba,16567
us,yuma,84316
nl,groningen,179995
in,mungaoli,20083
bs,rock sound,1396
ro,lapusnicu mare,1929
pl,zary,38779
nz,wanganui,40269
mu,montagne blanche,8661
in,uklana mandi,11909
de,peine,49776
ro,alunis,2768.33
pt,almada,34007
ph,buga,3666
in,sarkhej,30350
gt,comitancillo,19203
gr,mitropoli,1572
br,ibirama,18360
cn,acheng,144665
ca,rosetown,2309
az,basqal,1234
cz,breznice,3772
hu,dunaharaszti,16973
gb,balmedie,1814
au,mareeba,8403
uy,florida,34002
ru,neverkino,5105
ro,oltina,3030
gb,rotherham,117619
de,westerstede,22209
ru,beya,5338
mx,tetlanohcan,9832
lu,kapweiler,30
in,nagamangala,16761
in,khamgaon,94612
gt,morazan,2502
co,el guacamayo,428
sv,chinameca,8646
ro,campulung moldovenesc,19765
gb,whitstable,31166
co,magui,2892
br,igaci,6480
ru,blagoveshchensk,127768
rs,mokrin,5833
py,general delgado,1544
jp,kadoma,131729
hu,kalmanhaza,2086
za,senekal,39614
ke,kiambu,21267
it,gubbio,31742
ec,santa elena,42214
dm,coulihaut,1604
de,bad segeberg,16097
vn,viet tri,71462
ru,tsagan aman,5769
ru,shestakovo,1084
ph,gamay,9125
ph,dumalinao,3966
jp,uwajima,58972
in,gomoh,31398
ec,naranjito,34206
br,pocone,21485
bd,dinajpur,206251
br,ipueiras,17111
za,pretoria,1619485
ph,alicante,8606
pa,mulatupo,1303
mx,acajete,18068
zm,kaputa,2683
ru,pavlovo,33343.5
pa,el roble,1610
my,ranau,19296
jp,moriguchi,148352
in,amalapuram,52696
be,beaumont,6645
us,san carlos,26630
tt,penal,4899
pk,rustam,9048
ph,nagas,2785
pg,kundiawa,9383
in,rewari,112087
in,baran,87484
fr,persan,9138
ci,korhogo,172114
co,paime,799
ru,zykovo,3212
ro,lesu,2961
ph,mainit,3747.4
in,dahegam,40674
hu,hered,2039
ro,sighisoara,31429
ie,gorey,6040
de,tamm,12327
ee,rouge,442
us,riverton,20523.5
us,wolcott,16639
us,santa barbara,86681
ru,shelkovskaya,9602
ro,simleu silvaniei,15721
ph,infanta,4241
in,kaptanganj,12300
gt,san juan cotzal,10818
ci,man,140217
br,pirapozinho,21711
us,west plains,11050
ph,bugo,45787
it,cardito,20232
id,kalianget,23897
af,rostaq,25644
ba,vlasenica,4508
us,kings point,12201
ph,pundaguitan,2143
ph,binon-an,3442
mx,san pablo de las salinas,173565
mx,concepcion del oro,6523
hr,cakovec,15867
hn,rio esteban,1208
gf,cayenne,61642
es,fernan-nunez,9484
ca,three hills,3051
cn,taozhuang,60137
ru,moshkovo,10541
ro,gogosari,2244
ph,napuro,2507
nl,haarlemmermeer,131698
mx,huitziltepec,4419
mx,el verde,7556
cn,dancheng,65411
cz,vrchlabi,13155
ru,stupino,61000
ro,zagar,1197
ro,bucov,10279
ph,pinamopoan,2770
ph,patawag,2279
ke,wote,6133
br,cassia,14391
us,kennewick,62158
mx,coatetelco,9503
ke,kendu bay,434
hn,talanga,13492
fr,le bourget,12503
ua,shklo,5164
in,rusera,28784
gr,arta,19541
cu,sibanicu,16856
de,rosbach,11674
bg,batak,4103
ca,cornwall,25547.5
us,elizabethton,14958
ru,kuli,3893
in,warangal,557864
bo,san julian,7706
sn,gollere,2684
ru,vozhd proletariata,594
in,nasriganj,23287
in,bahjoi,33756
fr,guerande,15124
us,smithtown,27300
tz,mlowo,18737
no,torpo,389
us,ridgewood,24738
ro,martinesti,1035
ph,mantang,2081
ph,cabanglasan,5423
pe,campoverde,8985
mx,el coyote,8856
it,erice,25160
in,chhaprauli,19224
br,campina verde,13137
ru,romanovskaya,6885
py,mayor pablo lagerenza,1205
no,skibotn,500
gr,morfovounion,1271
br,santo amaro da imperatriz,18420
de,jork,11878
rs,brzi brod,4656
ph,bunga,2900
no,dimmelsvik,223
ca,bay roberts,13735
us,wildomar,16442
gb,chichester,28222
de,quierschied,14626
co,coper,814
ua,volchansk,19485
ru,murino,4977
ro,caianu,2536
ph,cagsiay,10173
in,neyyattinkara,88143
us,long branch,31524
sv,la union,26809
ru,toropets,14188
ir,rudbar,17085
hn,cuyali,1572
cn,baoshan,123791
us,fortuna,11162
ua,orzhytsya,3898
pa,villa carmen,1256
mx,taxco,53219
in,odugathur,8282
br,laranjeiras,23251
sn,bakel,10202
pe,san jeronimo,5635
de,falkenstein,9859
br,carolina,16229
br,cruz alta,65276
us,santa maria,85480
ro,ohaba,916
ro,ogrezeni,4893
ph,tiguion,3018
np,tansen,23190
jp,haebaru,34240
us,bogalusa,12695
tz,masumbwe,34780
in,sitapur,164451
cm,loum,177448
ro,giroc,4250
ph,cabinuangan,10777
mx,san luis potosi,677726
lt,priekule,1711
dk,storvorde,2796
gr,mitilini,28322
cn,yantai,719332
ba,lukavica,4084
us,east lansing,48371
ru,kytmanovo,4183
hu,tarnok,7990
gb,maidenhead,59463
ca,marmora,1678
co,lorica,40606
br,santa isabel do para,39284
us,lauderhill,59861
ua,zbarazh,12736
ru,kurkino,5944
hu,tompa,4844
gb,coalville,33288
ch,oberentfelden,6981
ro,carta,3167.5
in,siddapur,14769
ba,puracic,3461
br,itapema,36766
br,ouricuri,29318
us,parsons,11227
tn,jarjis,79334
ru,bamut,5148
pk,kohlu,11090
hu,konyar,2257
ca,bridgewater,8070
ru,kambileyevskoye,7770
jp,watari,36322
jp,mashiko,26045
gn,conakry,1871185
az,agsu,17209
bo,cotoca,18349
uy,maldonado,67188
ru,vstrechnyy,12
ru,ugleuralskiy,10169
ro,cernesti,3760
ph,beberon,2250
ie,carrick-on-suir,5710
es,plasencia,40337
de,hunxe,13707
us,merrydale,10290
se,karlshamn,18161
ru,kolyshley,8371
ni,la paz centro,20995
jp,hojo,27992
id,kisaran,129928
hu,nyircsaholy,2251
es,laredo,12871
bo,tipuani,2585
ru,akusha,4810
ph,quinabigan,2575
ph,maninihon,6150
mn,erdenet,79649
kh,phnum penh,1573523
is,reykholt,31
in,nurmahal,13155
cz,kaplice,7087
br,atibaia,110970
cl,nacimiento,21220
pt,sao pedro da cova,17011
pk,sarai alamgir,44133
it,campiglia marittima,13014
dk,malling,3339
ph,dimasalang,3018
no,slevik,983
mx,palomares,4465
br,curuca,10843
us,peoria,126186
tz,mbulu,13430
py,san cristobal,478
fr,ecully,17940
cz,jirkov,20648
ru,tazovskiy,5981
in,pusad,71593
cn,pingxiang,372123
us,silver city,9745
mx,naco,5193
lu,lamadelaine,2428
jp,takayama,66637
br,nova venecia,28363
th,mae sot,44563
ph,palanit,3358
fr,nancy,106857
ca,caronport,972
de,bexbach,19372
br,rio de janeiro,6023742
us,houlton,6703
ru,ushkovo,472
ru,belogorsk,34861.5
ph,magtaking,5946
lt,grigiskes,11556
in,kuppam,19856
at,horbranz,6414
ch,gelterkinden,5541
es,palafrugell,20830
ua,neresnytsya,3617
ru,yarkovo,6037
ru,taldan,3436
ru,pytalovo,6767
ma,agadir,656110
in,avadi,250066
hu,pilisszentivan,4218
ro,daeni,2506
in,mahesana,102675
gr,sitia,8707
gb,chatham,75510
bz,orange walk,15298
ru,kuybyshevo,5790
ru,baymak,17494
ro,girov,7396
pk,daro,10870
pa,gualaca,2754
in,belonia,16737
za,warrenton,17946
us,loves park,22650
ph,tigbao,2250.5
ph,maragondon,22973
fo,mikladalur,60
ru,omsukchan,4201
lu,grumelscheid,64
lk,hambantota,11598
ie,oranmore,1758
ua,pavlysh,4693
my,nibong tebal,40085
in,vinukonda,61332
in,bhimavaram,142979
gt,santa catarina barahona,3148
ba,zvornik,8024
us,prospect,9476
ph,balitoc,3121
si,ribnica,3482
be,mortsel,24525
us,white center,20716
ru,tyret pervaya,4082
no,vestby,5443
pl,wieliczka,18677
it,pordenone,48581
dk,dianalund,3605
de,kunzell,16356
us,barrington,11747.7
ru,aykhal,15267
ro,andrasesti,2272
lu,sandweiler,2522
it,mirano,27152
us,san lorenzo,16287
ru,teykovo,36016
ro,sancraiul-de-mures,6161
pt,povoa de lanhoso,5008
ph,kiblawan,4464
ie,tramore,9164
ca,bedford,2711
co,la merced,3851
ru,burtunay,4014
ru,alkhazurovo,5452
pt,viana do castelo,15555
ph,glamang,4467
ma,fez,1160239
in,parvatsar,15406
ru,petrovskaya,13340
ru,levokumskoye,11377
rs,urosevac,94278
in,udaipura,15474
id,sepatan,118434
ru,kardzhin,3154
ru,aktash,3374
ro,verbita,1583
no,etne,973
jp,yashiro,21554
ge,sagarejo,12174
ee,parksepa,737
za,somerset east,16155
us,de pere,23419
ph,sulop,6582
ph,panubigan,2110
hu,szentendre,23606
gh,prestea,31607
br,resende,111515
br,ipaussu,10833
ua,kapitanivka,2945
ru,krivosheino,6010
ph,sinisian,3703
mw,phalombe,2663
in,sitamau,13442
ba,lijesnica,3559
sb,lata,539
ro,ceplenita,4533
ph,baliton,5809
it,rimini,132031
it,fontanafredda,9796
br,ruy barbosa,21093
ve,san joaquin,41630
us,kaneohe,35424
ua,parkove,463
ru,okhotsk,5570
ph,conel,8519
et,bati,19263
cm,bangangte,65608
cl,calbuco,12490
de,holzwickede,17867
es,pozuelo de alarcon,83173
ru,boksitogorsk,17366
pa,la victoria,1163
it,marcianise,41726
cl,copiapo,129281
ru,solomenskoye,3096
ro,vartop,1818
ro,barna,1531
pl,sokolka,19080
mx,suchitlan,4190
in,khed,14830
in,hojai,36871
ua,shchebetovka,3213
ru,sernovodsk,3570
mu,triolet,23270
ca,saint leonard,1350
cn,yumen,84769
ru,koslan,2547
ph,bolong,4044
ph,bangkal,2288
gr,rizomilos,1594
de,oschersleben,19929
de,dobeln,21318
cz,slavicin,7127
co,el carmen,3048.67
us,east cleveland,25513
us,south portland,23893
ru,lutkun,3264
ru,altud,5578
be,nevele,11153
br,alto araguaia,8780
ws,taga,680
ru,lesozavodsk,41779
ro,rupea,5610
nl,woensdrecht,22318
ni,somoto,18581
nc,thio,2732
it,pisa,83803
bo,caranavi,14915
bg,loznica,2512
us,new brighton,21295
ru,sarai,6439
rs,grdelica,2371
pl,szczytno,26044
gr,ovria,5838
ca,saint paul,5321
br,vitorino freire,13267
de,bargteheide,14123
tn,safaqis,276293
in,nuzvid,53397
ht,saint-raphael,6002
br,quijingue,4293
bs,port nelson,91
bg,sopot,10141
dm,atkinson,2506
et,debre birhan,57797
us,eagan,64218
rs,pozarevac,42057
mx,tlaxcala,84674
in,guhagar,3425
gb,portpatrick,599
ru,ust-labinsk,44089
ph,amio,2349
li,triesenberg,2689
it,caselle torinese,16826
in,mandasa,9289
br,pancas,8184
ph,gumian,3695
mx,tepexpan,7061
hn,cedeno,1503
ca,georgetown,32372
br,porto walter,1816
ru,kotlyarevskaya,3887
pe,cascas,4318
in,kunnamkulam,63950
hu,budapest,1708088
gh,kintampo,22731
id,karanganom,50671
fr,saint-jean-de-maurienne,8671
cm,fundong,43693
am,azatan,4448
de,gaggenau,29800
gb,strathmiglo,926
dk,rodbyhavn,2145
de,alpen,12970
us,sioux city,83248
ru,susanino,3961
ru,kozlovka,8206
ro,rapoltu mare,2040
pa,finca cincuenta y uno,1000
mx,tepeapulco,14935
ma,kenitra,420534
bw,tshane,969
ru,dalneye konstantinovo,4902
mx,nativitas,6323
gr,vartholomio,3068
gr,koufovounon,883
pe,santiago de chuco,6790
pa,los lotes,1319
it,arco,15373
in,toda raisingh,22615
in,talwara,24754
de,soest,48720
sn,foundiougne,4718
ru,zhukovka,19691
ph,dangcagan,4864
pa,los algarrobos,1819.5
mw,chiradzulu,1580
us,ypsilanti,22191
tz,kaliua,12362
in,udhampur,80478
in,amarwara,13259
ie,tipperary,4976
hu,maglod,10144
fi,ylojarvi,22140
de,andernach,29089
us,highlands ranch,101565
ua,vladyslavivka,3326
fr,cannes,66687
es,baeza,15149
co,fusagasuga,88822
br,catu,39933
be,oosterzele,13151
br,paraibano,12364
ru,toguchin,21886
ru,oparino,4986
in,pokaran,21015
in,churu,103541
br,catanduva,109615
ru,privolnyy,3554
br,tiradentes,4439
bw,nokaneng,1763
us,sebastian,18953
ru,domna,6576
ro,baltati,5061
in,kalinagar,10729
cn,hushitai,61979
br,milagres,12588
tw,toucheng,31414
ru,nikitinskiy,2419
ro,bara,1728
in,nizamabad,159684
dk,billund,6160
br,itauna,77402
tz,usa river,18726
ru,krasnoarmeysk,25765
ph,alimodian,7302
in,pandaria,13875
ua,merefa,23679
ru,kudinovo,3381
pk,daud khel,26394
it,mogliano veneto,27612
in,madhupur,50677
gb,broadstairs,23283
es,mairena del aljarafe,36774
in,krishnanagar,145941
hn,reitoca,1094
de,kelsterbach,14146
ru,protvino,37330
hu,cece,2843
es,coslada,85168
us,bethel park,32474
pt,pinhal novo,23508
ph,mabay,3212
mx,coquimatlan,13061
it,caltanissetta,64189
in,sangod,19844
de,northeim,30751
ru,polovinnoye,4316.5
ro,mintiu gherlii,3806
pa,finca corredor,1372
mz,lichinga,109839
hu,boly,3642
br,soure,18212
mx,tlachichuca,7096
mx,pochutla,13078
it,novellara,12598
it,isola del liri,12893
br,trindade,58418
de,maisach,12623
th,bang rakam,16841
ro,razvad,8305
pt,alcochete,9705
nl,zelhem,11039
mx,platon sanchez,10169
be,wielsbeke,8828
br,lavras da mangabeira,17221
et,himora,19708
at,scharnstein,4631
us,chino hills,78211
ro,blajel,2419
re,le tampon,69989
mx,tala,30943
id,gatak,48964
hu,sajoszoged,2289
br,ibiapina,9205
at,hopfgarten,5314
us,dunedin,37020
tz,mbumi,4305
ru,garbolovo,3830
in,amarpur,17352
cr,alajuelita,13848
cn,ranghulu,226298
us,lansdale,16094
sk,vrutky,7298
ro,carjiti,787
no,opphaug,358
jp,yao,273216
gt,cantel,25485
ua,kehychivka,6404
ph,lao,2154
iq,kirkuk,601442
ru,selenduma,2562
my,kuala lumpur,1453978
hn,san francisco de ojuera,853
fr,epinay-sur-seine,45614
ar,mar del plata,645771
us,aztec,7001
pt,lourical,5085
id,madiun,186116
gr,kissamos,4205
us,casper,51507
gb,kirknewton,1755
cz,vlasim,12350
es,ubeda,33052
br,boa esperanca do sul,10787
bg,cirpan,17622
ba,turbe,4766
ru,medveditskiy,1475
ru,khankala,7925
ru,golynki,3782
ph,bunawan,8795.5
ph,alangalang,8095
nl,vlist,9874
in,varca,5079
cn,badaojiang,183880
us,tifton,15902
ph,okoy,3099
no,rora,493
cu,puerto padre,76841
bw,molepolole,63251
cz,ceska skalice,5384
ru,mazulskiy,1305
ie,passage west,4907
de,ludwigshafen,162514
vn,tuy hoa,69602
us,bastrop,12725
jp,ageo,219405
si,pesnica pri mariboru,813
ro,baru,3014
in,sholapur,997358
in,jandiala,25633
dk,vordingborg,8960
ru,bogovarovo,2327
pt,alferrarede,3654
pl,mielec,60993
mk,brod,5607
gr,karistos,5091
gb,kennoway,4596
es,lugo,85450
co,condoto,9898
us,los alamos,11761
us,silver spring,77951
tr,elmadag,25407
ru,starodubskoye,4104
ro,ceica,4028
ph,benito soliven,4926
lv,aluksne,2264
ch,herisau,15444
ng,bauchi,316173
lu,schwebsingen,307
co,oicata,327
us,haddonfield,11568
tz,mvomero,31324
ro,turceni,8458
ph,mindupok,3437
in,umreth,32804
in,bongaigaon,64905
gb,ramsgate,38624
co,medina,3098
co,natagaima,11217
ch,oberriet,7717
th,wang noi,15865
th,tha maka,52907
ro,jitia,1717
ro,castelu,7816
pt,machico,12567
pk,qadirpur ran,20406
gy,mabaruma,717
mx,apango,3863
ca,sainte-anne-des-monts,5602
us,glenn heights,8569
sr,moengo,7345
ro,stulpicani,6234
mt,valletta,6794
it,ottaviano,23161
in,kedarnath,508
de,sinzheim,11131
us,taft,9295
ro,nasaud,10380
nl,veenendaal,63119
nc,dumbea,21031
de,schriesheim,14448
ru,rudnichnyy,3734.75
ru,mstera,5470
pl,walbrzych,127431
pk,phulji,7878
pk,amangarh,25725
it,forio,15939
il,kabul,9301
es,pilar de la horadada,14874
us,south river,16480
tz,mkokotoni,2572
tr,ahlat,64725
no,farsund,3088
in,raya,20010
in,betul,91963
bw,sefophe,4114
br,lapao,11253
hn,el ermitano,947
fi,huittinen,8952
be,lubbeek,13574
us,bon air,16268
us,simi valley,119417
ru,cherepanovo,20125
pk,doaba,8894
it,borgomanero,20133
br,raul soares,13210
ua,ovruch,16398
no,bekkjarvik,371
ie,dunmore east,1795
co,muzo,7977
de,kirchen,9354
ru,yurya,5982
nl,woudenberg,11182
gr,peristera,1137
de,schwieberdingen,10308
us,collierville,37854
ru,petropavlovka,6525.5
hu,nyiracsad,4047
fr,anzin,14153
de,fallingbostel,13639
ba,todorovo,9560
us,ravenna,11327
us,fort oglethorpe,8463
ru,khatanga,3205
rs,kac,11635
pm,miquelon,1141
ph,liloan,3535
mx,luis moya,5856
id,dumai,143775
gr,nenita,1032
fr,le plessis-robinson,21931
de,ehingen,26154
be,etalle,5228
co,umbita,1295
us,arlington,151749
ru,pregradnaya,6595
mx,copainala,6365
it,monreale,34544
in,rasulabad,7801
gb,millport,1260
ca,summerland,6292
ph,busdi,2168
it,milan,1156903
il,rumat heib,1588
cz,cerna hora,1906
ru,bolshoy istok,6619
py,nueva italia,2841
hu,csavoly,2080
hn,paptalaya,1227
au,port pirie,12328
tr,gurgentepe,18780
my,batang berjuntai,20001
it,bassano del grappa,42457
in,taramangalam,23790
be,durbuy,10251
be,chapelle-lez-herlaimont,14353
ph,damolog,2946
mx,zanatepec,7025
mx,cuichapa,8268
fr,saint-lo,19411
fr,gerzat,9050
us,burien,30611
ua,burshtyn,14729
ru,korzhevskiy,3927
no,asgardstrand,2932
mx,arcelia,16940
in,neral,16061
in,channarayapatna,37684
de,bad liebenzell,9665
us,dunmore,13563
sl,baiima,2826
mg,ambatondrazaka,43134
gb,lancaster,47162
fr,montceau-les-mines,19375
cl,los angeles,125431
si,mislinja,1852
ng,minna,291930
de,teterow,9683
us,dale city,61211
ru,vlasikha,4687
ro,beidaud,1793
ph,cagayan de oro,445212
in,kalna,53969
gb,grimsby,87819
ru,ubinskoye,5882
ru,poyarkovo,7003
ro,cornatelu,1751
ph,cansuje,2436
ng,dutse,17129
in,krishnarajasagara,8713
ee,vastemoisa,450
us,lemoore,22763
ru,vvedenskoye,3895
ru,shumikha,18500
ru,dmitriyevka,6405.5
mx,jiutepec,166340
mx,atoyatempan,6109
jp,kishiwada,205563
at,friesach,5369
tr,konya,876004
ph,mobo,3750
ph,minalabac,4724
ws,saleia,275
us,beckley,16880
nl,boxmeer,29918
lu,capellen,1330
id,denpasar,405959
ec,pedernales,5983
au,albany,23913
in,mandawar,16160
in,kailaras,24542
in,jetpur,118076
gb,hopeman,1675
ar,rio cuarto,174058
us,saint pete beach,10065
us,beaumont,65039
tw,keelung,397516
ph,maloco,2511
mu,plaine magnien,10778
ml,koutiala,99662
lu,munsbach,585
cf,rafai,16814
ua,snizhne,55587
ro,saulesti,2452
ro,poiana blenchii,1311
jp,hanamaki,73116
it,sessa aurunca,22821
hu,korostarcsa,2786
br,coronel fabriciano,100918
za,wolmaranstad,49436
us,luquillo,8326
tw,toufen,92557
ru,dolgorukovo,5599
nz,whangarei,49711
nl,haarlem,147736
de,husum,20753
ua,yasinya,7708
ru,kargapolye,8547
rs,mali idos,5412
ph,burirao,2626
mx,canada,4255
ch,menziken,5645
ca,beauceville,4480
ca,magog,15550
us,pearland,55233
ph,atulayan,6374
nl,doorn,10402
mx,totocuitlapilco,7966
in,nagireddipalle,10394
hn,sabanagrande,2056
gt,monjas,10138
br,franca,305047
de,weinheim,43217
us,ellisville,9362
ua,markova,2896
mx,ixtepec,23151
mx,chahuites,9837
co,ebejico,2583
cd,tshela,38843
ru,kashary,6292
in,perambalur,30802
in,paddhari,9702
ch,lausen,5043
pk,baffa,14048
it,comiso,29575
ca,saint-pacome,1371
br,miguel pereira,23850
us,rawlins,8533
br,angatuba,14476
tw,talin,34975
ro,domasnea,1446
py,edelira,1699
pt,porto santo,4348
ph,nuyo,2224
ph,lucmayan,2024
nz,ngatea,1151
jp,yokaichiba,32651
it,ceccano,24918
in,gangtok,30702
gr,filippias,4256
us,mount holly,10158
in,sisauli,15839
cn,xinqing,55415
ro,odorheiu secuiesc,36531
ro,barcani,3792
in,simdega,38736
gt,panajachel,12599
br,governador dix-sept rosado,6626
br,santa branca,8661
ve,el cafetal,80029
sk,roznava,19261
mx,escarcega,28165
us,tullahoma,18692
ph,dumarao,3187
it,citta di castello,39959
gn,sangueya,6117
fr,herblay,24116
cz,blatna,6609
co,barranca de upia,1178
us,east norriton,13108
th,kaeng khlo,29056
ph,barangobong,3644
bf,ouagadougou,1031330
ca,beamsville,9556
pa,rio duque,1166
eg,asyut,420614
br,conceicao da feira,15838
de,ratisbon,129643
dk,orslev,1801
hn,san jose de oriente,888
ru,soldato-aleksandrovskoye,11059
mx,tepatepec,10032
mm,yamethin,59874
in,telhara,21148
id,gondang,24616
gb,swindon,162439
co,choachi,4281
cn,xintai,222459
ru,miloslavskoye,4693
ro,garda de sus,1822
py,santiago,2144
pa,aserrio de gariche,1658
it,montefiascone,13326
ru,sergokala,8165
ru,peshkovo,3596
ph,quiniput,3509
ng,amaigbo,127309
mx,loma bonita,30357
lu,bech-kleinmacher,593
hn,el ocoton,1038
ci,odienne,71188
cf,kouango,9694
uz,termiz,140404
ro,bicaz,4806
ph,matangad,2825
pe,pucara,3970
in,ramapuram,31169
hu,madocsa,1935
gb,harpenden,28966
co,guachucal,4014
ca,brighton,5152
pl,busko-zdroj,17095
cn,bose,90603
br,guia lopes da laguna,9681
cn,huaidian,89978
us,winslow,9050.5
ru,lukovetskiy,2701
in,nandgaon,17330.5
br,sousa,47927
cl,paine,32765
ro,odoreu,4765
no,maura,2460
jp,gotemba,83795
gr,mithimna,1558
gr,khalkis,54559
cz,rokytnice nad jizerou,3373
ch,chene-bourg,8038
us,scarsdale,17920
pl,jawor,24269
za,middelburg,86442
ve,guacara,151788
us,mason,30988
np,kalaiya,39367
jp,toyohashi,378377
ro,dognecea,1982
ph,putol,5387
jp,katsuura,22308
cz,orlova,34938
ph,calubcub,5019
es,mejorada del campo,19019
es,carlet,15173
so,garowe,49913
ru,volgograd,1010331
ro,chitila,12788
pa,potrero grande,4044
hn,rio amarillo,1000
ca,winnipeg,632069
us,north royalton,28920
ro,plopis,2731
in,samdari,17915
in,arimalam,8048
sl,kailahun,12195
ru,nizhnedevitsk,6320
nz,rawene,486
cd,nioki,40692
cv,sal rei,2089
ru,novikovo,803
ru,martan-chu,5385
ru,dyshne-vedeno,3330
pt,galegos,5403
in,unhel,15838
in,panagar,26622
gb,dunlop,844
fr,trappes,28013
in,gormi,16889
bg,sumen,85394
us,severn,42157
dk,snoghoj,2371
us,machesney park,21494
ph,casiguran,8605
hr,ogulin,8755
co,belmira,1388
hu,aba,4479
hn,vallecillo,1986
ro,criscior,4232
in,atraulia,11849
ci,vavoua,54249
sz,kubuta,2038
ro,sangeorg-de mures,7776
in,un,15008
hu,monostorpalyi,2221
hu,arnot,2493
gr,kimi,2979
cz,sobotin,2502
de,wolnzach,11071
ar,san francisco,71444
br,ibipeba,14444
ua,lyubar,2351
py,repatriacion,7091
ng,malumfashi,70715
ie,thurles,7588
de,barsinghausen,34322
ee,lohusuu,394
co,bucaramanga,571827
za,pietersburg,123754
pl,nowa deba,11489
jp,shiozawa,20178
gb,lanark,8152
cu,bauta,45771
us,salinas,77533
in,dabhoi,56257
it,barga,10292
in,puliyankudi,62499
in,nuh,12699
hn,zambrano,3873
gr,svoronos,2066
br,senges,14868
ua,peremyshlyany,7284
ru,fershampenuaz,4403
ro,seica mare,4739
mx,tepechitlan,4419
in,bilasipara,37741
ee,tartu,101092
ee,tabasalu,2166
cn,yunjinghong,62105
us,annandale,57512
ro,glimboca,1865
ph,mananum,2185
ke,bungoma,55968
in,ichhawar,13657
in,faridnagar,11372
in,dabhol,9142
ie,midleton,8891
pk,bahawalnagar,126654
ph,magsalangi,2399
jp,bihoro,22972
in,hesla,6286
fr,briancon,10627
br,paranapanema,16218
de,gutersloh,96332
ru,kologriv,3605
ro,corbi,4381
nl,veldhoven,43615
hu,pecs,156661
us,south plainfield,23373
tr,muratbey,2166
sn,marsassoum,9116
ca,arnprior,9607
co,samaniego,13515
ua,mazurivka,3259
it,lavagna,13002
in,salumbar,16558
us,brigham city,17261
it,monsummano terme,21415
wf,halalo,635
ph,silab,3296
in,cherrapunji,11090
br,tres coracoes,63458
us,round rock,88653
jo,balila,5639
gr,timbakion,4923
bo,sucre,224846
be,kortemark,11937
es,toledo,75054
so,bosaso,74287
ru,seversk,109846
ro,eremitu,3818
jp,tsukuba,175593
in,hole narsipur,28288
de,dinslaken,71632
be,koksijde,21027
br,pastos bons,10469
ph,silae,2214
my,kinarut,15716
fr,fecamp,21300
cz,neratovice,16285
ca,prince rupert,14708
tr,afsin,39633
ru,tygda,3510
py,capiibary,3537
pk,matli,50401
br,rio pomba,13707
tr,cubuk,62616
ro,beresti-bistrita,3377
ph,ibung,4462
ph,cosina,3117
no,skage,635
ng,ozubulu,73818
hn,jacaleapa,2578
gn,dubreka,10363
fi,parainen,11962
cz,prachatice,11825
br,montenegro,54058
ru,milkovo,8726
ph,gadung,2456
na,henties bay,3837
au,nambour,14919
ca,saint-remi,4192
ru,nemchinovka,4938
ph,aporawan,2943
nl,slochteren,15317
gb,errol,1039
fr,lamballe,11085
ru,rogovskaya,8435
ro,corbu,3115
jp,kitamoto,69840
jp,kashima,49173
ie,mountrath,1597
be,hannut,14129
br,cacoal,55566
pl,tychy,131696
lt,ezerelis,2051
in,gangoh,59525
gb,tamworth,74130
ca,warman,3252
ru,razdolinsk,2762
pa,margarita,3303
de,mosbach,25474
ua,ordzhonikidze,22970
ru,yakovlevo,2629
ru,orlovka,3236
pt,silveira,6942
es,la carlota,10865
us,adjuntas,5080
ro,mihai bravu,2679
ng,oshogbo,499444
mx,apatzingan,98426
ml,gao,38186
fr,chatellerault,34022
ba,kocerin,3516
pl,opole lubelskie,8780
nz,pareora,503
no,fuglevik,470
it,acri,21495
ba,solina,4780
de,dossenheim,11794
td,bere,14666
pl,gora kalwaria,10777
ph,linamon,6849
ng,agbor,67616
hu,csurgo,5682
hn,lejamani,3835
au,morwell,11585
cz,ceske budejovice,97530
us,longwood,13594
tt,marabella,26700
td,ati,24074
ru,nagorsk,4982
ph,malingin,2650
np,lahan,31497
gb,ceres,1023
fr,clichy,50908
ru,kadom,6027
mx,cacaotepec,5774
dk,ringkobing,9315
us,miami lakes,22582
ro,vlasinesti,3380
pe,nuevo imperial,35689
hu,nyul,3816
us,dalton,31598
ru,bykovo,8713.5
ro,pietrosita,3298
pl,siemianowice slaskie,73121
ph,tabaan,2653
mx,mexicaltzingo,8287
de,dettingen,9282
ru,karabanovo,15615
ph,barira,3717
mr,atar,30501
ge,akhaldaba,3640
tz,kishapu,16371
md,comrat,28284
es,torrijos,11284
ar,general roca,76066
br,dois vizinhos,22766
pt,aguada de cima,4388
ph,yeban,3557
ph,guiljungan,14876
mn,moron,27694
in,samastipur,57602
in,periyakulam,40134
cn,puyang,666322
in,churachandpur,47774
gr,ritini,1711
gr,moria,1176
gb,leatherhead,43544
br,conceicao do castelo,4538
ba,bosanski brod,9249
br,mirandopolis,23379
ru,rudnaya pristan,2332
ph,silay,84131
lu,wolwelange,358
cn,qinhuangdao,759718
br,ribeirao branco,9718
br,curitibanos,32142
sv,tonacatepeque,6245
pf,amaru,238
lu,consthum,207
ba,bosanska krupa,15193
co,paipa,13554
ph,malolos,198763
mx,ebano,21258
fr,fleury-merogis,8834
co,nechi,6694
us,lake wales,12407
us,belle glade,15269
in,kalol,106958
in,haora,1027771
br,arraias,6881
uz,nurota,29403
ua,orativ,3170
ru,krasnokholmskiy,8117
mk,srbinovo,3629
jp,settsu,83337
ie,tuam,6130
py,eusebio ayala,8253
pk,dinga,39796
ly,misratah,386120
id,sembakung,8098
ua,dobryanka,3250
ph,pantabangan,5956
it,senago,20198
us,wabash,11124
ru,kirillov,8236
ru,druzhnaya gorka,3677
md,rascani,25055
dk,sonder bjert,1815
co,la union,12827
my,parit raja,17440
bo,lahuachaca,3235
cf,ippy,24274
td,koumra,36263
ro,caldararu,2975
mk,bogovinje,15166
it,garlasco,9429
in,naenwa,16416
hu,vonyarcvashegy,1902
ee,tapa,6551
de,offenburg,59109
us,burke,58265
ph,canocotan,9025
ba,travnik,31127
de,finsterwalde,18733
us,gilford,7849
id,rantauprapat,103011
es,chantada,9086
ru,kovylkino,21838
in,lakshettipet,11164
hr,knin,11182
br,ipora,19303.5
ba,cecava,3847
br,dois irmaos,28926
br,patu,8842
ru,shchelyayur,3376
ro,carbunesti,1889
ca,bracebridge,8238
br,candeias,75673
it,troina,10450
it,rivoli,49959
br,sao lourenco da serra,13331
dk,brovst,2710
de,furtwangen,9763
br,regente feijo,17219
lu,steinsel,1879
in,savanur,37823
in,jaisinghnagar,7601
fr,roubaix,96806
pe,el alto,9345
mx,tecozautla,5251
mx,cuayucatepec,8699
bg,lom,24906
co,remedios,6415
ua,lopukhiv,3199
ph,dansuli,4561
mx,nocupetaro,3054
in,suket,19852
au,healesville,7098
es,sant feliu de guixols,20457
us,perth amboy,49107
us,wayland,13155
us,tampa,324465
us,arvin,14744
ru,verkhniy tagil,12359
gb,kirkliston,3139
fr,saint-maximin-la-sainte-baume,14807
co,corozal,39801
de,alfeld,21258
ua,kryve ozero,8258
si,brezice,6298
lr,bensonville,32970
in,vikramasingapuram,47150
ph,alijis,2132
it,volterra,11130
it,savona,58302
it,russi,10712
hu,csabrendek,2948
gr,arakhova,3992
br,vitoria do mearim,15775
br,cicero dantas,18317
ve,palo negro,128895
jp,nagai,31026
it,oristano,30069
in,sirohi,38613
hu,gyula,32269
br,luzilandia,12999
ph,san roque,3956.13
ph,medina,9201
ki,ooma,112
id,klangenan,88373
gl,sarfannguit,110
cn,quzhou,82216
cn,zhuhai,501199
hu,bony,2225
ro,pauca,2191
pk,minchinabad,29251
nz,woodend,3059
it,casoria,78629
in,gharghoda,8513
hu,ocsod,3730
cn,shahe,125132
sv,ciudad arce,10095
ru,vasilyevskiy mokh,2496
pt,moscavide,11488
gr,triandria,11082
fr,lannion,19495
de,emsdetten,35383
et,mega,6884
tz,kintinku,7906
ru,pavlovskiy,3323
pe,vice,12973
hu,domaszek,4242
es,igualada,35711
ec,palestina,9364
cu,manguito,3155
sl,hangha,4603
sk,sladkovicovo,6078
ru,shipunovo,11431
ph,kumaliskis,2837
mx,purepero,14267
it,calcinato,11817
gr,kamateron,24310
co,necocli,10835
cz,prague,1154508
ph,janagdong,5174
mx,ixtlahuacan del rio,6000
ml,markala,53746
in,sahawar,22203
gr,xirokambos,879
be,berlaar,10370
ee,ulenurme,1047
cz,dolni poustevna,1938
pl,pyrzyce,12893
ph,hinlayagan,2788
vn,phan rang,91520
ro,mihaesti,4681.67
gb,dalbeattie,4205
bo,sipe sipe,3777
ru,russko-vysotskoye,4711
ro,plopsoru,6576
ng,makurdi,292664
jp,yoshida,25500
it,genoa,585815
ir,neka,48851
in,kharsawan,7217
gr,katastarion,1321
br,sao vicente,324464
ca,dauphin,8418
ru,pechenga,2791
ru,novolabinskaya,3733
ph,pattao,3222
in,raghudebbati,12834
gb,kingseat,500
bg,antonovo,1950
za,oudtshoorn,76713
ph,zaragoza,7391
co,ubala,1886
ba,zepce,8502
ci,anyama,158250
ba,jablanica,6209
us,summerville,34958
sk,revuca,13466
ru,ufa,1033350
ru,otradinskiy,3022
ro,soars,1870
no,gilja,254
mx,el salto,22553
bj,malanville,37117
us,liberal,20182
pa,bocas del toro,3501
mx,melchor ocampo,34491
lu,rodershausen,96
in,kamthi,86220
br,alto paraguai,6149
ph,cayungnan,2082
in,alur,6605
dk,korsor,15029
de,ohringen,23068
co,inirida,7299
br,sao lourenco da mata,88417
es,sanlucar la mayor,11143
fr,vaires-sur-marne,12418
fr,chelles,46390
us,orange cove,9768
ru,talitsa,18603
ph,padada,11439
ph,hinabuyan,2391
in,allahabad,1073544
cn,yining,257671
ve,ejido,107056
pk,tando jam,31613
ph,bacarra,9636
ir,kuhdasht,100216
br,barao de melgaco,4353
ru,krasnomayskiy,5611
ru,bolshaya sosnova,4297
it,san giovanni la punta,22970
de,eichstatt,13166
us,northbridge,14061
ro,stroesti,3076
ph,cabilocaan,2488
pe,moyobamba,44428
nl,rijswijk,48413
in,ghatampur,40439
us,nogales,20707
ro,ripiceni,2259
ph,san bernardo,2366
in,rahuri,36888
hu,dunabogdany,3059
gr,sosandra,1217
gb,coleraine,24509
cz,beroun,17422
cz,kostelec nad cernymi lesy,3345
my,ipoh,673346
id,singaparna,48880
fr,montreuil,89125
am,byureghavan,6972
ro,bunila,455
es,puerto del rosario,23184
cn,yanliang,60891
ru,siva,4744
in,nalagarh,10250
bg,gramada,1812
bw,kanye,44718
td,bongor,27770
ru,kirsanov,17975
ph,harrison,2349
mx,cuautlancingo,17729
co,san jose,1724
es,andujar,36594
cd,bongandanga,4104
br,chavantes,10306
ws,piu,69
py,san juan nepomuceno,7894
pe,morrope,6692
mt,kercem,1627
us,helena,20229.5
ro,teliu,3610
re,saint-benoit,35312
mg,ambatofinandrahana,25997
ht,desdunes,12990
za,johannesburg,2026466
us,stuttgart,9181
ro,parava,3367
pk,daur,17578
gb,banff,3914
br,goianira,22823
be,merbes-le-chateau,3999
do,la mata,10295
us,pikesville,31882
pa,calobre,937
gn,youkounkoun,7952
ru,roslyakovo,8921
ru,askino,6866
lv,ilukste,2898
hu,acs,7180
gb,wokingham,41144
ci,adiake,22030
ee,maetaguse,542
lv,olaine,12584
it,formello,11097
us,attleboro,44271
us,harvard,8996
tr,of,31968
ke,oyugis,10116
de,bad windsheim,12033
de,munsingen,14466
us,carmel,47219
ua,mashivka,3999
ru,chekalin,1105
lk,horana,8984
in,athni,42051
co,cicuco,7662
tz,poli,9568
tj,kuruksay,3288
ph,sarangani,7506
ph,iloilo,387748
mg,toamasina,206390
it,poggiomarino,21214
in,vikravandi,10449
gr,armenokhorion,1079
ca,hagersville,2624
ru,shalakusha,2684
it,chiaravalle,14334
bw,bokspits,547
do,fantino,10025
br,barcelos,7356
ru,primalkinskoye,4873
ro,dumbrava,3607
in,kambam,60834
ie,castleisland,2122
us,iselin,17019
th,surat thani,127201
mx,tixkokob,10228
pt,alhos vedros,13384
ph,parian,2889
mk,bac,692
co,cocorna,5257
ao,kibala,8915
ph,san eduardo,2164
mk,orizari,4292
in,jharia,86947
sv,suchitoto,5735
lu,berbourg,664
in,rabupura,13950
cd,wamba,17371
vn,bac ninh,43564
ru,talitsy,6003
in,mihona,15832
do,san jose de ocoa,21149
us,lilburn,11347
rs,orahovac,25889
co,concordia,7974.5
ch,littau,16403
py,mbutuy,1466
ph,solo,3065
lr,harper,32931
de,dorfen,13425
ua,narkevychi,1631
ru,sloboda,3519
ph,dukay,2484
no,langset,325
bd,parbatipur,48026
us,yonkers,197818
ph,maticmatic,3552
pe,cajaruro,7313
ph,culasian,2475
at,braunau,16403
ua,netishyn,33063
ru,kamenskoye,609
ph,nangan,3362
in,srikakulam,118312
in,mohiuddinagar,14940
br,itapui,10445
br,timbo,33766
dk,hundested,8615
de,abensberg,12543
us,cleveland heights,47726
fr,haguenau,35807
de,baesweiler,27865
af,tir pol,6979
cn,anshun,351936
ro,cenad,4218
ro,balabanesti,3976
jp,marugame,82091
in,panchla,23528
in,kotma,31759
in,kalpi,44343
br,lavras,81474
cn,pingshan,113631
tw,panchiao,491891
ru,zverinogolovskoye,4400
ph,culaman,3523
pg,morehead,2246
br,ouro fino,21076
am,arevashat,1403
ro,luica,2269
pl,rypin,16589
pk,ahmadpur east,116613
ph,tinogboc,2208
ph,basiad,2849
mx,juan aldama,14162
ke,karuri,21476
za,deneysville,12397
pt,gondomar,27690
be,sint-genesius-rode,17990
co,since,30769
za,mpophomeni,26230
za,heidelberg,64201
us,cedar hills,8625
us,fort dodge,26879
ro,porumbacu de jos,3166
ph,balingasay,3720
ph,alfonso,9446
my,cukai,82434
es,molina de segura,51917
br,autazes,9614
ca,acton vale,5135
co,quinchia,10896
cz,lanskroun,9980
br,ribeiropolis,11215
vn,ha noi,1431377
ph,balasan,4051
mk,studenicani,18219
au,palmerston,31075
us,horn lake,16036
us,new haven,69382.5
us,valinda,23721
ru,telma,4022
my,sri aman,27218
in,narasaraopet,97205
hn,gualaco,3601
gr,selinia,2331
ee,sadala,306
jm,anchovy,4161
id,jepara,54324
fr,saint-fons,15760
us,meriden,59395
ro,bucu,5232
hu,tiszaujvaros,17294
us,newcastle,9333
us,grants pass,27191
ru,zmeyskaya,6533
ph,prinza,2907
nl,venray,40518
in,colvale,5723
hu,seregelyes,4539
br,mafra,40081
ph,bannawag,3060
kz,energeticheskiy,17463
it,rho,53558
fr,echirolles,32133
ee,viljandi,20310
in,manpur,6639
us,gurabo,8974
us,guanica,9224
us,brunswick,25160.7
ua,shepetivka,46419
ua,novovorontsovka,6847
cn,lianzhou,82125
ws,tapueleele,228
us,bucksport,5756
us,elfers,13662
ro,zabrani,4392
ph,basiao,2475
mx,villa union,9415
it,chiusi,8100
gb,edzell,790
br,matriz de camaragibe,18705
nl,vlagtwedde,17047
mx,antiguo morelos,3219
lu,boxhorn,259
co,hato,600
cz,loucna nad desnou,1925
br,quixeramobim,34322
ye,sayyan,69402
tz,mhango,21553
ru,vyartsilya,3145
ph,santa filomena,2932
nl,reeuwijk,12970
fr,vierzon,28503
cn,tunxi,77000
tr,kaman,28619
pl,polczyn-zdroj,8682
ru,bekovo,6800
no,miland,400
at,feldkirchen,14440
ws,saasaai,520
ua,broska,3586
tz,njombe,46731
mx,tlaixpan,9031
mx,celestun,6401
gr,arsenion,1389
ro,arad,169067
pk,jam sahib,6870
ph,nueva vida,3058
no,vage,515
gr,mega piston,966
gb,west bridgeford,48314
gb,hitchin,33830
in,shikohabad,99688
hn,camasca,1150
gb,royton,22848
fr,sartrouville,50954
ca,stayner,4104
ph,sogod,4743.67
mm,pyapon,65610
in,manthani,15665
hn,ojos de agua,1243
fr,bischwiller,12109
br,frei paulo,7047
br,varginha,116573
bg,blagoevgrad,69547
th,samut prakan,388921
ru,karata,4838
ro,vedea,4378.67
it,san giorgio del sannio,9929
cz,sobotka,2279
za,richmond,32445
tj,sovetskiy,8694
ph,conversion,2853
cn,xingcheng,98968
de,salzwedel,24144
tz,nansio,6437
se,linkoping,96732
gr,sitagroi,1105
do,tamboril,23305
ee,marjamaa,3063
bd,jaipur hat,73076
ru,dmitriyevskaya,3412
ph,karomatan,5329
mx,medina,6997
in,nyamati,10337
in,mudbidri,30635
br,frederico westphalen,20896
ca,stony mountain,1770
us,north palm beach,12863
it,taormina,10160
mx,joquicingo,4206
mx,jantetelco,4514
in,manmad,76729
at,schrems,5811
br,jitauna,11619
co,la dorada,81951
ch,saint-imier,4701
rs,kljajicevo,6115
hr,omis,6597
hn,los arroyos,916
ws,maasina,160
tz,mtwara,96606
mm,maubin,51542
gb,cullen,1283
de,stadtbergen,14837
in,bawal,13319
in,alanganallur,11400
de,vechta,30178
de,mettlach,12705
ch,sankt margrethen,4995
nl,middelburg,47307
cn,gongzhuling,140909
co,monterrey,7759
co,cravo norte,4787
br,iuna,14290
ca,shawville,1608
sl,bo,80506
rs,nova varos,10166
ph,teresita,2609
ph,taligaman,7430
gt,melchor de mencos,11220
gn,tokonou,6729
ca,biggar,2068
us,blue ash,11744
pt,ilhavo,17236
ph,salomague,4238
no,aroysund,2102
jp,ome,149324
in,hatod,9350
gr,filotion,1744
au,goulburn,20941
ph,tikalaan,3389
in,alibag,20754
cz,vracov,4514
us,southgate,29669
gt,chicacao,20006
gb,newtonhill,3284
fr,le vesinet,16162
ru,lavrentiya,1242
mx,cacahuatepec,3636
in,rampura,25162.3
id,mlati,67092
cl,bulnes,12715
ws,letogo,533
us,harrisburg,28717
py,san patricio,1525
my,seremban,372931
ma,sidi qasim,78723
in,budhgaon,15737
il,ramat yishay,5722
gb,port william,466
br,alianca,17329
ee,kudjape,450
bo,san lorenzo,2921
ug,bombo,12752
cn,wuhan,4184206
br,maues,22476
ua,uzyn,12726
it,forli,111574
ru,partizan,2462
ru,olginskaya,4848
ru,kozelsk,19809
pk,mastung,29086
us,lenoir city,7548
ro,zalau,63232
ph,tinongan,4440
in,khatima,15716
us,central falls,19509
ua,sutysky,6111
ru,verkhnyaya tishanka,3602
rs,loznica,21287
ph,maramag,33844
br,andradina,52407
td,dourbali,17682
gb,rugby,63323
gb,patna,2088
tr,devrek,24571
ru,chernogorsk,71583
pt,valpacos,4572
ph,san basilio,8125
no,osthusvik,298
fr,chanteloup-les-vignes,9311
br,veranopolis,19862
co,tuta,1639
ru,gagatli,3442
ro,bocicoiu mare,4400
ph,langub,2979.67
pe,santa eulalia,7068
be,awans,8612
cn,altay,139341
ru,zima,33324
ph,san policarpo,3581
ph,alaminos,20957.5
ne,gaya,33054
lu,mensdorf,813
in,kopargaon,65121
br,jaragua,30410
br,novo cruzeiro,10385
ca,harriston,2148
ru,urulga,3106
pt,reguengos de monsaraz,7217
no,melbu,2143
nl,brunssum,29914
mx,guanajuato,78368
jp,chita,83276
id,bandung,1699822
gb,rothesay,4912
de,zerbst,16054
br,rio novo,6258
bg,zavet,2979
dk,sonderso,2850
ru,shirokaya rechka,1131
ru,novaya bryan,4860
co,carmen de carupa,1928
de,helmstedt,25686
cu,los arabos,12504
cz,bystrice,4481.5
us,ocean springs,17659
si,izola,10355
my,pasir gudang,145739
br,orizona,7583
ru,verkhneye kazanishche,6444
ro,tuzla,6292
mx,tlayacapan,7785
lu,brandenbourg,193
do,monte plata,15533
rs,zlatibor,2497
pt,amor,4870
no,kval,463
jp,enzan,25143
in,depalpur,16938
ca,west lorne,1540
bb,holetown,1350
br,garibaldi,30364
bg,sipka,1520
ru,yurginskoye,4606
ro,peregu mare,1770
ph,calantac,2541
no,kvam,863
nl,woerden,48653
ir,marivan,111495
in,renukut,62419
br,teresina,744526
cz,frantiskovy lazne,5234
az,pushkino,18182
us,newington,25418
sk,snina,22221
in,kadiri,81507
cn,xingtai,611739
us,columbine,23353
ru,troitsko-pechorsk,8414
bg,cepelare,5342
se,solna,59098
in,mandi,28219
gm,brufut,9332
fr,evry,51978
br,oeiras do para,10163
us,tyler,90878
us,justice,12691
rs,kaluderica,23712
mx,cosio,4591
gb,crowthorne,25522
us,east peoria,22352
ro,buda,3257
it,san dona di piave,37452
in,uttamapalaiyam,22780
gt,jocotenango,17550
ba,grude,4627
id,citeureup,110162
us,clemmons,16319
rs,novi pazar,56028
ph,marogong,3785
lu,hostert,362
et,kibre mengist,27859
us,university heights,13374
si,verd,1846
ru,novoaleksandrovsk,27610
in,jamkhandi,61696
fr,saint-brieuc,43522
us,flowing wells,15339
ru,kashkhatau,5367
pe,sechura,23124
nl,zeewolde,22932
it,rovigo,48634
be,engis,5737
us,asheville,68795
us,new cassel,14907
ru,krutikha,4294
jp,hashima,65613
gr,meliki,3033
gr,kostalexis,951
ro,glavile,2532
nz,waverley,919
mg,anjozorobe,19027
jp,toyoake,68558
de,ennepetal,32426
ph,milagros,6009
ph,bula,3060
nz,greymouth,9418
ws,lotofaga,1126
us,corpus christi,280382
us,dayton,159134
us,fern creek,18409
us,kingsland,11410
lu,bettel,223
in,korampallam,3228
hu,tornyospalca,2725
at,ybbs,5676
us,phoenixville,14660
us,gardner,17343
ph,balila,2511
no,vestnes,2102
mx,xalapa,425166
lu,biwisch,103
us,holbrook,19641.5
cz,povrly,2099
ba,karadaglije,3700
br,sapiranga,76053
us,deer park,28312.5
ph,calantas,3541.5
jp,tateyama,50065
co,san juan de arama,2636
at,tulln,14201
co,santiago,1874
cf,boali,4696
ro,pangarati,5170
nl,amstelveen,77343
in,kondapalle,38722
in,bhander,22484
gr,portokhelion,2219
si,kocevje,8841
ru,vladimirskaya,7278
ro,harsova,10055
pl,czechowice-dziedzice,34703
gf,matoury,26357
ru,gekhi,9714
ph,tambongon,2943
mx,mochicahui,4999
lt,plunge,23383
in,krishnagiri,66425
fr,perpignan,104783
us,dallas,411184
tz,nyakabindi,18427
mx,temoac,5302
it,orta nova,17873
in,dhamnod,29684
gr,ammokhorion,1192
au,moree,8205
de,haan,29369
ws,asaga,337
it,nicosia,15416
gb,coylton,2607
us,pharr,60687
ph,balili,2485
in,milak,28508
al,ulze,600
th,kaeng khoi,30332
th,det udom,35669
ru,koksovyy,8458
ro,tautii margheraus,6597
ro,marginea,9489
gb,greenlaw,570
de,gaimersheim,10998
co,rosas,1830
us,oswego,19990.5
ro,farcasa,3444.5
jp,kitaibaraki,50844
gr,kallifitos,1098
fi,nurmijarvi,37074
de,waiblingen,53515
de,naumburg,30040
cn,dangtu,60335
de,haar,17810
br,itagi,10534
pl,darlowo,14398
nc,canala,2857
in,hinganghat,97576
de,wipperfurth,23507
za,parys,71373
us,villa park,22868
ph,san cristobal,3201
ph,jamorawon,3089
pa,changuinola,22902
nl,geertruidenberg,20912
mx,toluca,505903
in,sanchor,29024
gr,pramanta,1570
gb,beverley,31968
ca,amos,10435
br,maragogipe,20921
ws,vaiee,497
ru,yelatma,3902
ru,sargatskoye,8285
ru,pyatnitskoye,4855
pl,janow lubelski,11811
in,hanumangarh,155698
ee,lohkva,776
ro,breaza,6313.5
lk,minuwangoda,7774
us,owasso,23923
gr,ipsos,769
es,bailen,17660
us,juana diaz,9427
cl,san javier,22427
ws,sapunaoa,408
us,middle valley,11373
us,stratham,6949
ro,maglavit,5753
ee,ambla,352
bg,dupnica,38656
cz,buchlovice,2437
us,norwich,36441
pl,kozienice,18677
ph,nuling,2989
mx,huixtepec,8785
in,jhalawar,51888
fr,saint-chamond,36734
ru,belozernyy,4315
ph,binuntucan,4213
lu,hachiville,194
in,dhariwal,20605
us,redford,49936
us,lutz,21583
th,si racha,178916
ph,tilik,2350
ke,ogembo,1842
cv,santa maria,16967
us,erie,55102
pl,tarnowskie gory,60938
ph,kabankalan,138314
ph,bangad,3345
lu,drinklange,124
in,raniganj,131274
tr,gonen,40785
ru,divnomorskoye,5880
pk,sukkur,417923
lu,born,336
in,kayattar,10008
ca,lumsden,1477
ru,fastovetskaya,8806
mx,jamapa,3815
in,changanacheri,51435
ec,sucre,15286
tw,taoyuan,375366
ro,lechinta,5939
pg,ambunti,2073
nl,katwijk,42231
it,castelvetro di modena,10604
gr,kanallakion,2446
us,soldotna,4136
ua,frunzivka,5007
sy,yabrud,25941
so,xuddur,13303
ro,sarbi,2943
in,nilakkottai,21685
hn,quebrada seca,2248
ca,victoriaville,34426
ch,dubendorf,23051
ru,tommot,9034
ru,ivanteyevka,28606.5
ph,quezon,8794.29
ph,alfaco,2599
dk,trorod,8576
us,hershey,13172
us,willoughby,22352
us,post falls,22287
ru,rechitsy,3436
mx,huejucar,3551
lu,niederfeulen,1125
ee,lasva,309
ro,lunca cernii de jos,1099
kz,boralday,20996
hu,bekes,21198
br,itambe,23559
th,phra phutthabat,57008
se,pitea,22044
mm,syriam,69448
af,deh rawud,25683
us,massillon,31526
ru,fryanovo,11088
ro,farcasu,3620
gr,askos,1406
cn,suixi,74172
ro,valea iasului,2778
ph,tacligan,2593
no,rensvik,2139
gr,domokos,1433
do,las guaranas,9588
za,reitz,16637
ru,spasskoye,5030.5
ru,madzhalis,6173
ph,bangao,3902
jp,nayoro,26457
in,taloda,26295
br,lagoa vermelha,24446
ec,la troncal,36353
br,clevelandia,14701
us,joliet,134957
ru,tarki,10554
ru,kondopoga,34360
ru,elektrougli,16257
pa,capira,3376
mx,amecac,4242
gt,san antonio ilotenango,1979
gr,khania,54565
do,bani,66712
cn,pengcheng,68442
br,uruana,10258
ru,krasnyy bor,4852
ru,kokoshkino,9818
in,kakinada,292956
in,devli,21299
de,hosbach,13258
br,nova russas,21986
br,uberaba,260847
us,lake oswego,36597
ph,bangar,11068
ph,alcoy,3016
mx,san jeronimo,7326
co,chitaga,3871
pg,kimbe,18849
in,deori khas,24937
fr,pontarlier,18665
cz,turnov,14500
ch,seon,4556
ru,tokur,1126
ru,karaul,824
ro,giurgita,3195
in,churhat,14101
ve,porlamar,87131
my,johor bahru,802525
mu,curepipe,84200
ro,faget,7125
ph,diamantina,2367
pf,toahotu,2842
mx,orizatlan,6488
jp,isesaki,130694
in,dumka,47668
gb,portadown,21617
de,schotten,11570
th,sa kaeo,28497
ro,ponor,702
ph,tuy,8603
ph,anito,2070
cn,qingan,60408
ru,abrau-dyurso,3021
ph,san ignacio,6300
ph,del monte,2213
fr,lanester,22065
ru,dylym,8069
mx,duarte,5969
ca,inverness,1639
cv,porto novo,5494
ua,ivankiv,3299
tt,siparia,8568
ro,vicovu de jos,5956
pw,koror,11357
ph,mantalongon,2274
ne,abalak,13555
gb,blackford,541
br,bonfim,5769
pk,kamoke,199589
gb,horsham,50680
au,mount gambier,23210
eg,aja,34692
ru,norilsk,127504
br,barrinha,26981
ru,yashkul,7203
ru,rodino,9537
pt,pataias,5510
ph,pajo,3051
mx,mexico,8720916
it,valmadrera,11574
in,dum dum,122731
cr,san vicente,34453
jp,ono,37964
it,galatina,27985
dk,hinnerup,7055
us,galt,23997
ua,boyarka,34631
it,pieve di soligo,11642
us,manhattan,45629
de,altusried,10084
br,penedo,42099
co,santa ana,13951
us,idaho falls,52175
mx,etchoropo,4360
mg,antsirabe,182804
ie,dungarvan,7551
cu,manicaragua,41532
ph,borbon,3404
it,bernalda,11532
gt,san antonio palopo,3514
fr,sanary-sur-mer,18928
fr,noisy-le-grand,61650
et,giyon,38401
mx,chochola,4244
it,roseto degli abruzzi,22868
in,ghatsila,40022
ru,rakitnoye,10596
ru,belyy,4189
pl,siedlce,76772
ph,opol,3468
lv,sabile,1580
gt,san jacinto,1488
gr,tirnavos,10797
de,mutterstadt,12565
ph,magay,2281
ph,jiabong,4076
mx,tlalchapa,4183
in,sivakasi,74289
at,traiskirchen,16212
cn,longjing,117185
pk,sibi,64096
mx,tlacotalpan,8704
hu,sarretudvari,3023
gr,livanatai,3142
gb,newton stewart,3548
fr,maubeuge,33017
cm,wum,69072
ru,ponazyrevo,4861
ru,kshenskiy,6504
ro,ibanesti,4315
ph,tomado,2610
in,kabrai,24774
am,proshyan,4333
br,luziania,143601
ro,raciu,3694
ph,tubigan,2629
lk,kelaniya,28852
it,san lazzaro di savena,29962
be,cerfontaine,4500
cz,morkovice-slizany,2799
hu,gyorujbarat,4603
th,thap khlo,15528
ro,glodeanu-silistea,4585
mk,vratnica,3678
hu,jaszszentlaszlo,2602
gt,comalapa,20311
be,lennik,8818
pg,madang,27420
in,along,18427
us,san clemente,62272
us,rancho santa margarita,51344
ru,khvalynsk,13438
ru,alkhan-churt,7666
ro,sighetu marmatiei,40654
lr,yekepa,24746
us,lincolnwood,12148
ru,kresttsy,9737
ru,kalinino,34594
lu,stadtbredimus,749
jp,hasaki,39209
fr,bagneux,38003
ec,yantzaza,9970
us,lathrop,13250
fr,poitiers,86639
de,hungen,12844
cz,hradec kralove,97427
br,estancia,55655
us,eliot,6528
ua,velyka pysarivka,5235
ru,sokol,13926
ro,ciolpani,4523
in,katangi,15323
hu,fadd,4442
sv,cuscatancingo,44368
pl,skarzysko-kamienna,49410
br,miracema,26684
cn,taiyuan,2722475
bo,challapata,8016
ph,tinubdan,2146
in,samalkot,55104
in,mavur,28316
gt,palin,30684
cz,velim,2046
lk,kandana,33424
us,fontana,169160
ru,karaidel,5184
it,valmontone,14448
gb,huddersfield,149018
ws,fagafau,273
in,maner,27904
cn,laiyang,169594
de,meerbusch,55053
ee,aste,546
ru,divnoye,15700
mx,tierra blanca,45359
ca,chestermere,3590
nl,zwijndrecht,41148
de,griesheim,25432
de,hainichen,9628
pl,ostrow wielkopolski,72898
mx,caxhuacan,3816
hu,apostag,2099
de,kelkheim,26823
ec,cuenca,276964
de,bad wildungen,18078
br,coromandel,22648
jp,yokosuka,428999
in,jobat,10786
mu,grande riviere noire,2361
ke,malindi,68311
in,ziro,13895
in,petlawad,13262
in,bargi,17589
am,khashtarak,1728
cz,touzim,3779
cn,huangzhou,122563
ro,polovragi,2911
mx,la calera,5570
mx,huejotzingo,21763
mq,fort-de-france,89997
hu,gegeny,2093
gr,ormenion,750
co,san pablo,10253
ro,jibert,2469
in,tankara,10175
id,sampit,66054
fr,le pontet,15747
cm,bertoua,218217
ee,kulitse,361
ug,kamwenge,17177
ru,verkhniy avzyan,2581
ro,paulesti,4663.5
it,mentana,14925
hu,fehergyarmat,9031
co,miranda,13223
bg,elhovo,11723
ru,zarinsk,52210
in,kotaparh,15480
gt,la reforma,4804
fr,wittenheim,15612
ca,claresholm,3808
tz,kibiti,30165
in,saraipali,18396
gr,vanaton,944
gr,asopia,1375
gp,anse-bertrand,5146
cz,paskov,3704
az,zaqatala,18277
us,coronado,23571
ru,krasnoyarsk,907460
ph,ranao,2112
in,kovvur,40383
be,stabroek,17294
bf,gouloure,6719
ro,cochirleanca,5712
ph,batiano,2410
gr,andravida,3626
gb,thatcham,24275
br,itamaraju,47630
am,tegh,2120
cz,blovice,3852
us,bonham,10782
us,redondo beach,67791
ru,chadan,9247
it,carpi,63336
fr,charleville-mezieres,54946
us,la plata,8284
ua,snihurivka,14873
ru,sysert,21942
pl,skierniewice,49042
ph,malasin,2887.5
do,dajabon,16402
ph,talusan,5783
in,rawatbhata,36874
be,asse,28985
cn,bianzhuang,65381
br,sao sepe,19182
us,sparks,84662
sk,lucenec,28159
gr,arkhaia korinthos,1701
sn,semme,3717
ro,fundata,990
pa,veracruz,16172
ke,nyeri,51084
hr,kutina,14886
de,demmin,12263
pt,bucelas,4614
pt,boliqueime,4470
gb,broxburn,13288
br,nhamunda,7772
ua,baryshivka,10762
tt,sangre grande,15968
ro,arcani,1424
ph,gonzaga,7228
mx,huanimaro,4965
it,ferrandina,9092
ir,ramhormoz,38825
in,motihari,112156
au,murwillumbah,6868
de,rinteln,28048
us,miami beach,89326
ua,zolotonosha,27722
ru,kuri,4177
hn,el pedernal,1648
gb,north kessock,881
ba,pale,7458
dk,skibby,2661
us,terre haute,57063
us,south elgin,22341
ro,predesti,3433
mx,chicxulub,3613
ir,qazvin,333652
fr,hendaye,13423
tw,tucheng,332405
ru,russkoye,4507
lu,waldbillig,408
de,berlin,3398362
ro,salonta,17562
ph,quintong,3162
in,manalurpet,7626
br,rio branco,257645
ug,mubende,18937
tw,houlung,41120
tt,point fortin,18918
sz,lobamba,4557
ph,barahan,6414
gr,ano lekhonia,1214
gl,kullorsuaq,408
fr,vitrolles,38052
ru,krasnenkaya,4489
us,hanson,15315
tg,vogan,20386
nl,oirschot,18057
id,mranggen,28026
ro,piscolt,3199
pl,kobylka,17659
no,loken,941
mx,trancoso,10459
it,grado,8658
ir,takestan,71504
br,sao joao do paraiso,8859
cz,novy jicin,27043
de,bad durkheim,18751
br,jeremoabo,16642
cn,jingcheng,61772
ru,kokino,4616
so,bargal,6798
ru,dzerzhinskoye,7775
pt,sandim,6449
mx,valle de guadalupe,4397
mx,tlacote el bajo,5419
mx,aquiles serdan,4277
us,compton,96749
ua,shcherbynivka,3868
tr,akhisar,84702
td,melfi,5784
br,mirassol,51559
us,mauldin,19513
ru,zelenogorskiy,5249
ru,plyussa,3749
rs,negotin,18000
ph,lambakin,6094
ly,jalu,3334
in,jangipur,82555
gr,plataria,1044
br,itajobi,12231
at,seewalchen,4959
ph,tumcon,5067
ph,taluksangay,7343
ph,casisang,13721
cn,fuling,166507
ee,koigi,448
gb,annan,8231
es,rute,10113
es,azuqueca de henares,24117
us,oneonta,12328
us,sartell,13553
rs,prigrevica,4808
pl,trzebiatow,10322
mx,apaxco,14138
gb,cardross,1897
zw,mvuma,6498
es,eibar,28520
cn,hulan ergi,265344
no,nesoddtangen,10940
mg,vavatenina,36916
co,vista hermosa,4282
al,berat,47606
ru,ostrov,24355
in,talcher,38439
am,artsvanist,2819
de,schuttorf,11762
br,votorantim,99392
ph,bayabas,2165
kn,newcastle,493
jp,masuda,48577
in,rae bareli,186451
co,san benito abad,18181
co,barrancabermeja,191406
de,brilon,27186
ru,zemetchino,11928
ph,lucena,228738
ph,amadeo,16618
mx,cacalomacan,10723
in,khailar,13334
ph,kauran,5120
in,pilibanga,36757
br,floresta,18100
es,sueca,27085
co,chiscas,1356
us,edwardsville,24551
rs,topola,5663
br,ibiruba,14180
cz,luby,2465
in,seoni,51509.5
co,acevedo,4451
th,lampang,156139
ru,novoanninskiy,19231
ru,engel-yurt,5508
gr,kranidion,4442
bg,plovdiv,332088
am,arazap,1373
ru,chernenko,42778
it,beinasco,17416
dm,pont casse,702
ua,haysyn,24687
ph,palompon,12087
lv,seda,1778
lt,dukstas,1021
fr,neuilly-plaisance,18446
de,leimen,27323
mx,tecolotlan,8602
mt,msida,6920
cz,kadan,17559
ru,yablonovo,799
my,alor gajah,20163
lv,aizpute,5634
ca,cookshire,1568
de,moglingen,10460
ve,catia la mar,106850
tw,pingtung,208920
ru,novoblagodarnoye,3146
qa,abu samrah,938
jp,oyabe,33495
gr,stefanovikion,2016
bt,samdrup jongkhar,14134
us,plover,11464
tz,shelui,24817
so,wanlaweyn,22022
ru,krasnogvardeyskoye,11141
ph,vinzons,13617
fr,le pecq,16151
co,pamplonita,941
ru,turan,5528
lu,urspelt,54
de,singen,46386
br,desterro,5374
ru,bogorodskoye,4876
ng,sokoto,563899
ma,tetouan,365355
lt,skaudvile,1976
cz,zatec,19961
us,watervliet,9967
ir,jiroft,111560
dk,fensmark,4203
de,rees,22654
ru,melenki,15902
pa,tocumen,88543
nl,bodegraven,19920
jp,nogata,56822
in,narnaund,16300
in,mihijam,37259
ch,gossau,13148
cl,san felipe,59294
tt,tabaquite,3314
it,pontecorvo,14863
ca,waterloo,57432
be,zwijndrecht,18249
tz,magomeni,14015
mx,esqueda,6119
jp,sanda,132864
it,filottrano,9550
hu,bugac,3066
br,fonte boa,16060
ua,petrivka,5501
nl,enschede,154183
jp,takasaki,240860
hu,hejobaba,1949
co,pailitas,10481
be,sint-gillis-waas,17658
us,dunkirk,12451
ru,monetnyy,5540
ru,burla,4682
in,hospet,197862
es,vilanova del cami,11015
br,sao raimundo das mangabeiras,10216
cz,brtnice,3641
us,dundalk,61659
sk,kysucke nove mesto,16558
it,mottola,16686
hu,perbal,2167
hu,kazar,2080
ch,ettingen,4917
cz,straz pod ralskem,4010
es,amurrio,9806
us,cayce,12450
ro,costache negri,2582
ng,fiditi,71460
lu,bettendorf,1072
in,razam,27835
cl,salamanca,13265
br,paulo ramos,8888
in,koch bihar,78744
in,chetpet,18326
cn,luan,179665
ch,epalinges,7521
ru,mogochin,3191
in,khekra,42412
de,nidderau,20274
cn,karamay,174828
br,maracacume,14164
be,jalhay,7688
ba,gnojnica,3985
lu,altwies,617
cz,chlumcany,2371
cz,dobrany,5642
am,lernakert,1306
tw,juifang,44657
ru,muchkapskiy,7814
mx,queretaro,611803
jp,tsushima,67658
hu,foldes,4345
fo,oravik,36
br,joao monlevade,72763
ba,kakanj,12405
cn,caohai,56744
ni,rio blanco,12311
gr,yimnon,2041
es,huelva,145901
ru,verkhne-katunskoye,3009
pg,lae,76254
co,cartagena,952036
tz,mgandu,23718
jp,hamakita,86503
gr,trikerion,1182
es,torrevieja,59528
de,grafenhainichen,8026
br,capela,14272
us,pawtucket,74965
ru,dondukovskaya,6609
ro,piscu,5002
pa,san miguelito,321516
mx,tetecala,5111
it,travagliato,12234
in,chandur bazar,18781
fr,romilly-sur-seine,14158
br,muana,7464
dk,vinderup,2991
de,dulmen,47899
us,progress,9607
de,bad frankenhausen,9102
ru,peleduy,4556
ph,sinawilan,4017
jp,hayato,39475
us,aventura,27892
us,atwater,29686
mx,acutzilapan,5232
hn,arada,2913
co,achi,8434
dk,stubbekobing,2301
ro,unguras,3031
pt,aguas santas,27686
lu,oetrange,781
lk,beruwala,34256
it,fiume veneto,10556
ca,catalina,1352
us,cabo rojo,10840
us,somerton,9466
ru,fedorovskoye,3013
ba,janja,5543
us,hormigueros,11935
ua,plakhtiyivka,5038
ru,bezopasnoye,7176
ru,barnaul,599586
no,nordkjosbotn,391
nc,noumea,93331
in,sakti,21563
br,arcoverde,57164
co,montebello,2007
za,lichtenburg,65863
us,redding,91685
mx,saucillo,10595
jp,usuki,35001
in,shahapur,10966
hn,mangulile,1263
so,berbera,242363
ru,khrebtovaya,2017
my,simpang empat,58037
in,diamond harbour,40099
gb,fleet,34218
fr,nantes,284677
us,selma,20703
ru,atamanovka,9053
ph,jamabalud,2742
mx,hidalgo,20208.8
lv,broceni,3486
in,tanuku,68296
in,shamsabad,25268
in,barhi,11396.5
hu,torokszentmiklos,22770
ar,alta gracia,40385
in,baberu,15608
br,xapuri,5721
cn,lasa,118721
jp,moroyama,39693
hn,san juan de planes,1048
br,anajatuba,5627
de,werdohl,20481
bo,cochabamba,900440
ru,dukhovnitskoye,5943
ph,cogtong,3074
jm,maroon town,3643
be,pepingen,4261
ru,vysokogornyy,3926
ru,priiskovyy,1376
pa,bugaba,2582
mx,maxcanu,11930
in,jahangirpur,10043
gr,asimion,1259
cn,luocheng,73581
br,ipua,12370
ua,kopychyntsi,6774
no,lofthus,564
ne,maradi,163501
in,pehowa,39104
in,jaspur,42529
gb,warwick,24040
ec,arenillas,15852
za,colesberg,12424
ru,markova,6340
ro,ucea,2069
ro,sieu-odorhei,2526
lu,dickweiler,111
in,adilabad,118539
gt,santa lucia utatlan,1278
at,bischofshofen,10145
cn,wangou,65298
us,missoula,63164
ru,kusa,19819
in,muzaffarpur,333235
in,bhadreswar,121674
de,wiesloch,26642
am,maisyan,1521
de,bad freienwalde,15108
ph,liwan,5286
ph,esperanza,3556.43
mx,niltepec,3289
in,mannargudi,63154
gb,alva,5130
br,rio claro,96385.5
br,alagoinha,7474
co,simacota,2157
de,walldurn,11960
co,la tebaida,27099
pt,cantanhede,7347
no,brumunddal,8385
in,chhachhrauli,10751
es,cabra,20806
fi,lieto,15258
ru,karaidelskiy,201
rs,borca,37844
ph,santa ignacia,11477
it,pietrasanta,24625
in,ponda,18900
gb,witham,22995
cn,linqiong,55587
us,chelsea,33062
ro,roseti,5843
pl,reda,18116
in,kekri,37853
hu,sarosd,3474
dk,hedensted,10048
de,taufkirchen,17922
ba,pjanici,3537
ro,mihaileni,2897.33
ro,lazuri,5237
py,ygatimi,2810
mx,coxcatlan,5830
cz,strasice,2456
ca,morden,6395
ru,sasykoli,4965
ro,tamadau mare,2579
pk,dera bugti,18122
ch,lutry,8625
br,parintins,64429
ru,otkaznoye,4090
ro,comanesti,23730
in,hinjilikatu,22781
gr,gallikos,1239
de,rudersdorf,17943
es,alcantarilla,37969
ru,staraya stanitsa,7714.5
ph,tuguegarao,116665
hu,tiszacsege,4961
ru,kargopol,10966
ro,turnu magurele,28784
ro,tamna,3656
pt,monte gordo,4282
in,dhulagari,21080
id,bae,57927
ee,purtse,298
be,crisnee,2587
ro,sanandrei,5302
ph,lapinig,3578.5
ph,lamidan,3241
it,ischia,18621
bw,sebina,3030
ro,masloc,3935
ro,fitionesti,2853
mk,kratovo,10288
gb,dingwall,4687
fr,quimperle,11015
fr,bully-les-mines,11819
za,brandfort,12091
ru,nizhnyaya maktama,10600
ru,markovo,1253
ro,iana,3936
ro,ghindaresti,2669
ph,canmaya,2610
no,reine,356
es,jumilla,24476
us,wilkes-barre,40736
ua,nyzhnya krynka,14253
no,aras,602
in,jalesar,38618
cz,korycany,2827
ae,abu dhabi,603687
th,den chai,17019
ru,yeltsovka,3311
ro,cetatea de balta,3161
ph,duenas,3705
fr,saint-brice-sous-foret,13356
cn,shitanjing,78765
ws,saleaaumua,544
ph,labu-o,3267
de,unna,69138
ru,novaya lyada,4851
ru,nizhniy baskunchak,3153
ie,athenry,2419
us,webster,14033
us,waltham,58570
us,garden city,19887.8
th,bang bo,28376
ru,uvat,4581
na,usakos,9194
mu,cap malheureux,4803
ca,princeton,2706
us,yazoo city,12081
ph,bualan,3007
no,sandeid,570
in,hyderabad,3598199
ec,cotacachi,8238
ca,carstairs,2370
ru,aksarka,2576
pl,jarocin,25665
ph,ozamiz,93083
mg,andevoranto,10429
gb,kinloss,2011
bg,pordim,2711
br,joao pessoa,650896
ro,vama,4785.5
nl,zwolle,114924
nl,harlingen,15615
jp,kainan,43369
in,gola bazar,10937
cz,hlubocky,4556
et,guder,12569
au,lismore,31433
ru,soligalich,6886
ro,ciumeghiu,4419
ro,berislavesti,3032
pk,kambar,77510
jp,mibu,39729
us,north hampton,4721
us,indio,65955
ru,rostov,33804
at,wiener neudorf,8530
de,bramsche,28773
ro,dumbraveni,5259.5
ro,curtuiseni,3720
ro,curtici,9615
sl,bindi,3331
ru,poltavskaya,29009
pt,santa catarina da serra,4405
lk,point pedro,89944
kz,emba,18762
it,spresiano,9868
in,jalna,262055
id,nganjuk,69019
ee,kose-uuemoisa,980
ph,codcod,13026
ie,laytown,6342
id,temanggung,42081
am,yeghegnavan,1221
ru,tsurib,1915
ru,kungur,66390
it,palo del colle,22505
us,okmulgee,12482
ru,smirnykh,7116
gr,mesimerion,1195
ee,aaspere,315
de,gernsheim,9435
hu,szentgal,2815
br,jaguaribe,23066
us,reston,61076
ug,pallisa,30740
cn,nandu,61881
bw,machaneng,2139
bg,novi pazar,13017
no,korgen,877
et,aksum,41256
cr,calle blancos,20714
co,darien,11724
us,williamsport,29377
ru,menzelinsk,16858
jp,kazuno,36925
ba,pazaric,4787
br,maraial,14204
us,hilo,43050
ph,marbel,3399
gb,ashington,27546
fr,sorgues,17978
by,kleck,9641
us,paramus,26947
ro,boldur,2542
ph,basud,3463.33
na,ongandjera,2719
de,zeulenroda,13760
de,goppingen,58021
us,western springs,12446
ua,yurkivka,2887
mx,tequisquiapan,28963
in,pudur,11432
in,peraiyur,9245
co,surata,806
bd,netrakona,79025
us,wade hampton,20484
ph,palo,17534
gb,saint boswells,1062
co,libano,28212
ru,turukhansk,4774
ru,tarumovka,5245
ph,papaya,32874
no,nerland,219
mx,pajacuaran,9611
in,channagiri,20378
gr,maniakoi,2771
br,macae,143031
py,hohenau,5307
jp,hamada,45751
in,sanvordem,5051
fr,gouvieux,9324
ca,collingwood,15809
us,north massapequa,18903
us,warrenville,13179
ph,bantog,4111
gb,guildford,71873
ee,pringi,603
us,frederick,57297
jp,nakatsu,67373
hu,vasvar,4613
de,rosendahl,11132
uz,boz,23750
ro,salacea,3138
pk,gujar khan,69394
mx,algodones,4874
in,paradip,3608
br,rio negro,23007
ua,chapayevka,3272
ph,buliok,3713
br,joaquim gomes,14808
ru,novotroitskaya,7910
ro,paulis,4036
pl,pinczow,11806
pa,maria chiquita,1146
pa,guarare,2104
jp,iwade,55634
in,kalagarh,13298
ee,kabala,366
us,oxnard,187235
ph,ipil,7212.75
jp,hasama,22740
in,muktsar,89840
gr,kiparissia,5033
bt,phuntsholing,65892
ec,catarama,9723
ru,vytegra,11100
ru,ipatovo,29073
ro,huedin,9395
hn,callejones,1033
gb,brechin,6977
ph,bogtong,3999
br,cruzeiro,72023
co,urumita,8509
ca,prince george,65558
ru,khabary,5895
gt,ipala,5174
gr,anifion,922
cn,minggang,67945
mx,zacatepec,12060.7
mx,taretan,6449
gb,louth,16635
fr,mulhouse,111972
cz,vacenovice,2075
es,cartagena,201977
us,sunland park,14251
ru,ivanovskoye,7003
pt,santarem,29385
de,lehrte,44495
br,itapetininga,126245
ru,verkhnetulomskiy,1889
pt,corroios,52517
ph,tanauan,16567
jp,kurobe,36479
it,casteltermini,8384
hu,hegyeshalom,3507
de,aken,9350
cz,ivanovice na hane,2893
de,wadersloh,13212
zw,gwanda,20731
tn,subaytilah,21539
za,newcastle,404849
us,lyndon,7936
us,salina,45723
ph,halayhay,10630
mx,cuicatlan,3877
br,bom despacho,40304
uy,minas,39123
ua,borivka,3483
ru,urus-martan,41480
ro,galda de jos,4772
in,walajabad,10544
in,lakhna,11390
hu,rajka,2601
at,lauterach,9212
br,macau,18070
us,harrisonburg,41725
mz,maxixe,119868
mx,atlazalpan,10062
al,patos,22679
ec,ambato,154369
ru,sovetsk,23221.3
ro,apoldu de jos,1506
nz,owaka,395
in,terdal,26413
in,rajnagar,13391
de,bad aibling,17926
cn,lubu,95820
us,adelanto,21955
ua,ozerna,3451
ru,sergach,22361
ru,aleksandrovskiy zavod,2516
in,bantva,15052
hu,batya,2190
de,burgkirchen,10795
us,terrell,17150
ua,horodok,17086
ru,samoded,1928
ru,raychikhinsk,23746
ru,molochnoye,8421
ke,gazi,5222
hn,santa teresa,914
co,el carmen de bolivar,47958
us,sabana grande,8961
ro,visina,4957.5
ro,baia mare,136554
pk,dir,29871
bf,batie,6525
us,rochester hills,68895
us,burr ridge,10938
us,pismo beach,8477
ru,lyudinovo,41392
ro,dubova,1073
jp,kaminokawa,30828
hu,hatvan,22710
us,hauppauge,20108
ua,ozerne,5404
th,chumphon,55835
mx,general bravo,4073
fr,valbonne,11782
bt,jakar,4829
ar,general pico,55900
cn,genhe,73631
us,woodinville,10126
ua,rakiv lis,2958
ru,tambov,290936
pk,kunjah,28102
my,peringat,23291
lu,emerange,99
in,jalalpore,17325
in,daudnagar,41240
za,winburg,11072
ua,kreminna,23538
ru,radchenko,2022
ru,kayasula,4982
ro,bivolari,4530
br,pimenteiras,3819
co,nobsa,3360
jp,ichinohe,15825
in,pandharpur,95673
in,khem karan,12637
in,gadwal,55958
in,bhagwantnagar,6597
il,kafar manda,14771
ua,nova kakhovka,50672
ph,panique,3532.5
pe,pomabamba,4473
no,eidsvoll,3432
in,wardha,113768
in,garulia,74404
be,kampenhout,10784
ch,monthey,16002
cn,xinxiang,743601
us,maricao,1172
us,amesbury,18313
lu,tarchamps,294
br,sao marcos,18591
co,velez,10905
ru,vydrino,5211
in,toda bhim,22531
bg,ruse,157519
br,sao simao,12351
ro,sabaoani,10218
pk,bela,20121
pa,el ejido,1120
mx,los mochis,214610
br,campina grande,348943
uz,kibray,27750
us,takoma park,17860
kz,shubarshi,8651
in,chandia,13100
cn,maba,113609
us,thousand oaks,127942
us,bessemer,28628
ru,chontaul,8241
ro,nucsoara,1687
ro,cenei,4754
ph,carlagan,2562
id,peterongan,22726
cg,matsanga,3582
in,anakapalle,84367
br,mata de sao joao,26680
co,la palma,8093
us,hampden,7781
us,rexburg,29439
ru,agapovka,6362
pk,kundian,35417
si,mozirje,1957
ph,nabannagan,3596
my,bandar penggaram,156245
mx,santiago tuxtla,15681
in,marhaura,26140
fr,amneville,9640
ca,delhi,4227
us,augusta,18661
pa,wala,532
np,hetauda,84800
mx,angangueo,4943
mu,goodlands,20910
in,bilsanda,15540
co,malambo,101536
br,conceicao da barra,19310
ru,petro-slavyanka,1308
ca,airdrie,24673
ba,potoci,8311
br,paraipaba,18424
ee,ramsi,732
br,itupeva,25183
ph,catarman,3104.5
jp,yasugi,29368
it,ponte san pietro,9873
gt,pajapita,7996
ge,jvari,4756
gb,montrose,10620
fr,vannes,56649
de,velbert,88876
at,hochst,7207
co,uramita,2292
mx,jalapilla,5561
lt,mazeikiai,41314
jp,shimonoseki,245789
gb,kirriemuir,6108
ru,aleksandrovskoye,18002.5
ir,zanjan,357489
de,konigstein,15767
ro,silindia,943
in,chandil,4657
id,jember,298620
hn,sonaguera,11444
az,sollar,205
ca,elk point,1514
uz,samarkand,319404
us,norton,15770.5
ug,nakapiripirit,1800
no,gullhaug,1948
mx,pinotepa de don luis,5527
gb,bentley,34821
be,tienen,31743
ee,lehtmetsa,789
ec,sucua,7413
dk,vadum,1978
us,sugar land,75777
tr,yuksekova,71763
ru,malinovka,9981
mx,tejupilco,25036
ir,semnan,124831
in,gosainganj,13177
ph,ganassi,2412
gf,grand-santi,3942
es,redondela,29583
de,schleiden,13972
cn,huangpi,57554
cn,shaoguan,628749
kz,beyneu,14245
gb,law,2994
ca,lively,7081
ao,lubango,102541
ws,leulumoega,1458
ro,ciumani,4428
mx,apizaco,46461
in,kolar,126452
in,iluppur,12472
hu,alsonemedi,4974
fo,saksun,37
us,saint peter,10584
ro,malnas,4804
ph,bonga,2528
mx,terrenate,4348
lu,bockholtz,47
lk,kalutara,38007
ky,george town,27340
ca,mitchell,4416
ru,chernyakhovsk,45188
no,herre,1347
in,tiruttani,39902
ht,aquin,5219
gw,fulacunda,1327
gb,dundee,151593
br,buriti alegre,9427
si,radece,2291
ru,peno,5187
ru,mulino,11513
ph,aguilar,9801
mx,xalpatlahuac,4054
lu,bour,67
it,sona,15528
br,timbiras,17875
fi,kokkola,35586
ug,buwenge,15130
ua,ustynivka,4003
mx,san jeronimito,6385
lu,bous,560
jp,hiroshima,1143850
jp,hirakata,406335
tw,chushan,59640
ru,neyvo-rudyanka,2895
cm,doume,5609
be,kinrooi,11946
br,machado,33003
bo,buena vista,4283
us,petaluma,55352
ph,enrile,9650
ph,bunog,2228
ec,loja,117796
cz,kvasice,2275
us,schaumburg,73451
ru,kedrovyy,3061
ru,bereza,5846
ph,dipolo,2679
fr,lillers,9929
ar,la rioja,178497
br,itapemirim,17536
be,essen,16754
de,morbach,11184
ph,lavezares,4082
jp,okawa,39224
it,certaldo,16096
se,fagersta,10432
ph,gumalang,4313
lv,ventspils,42643
ir,kalaleh,33703
es,adra,23988
de,stadthagen,23474
br,juiz de fora,470201
us,wapakoneta,9524
us,woodland,51731
tz,ndago,13012
ru,buzuluk,87715
ro,lunca,4324
it,molfetta,61308
ch,allschwil,18745
cn,suileng,57124
cn,huangpu,116307
am,azatavan,2886
ru,obluche,10777
ph,obong,5576
ph,bunol,3021
pl,radom,226794
mn,mandalgovi,15433
gr,parakoila,881
co,san mateo,1634
us,berkeley heights,14179
tz,karatu,19803
ph,abucay,19185.5
in,kalamnuri,22709
co,guatape,5389
us,mastic beach,12086
tr,afyonkarahisar,146211
ru,aksay,23897.5
fr,albert,10180
ru,vologda,294892
mx,san lorenzo cuauhtenco,4569
in,chandpur,73562
in,ahmadpur,24538
fr,le grand-quevilly,26342
ca,red deer,73595
ba,derventa,9772
al,lac,24825
ro,seleus,3140
ro,maldaeni,4755
jp,saijo,58824
it,apricena,13753
gt,joyabaj,12893
fr,sceaux,20564
ch,schonenwerd,4470
us,terrytown,25858
ro,braesti,2671
pk,turbat,75727
ph,dauin,3305
ph,comagascas,2914
gr,palaikastron,1094
fr,saint-germain-en-laye,38098
us,jefferson,19545.5
us,broomfield,44692
co,san cayetano,1064.5
bo,san pedro,2990
mx,itzican,4713
ie,balbriggan,11293
cl,coihaique,45788
br,toritama,23941
ph,mapili,2104
nl,maasbracht,13764
gr,khavarion,1467
fo,kaldbak,229
br,presidente epitacio,38742
dk,hvalso,3930
al,fierze,742
tz,songwa,23618
ru,baryatino,2645
nz,hokitika,3401
jp,yukuhashi,71278
et,gedo,7499
za,mogwase,11601
ph,wines,2907
ph,dauis,2553
in,sakleshpur,24934
gt,huehuetenango,77797
us,big rapids,10731
ph,parista,3515
br,olivenca,2848
cn,xiaolan,187865
uz,olot,11984
us,oak creek,34755
us,santa cruz,54617
ro,sopotu nou,1397
ro,mastacani,5185
pk,ormara,13027
br,turiacu,10471
ar,salta,548288
us,manati,16093
us,plaistow,7885
ro,bacesti,4017
pt,arcozelo,13495
br,gandu,21566
lv,vilaka,1797
it,ferentino,22555
in,bhinmal,42866
gt,san luis jilotepeque,10094
gh,ho,54199
gb,great sankey,43793
es,paterna,50148
ro,snagov,6126
ro,foeni,1765.5
ro,bertea,3328
ph,malibong,2313
fi,kotka,54616
co,pajarito,1258
ru,kildinstroy,2699
mx,mazatan,5938
in,jatara,17003
in,jalor,49686
cn,jiehu,69245
co,el tambo,6817
us,north aurora,14447
tn,jundubah,51419
hu,gyongyos,32938
gb,sale,55689
ru,shafranovo,2611
ru,podstepki,3140
ph,tiring,2232
hu,mezocsat,6519
ge,sioni,777
ba,ostra luka,3923
us,spanish lake,21637
pt,atouguia da baleia,8313
pl,przasnysz,16718
gr,kardamaina,1926
ba,velika kladusa,19330
co,filadelfia,5064
es,laguna de duero,19362
jp,kameyama,39900
us,medford,48584.3
th,bang kruai,78305
ph,aquino,2607
nu,lakepa,86
mx,acuautla,21905
co,villahermosa,4156
cn,linqing,110046
be,walcourt,17501
zm,kalabo,7732
us,pewaukee,13332
us,lakeville,30890.5
se,enkoping,19733
ba,knezica,4792
us,le mars,9256
ua,russkaya polyana,7780
es,olot,31901
rs,kanjiza,9972
at,finkenstein,8406
in,sinor,11267
in,chhapra,197350
gl,neriunaq,7
co,zambrano,9565
cz,humpolec,10915
nc,we,11176
lu,tandel,89
co,el reten,15901
ee,jogeva,6396
bd,mehendiganj,39429
us,orangeburg,12913
ru,sukhobezvodnoye,6634
pt,a dos cunhados,6594
ph,mampurog,2310
jp,kurihashi,27813
ir,qorveh,87960
fr,halluin,20075
de,schwarzenberg,18406
es,mieres,45510
us,petersburg,32812
si,vrtojba,2385
ru,buguruslan,53512
ro,rucar,6142
gt,nuevo san carlos,18681
gr,isthmia,1043
ca,crystal beach,7062
al,himare,4596
ee,aasmae,638
es,soria,35129
br,faxinal,13464
de,eisenberg,10793
us,wilson,46748
ru,khazar,3736
mx,chetumal,134464
mk,drugovo,3149
it,trebisacce,9028
fr,valenciennes,42941
ch,saviese,5653
ru,izberbash,42122
pk,chor,16302
nl,alblasserdam,18888
fr,venissieux,53678
br,massape,22193
me,ulcinj,10641
ke,ahero,8788
jp,shijonawate,56851
br,seabra,16765
us,sunrise,90993
us,carpinteria,13786
us,west memphis,28065
ph,candelaria,2178
in,chikitigarh,11056
hu,mezobereny,11306
ci,san-pedro,195873
co,palmas del socorro,657
us,greeneville,15207
tz,dunda,14080
ro,sag,3926
hn,villa nueva,2295
gr,doliana,616
gb,blackburn,37307
fr,amiens,138816
ee,paistu,346
tj,kansay,5042
ro,dorna,3089
ph,anilao,2677
hu,pomaz,14917
bd,kaliganj,45636
ro,prigoria,3481
ro,dobrin,1736
ph,causip,2033
pa,villa rosario,2947
co,bojaca,4399
br,assare,11369
ru,sharya,24395
ph,pavia,5928
mx,tehuacan,241437
in,shikarpur,33964
in,purnia,198474
in,banmankhi,26809
fr,passy,10859
de,bad bramstedt,13303
us,shiloh,10671
us,caldwell,34330
ru,zelenoborskiy,7207
in,kuttanallur,23260
de,bad sooden-allendorf,8955
ee,tudu,441
cr,san francisco,55933
ua,skvyra,17452
ru,kharabali,18224
ru,kamen-na-obi,44564
in,kotra,8535
de,bad neustadt,16268
uz,kosonsoy,43684
in,khairabad,42129
cz,uvaly,4834
am,lchashen,4182
bg,dragoman,3196
al,rubik,2332
us,fern park,8394
us,crestline,11250
ru,lugovoy,1994
pk,burewala,183969
id,cisaat,141005
us,cayey,18495
ru,zolskaya,8865
ru,sokolovo,3281
ru,listvyanka,1700
ru,khiv,2401
ro,valea marului,3717
mx,nuevo laredo,349562
lu,bissen,2547
be,liedekerke,11980
ch,alpnach,5139
sn,guinguineo,15201
sk,senica,21741
py,villeta,11031
lv,mazsalaca,1701
de,rastede,20358
ve,barquisimeto,809564
us,newport news,183444
us,salt lake city,178026
ru,kaduy,11570
ru,buturlino,6857
ru,ali-yurt,7593
ro,borca,6556
nl,haelen,10283
gl,kangersuatsiaq,244
ch,thun,41539
ca,alliston,10224
mx,tuxtla,55699
it,capannori,41274
tr,burdur,66192
ph,taviran,2851
nz,wanaka,4428
cd,beni,89643
us,california city,14780
ro,unirea,3776.5
pt,oliveira do bairro,6239
lk,kotte,118199
hu,hidas,2274
cg,ouesso,16691
us,brewster,37107
ro,stei,8320
ph,campokpok,5688
it,scandicci,50491
cn,zhaoyang,105918
kh,kracheh,19979
hu,tiszapuspoki,2096
es,almonte,18280
ao,saurimo,40498
us,storrs,10684
pk,wazirabad,102474
hr,pula,59079
co,belen,4271
cz,vimperk,8237
us,sikeston,17026
ru,verkhniy mamon,8278
ru,pravda,2412
gt,santa maria ixhuatan,3559
gr,aiantion,3936
tr,beysehir,44483
bo,robore,9883
tn,taburbah,26012
ru,syasstroy,13170
py,san miguel,1210
pl,lowicz,30397
dk,stige,2182
br,jaru,28018
sv,texistepeque,2401
ru,borovoy,3881.5
pt,valega,7005
pt,moreira,11336
my,butterworth,107597
in,katghora,20115
gr,livaderon,1663
ph,kungtad,2464
no,reipa,307
za,theunissen,34745
ru,kuzino,2318
ph,carranglan,11017
il,pardesiyya,6348
br,candido de abreu,5102
de,germersheim,20706
br,pompeu,25278
ci,bocanda,14051
th,trang,66713
pk,muzaffarabad,19748
in,gandai,12477
gr,xilopolis,1442
gr,khorion,3331
de,mossingen,20197
au,australind,6621
ua,obukhiv,31557
pt,alcabideche,33315
ph,macaboboni,2461
in,venkatagiri,32765
in,mahiari,17053
in,bishna,11646
br,bastos,17681
ro,jina,4013
no,tvedestrand,1975
in,hosanagara,5188
id,tegal,237110
hr,gospic,6118
gt,sibilia,1155
ee,surju,320
de,hettstedt,15876
us,hyattsville,15323
ru,lodeynoye pole,22164
ru,gorkovskiy,15315
pk,faisalabad,2507302
pe,palpa,5909
mx,nueva rosita,36644
ke,nambale,1154
jp,sobue,23372
hu,segesd,2674
gr,tolon,2322
ru,kostomuksha,30138
ru,zalukokoazhe,9554
pw,ngaramash,135
no,aurdal,703
in,sironj,45459
us,greenbelt,22390
ru,pustoshka,5253
ro,rebricea,3605
pt,pontevel,4435
us,south whittier,58952
td,moussoro,15190
ro,rebrisoara,4638
pt,cova da piedade,19472
ph,palahanan,3404
id,balung,47631
gl,ammassivik,83
am,jrashen,2387
de,lichtenfels,21586
us,richland hills,8173
tr,susehri,25832
ru,nevyansk,25822
ru,kulary,4673
ru,klyuchevsk,1955
lu,petit-nobressart,89
in,dholka,54981
ru,zheleznovodsk,24632
be,enghien,11367
ca,clinton,3292
cz,rudolfov,2377
us,north miami,58472
tr,izmir,2501895
ro,petrova,2664
ph,tabo-o,2965
id,blora,51812
ca,irricana,1091
al,bulqize,11212
es,parla,88983
us,little falls,10688
pt,guimaraes,40603
it,san felice sul panaro,10589
in,konnagar,76090
de,wermelskirchen,36952
us,sanger,20772
tr,izmit,196672
lu,girst,113
jp,saiki,49066
in,chincholi,20449
us,kahului,22315
in,hatta,30858
gr,neokaisaria,805
us,vallejo,120446
ro,brodina,3654
ro,bahnea,3754
ph,pagadian,132578
ph,paatan,4526
br,campo verde,22842
br,itapeva,62958
de,osterholz-scharmbeck,31469
ro,trivalea-mosteni,3359
ro,grojdibodu,3282
lk,jaffna,169126
in,bighapur,6409
bg,rudozem,4041
br,artur nogueira,40404
th,u thong,13753
th,khon kaen,147579
ru,zauralskiy,7777
ru,mayachnyy,3506
ru,gdov,5521
ro,uliesti,4494
py,cambyreta,822
be,rumes,4918
pk,hafizabad,153701
ph,pang,2563
mx,matehuala,67720
ee,abja-paluoja,1372
bj,savalou,30187
ru,kamskoye ustye,4459
ro,farcasele,5045
in,wangjing,7529
de,papenburg,34715
bj,banikoara,22487
co,manzanares,16278
us,mattoon,17711
ru,pravdinsk,4515
ru,malaya vishera,13834
it,asola,10112
se,sandviken,22111
ro,mariselu,2534
in,mauganj,25540
cz,ratiskovice,4032
cn,yangliuqing,76387
ru,sotnikovskoye,5116
cz,tachov,12684
ca,aldergrove,11963
cu,agramonte,5376
jp,ureshino,18953
br,itapevi,201752
ph,romblon,15316
ht,port-au-prince,1234750
br,sao bento,20997
br,arraial do cabo,26164
be,tessenderlo,16574
pk,narang,34776
no,balestrand,799
my,labis,21907
mx,etzatlan,13183
lv,karsava,2645
lu,aspelt,1013
lt,kulautuva,1401
in,rajampet,31079
be,maaseik,23684
us,comerio,4649
us,mission viejo,96287
ro,albestii-pamanteni,5815
lt,vilkija,2289
it,vittorio veneto,30193
in,bagalkot,97277
fr,saint-genis-laval,19668
ch,pfaffikon,9987
no,hestvika,235
ru,malino,4327
ro,poiana teiului,5145
pl,wegrow,12512
ph,candoni,6191
in,biswan,52522
ie,ballaghaderreen,1389
cm,muyuka,31384
ru,panfilovo,289
ru,nikolayevsk-na-amure,27152
mx,santa catarina,129480
hn,goascoran,1350
de,alfter,22028
us,lakeside,20730.3
mx,zongolica,6411
jp,choshi,75651
gh,duayaw nkwanta,14227
vn,lang son,34964
uz,pskent,27864
in,baidyabati,115515
br,caapora,13770
ca,lac du bonnet,1134
bg,razlog,12347
be,oreye,3373
kz,zhetybay,11731
bf,kombissiri,19180
hu,valko,2461
cm,mutengene,47638
co,sogamoso,126553
ci,alepe,11794
ws,vaipua,417
uy,treinta y tres,27433
ru,muravlenko,39137
de,plon,12876
ro,strugari,2629
no,hakvik,545
in,macherla,51044
id,banjaran,165136
ga,mbigou,4134
am,pokr mantash,1838
ua,lityn,6804
ru,sarapul,101346
ro,izvoarele,4423.4
nz,masterton,20698
hu,nyirlugos,3004
us,leeds,11167
ph,aurora,7199.2
vn,dien bien,40292
us,west warwick,30146
ug,hima,14678
ph,cama juan,2357
no,mosterhamn,1156
mx,tecali,4508
mx,oyamel,5110
de,bad orb,10051
de,korbach,24657
ua,berezna,5172
ru,shikhazany,3060
ro,dolhesti,3433.5
mx,nadadores,4501
gr,gra liyia,1282
de,pirna,39701
us,waukesha,68112
ph,daraitan,3742
ve,ciudad bolivar,291170
ng,iseyin,340707
mx,la trinitaria,6655
jp,atami,40688
in,ramtek,23405
fr,meylan,19569
cz,sumperk,29604
de,seelze,33224
in,naliya,10586
fr,ivry-sur-seine,49463
br,urupes,10745
de,budelsdorf,10060
us,jasper,13840.5
th,sansai,37491
si,postojna,8626
nl,rozenburg,12960
br,porangatu,32758
br,ribeirao das neves,406840
ph,de la paz,3144
ve,turmero,344746
ru,gornozavodsk,9187.5
in,padampur,17422
gb,ardrossan,10936
ca,pilot butte,1728
be,hoeselt,9265
au,blackwater,7250
ru,buron,496
mx,catemaco,24258
br,cacimbinhas,4618
us,pleasant grove,17444.5
ph,tiaong,5044
fi,helsinki,558457
cl,penaflor,65494
ro,ticvaniu mare,1894
ro,stancuta,3852
pf,tautira,2293
in,benaulim,10225
hn,llano largo,910
gr,peristasis,2454
be,borsbeek,10334
si,bled,5205
pl,kamien pomorski,9036
pe,la arena,32914
it,castel goffredo,10916
fr,provins,11958
ro,viseu de sus,16321
ph,casala-an,2875
it,nocera superiore,22898
it,montalto uffugo,19140
hu,cigand,3245
gr,papagos,12903
gb,durham,45696
ee,reiu,376
tz,kibaha,23653
cm,akonolinga,17181
uy,montevideo,1305865
us,milwaukee,579180
us,wichita,355244
ru,bezhta,3994
ph,malusac,2162
in,thoubal,44497
in,raikot,26116
hu,porcsalma,2770
gb,ossett,21616
ee,vana-vigala,572
us,roanoke rapids,16299
us,villa rica,11328
ua,shcholkine,11264
se,tranas,13765
mx,dzitas,2909
bg,kojnare,3678
bd,palang,67659
de,alzey,17945
ph,talakag,7861
ky,west bay,10768
zw,kariba,34797
lt,vievis,5269
co,viani,1586
tr,yenisehir,28671
ru,novovelichkovskaya,8774
pl,opalenica,8991
am,zoravan,1167
ca,thetford mines,22007
at,maria enzersdorf,8085
au,melbourne,3730212
us,fredonia,10440
tz,muriti,20254
it,tirano,9546
fi,varkaus,22365
us,hanahan,13100
th,sungai kolok,42776
ru,vishnyakovskiye dachi,1773
ro,biertan,2939
pk,sargodha,542761
ng,damaturu,255913
fr,selestat,18457
us,grand island,44766
us,coral hills,10740
us,fort payne,13586
ph,caramay,2524
in,singarayakonda,17798
am,arzni,2244
cz,letohrad,6257
ru,yerbogachen,2019
ph,kawayan,2154
mx,coatepec,20563.3
in,jahangirabad,57369
gr,exarkhos,965
fo,nes,233
es,moana,18244
pl,opoczno,22592
pk,jhawarian,27892
gt,san cristobal acasaguastlan,2127
gb,denholm,609
es,montoro,9502
be,wezembeek-oppem,13245
bg,novi iskar,13194
rs,pec,93161
ad,canillo,3292
us,trujillo alto,54191
th,mae hong son,9109
ro,maeriste,3436
ph,tungawan,3603
ph,navatat,2493
nz,te anau,2074
lu,ellange,299
in,navalgund,23210
bo,la guardia,10259
tr,nizip,82351
sl,gandorhun,7003
ru,brinkovskaya,4821
be,jodoigne,11930
es,chiclana,63012
br,piraju,25271
ph,catabangan,3665
it,san cataldo,24487
hu,lorinci,6089
dk,aulum,2875
cz,tyniste nad orlici,6259
bf,po,21003
vu,lakatoro,705
pk,sarhari,11434
ph,tamorong,2442
ph,basista,2781
ng,ikere,103062
ru,kvitok,3155
rs,kovin,14472
jp,yachimata,83324
fr,vieux-conde,10586
cn,wangkui,69915
cn,qianguo,113611
es,san fernando de henares,40089
us,franklin lakes,11445
tz,mungaa,16715
ru,remontnoye,7374
mx,yajalon,14763
it,carmiano,12291
il,netanya,172405
us,west orange,48131
ru,rostov-na-donu,1074495
kz,borovskoy,9659
it,castellaneta,18022
id,ngaglik,34328
ca,kemptville,4229
bg,kermen,2172
us,natchitoches,18598
ph,sigma,3222
it,castenaso,14193
in,ramanuj ganj,10702
br,massaranduba,3153
us,aransas pass,9121
us,superior,19158
mx,dolores hidalgo,55140
id,kresek,110304
gt,tejutla,2599
ca,camrose,15687
us,roselle,22228
us,artesia,13746
sd,umm durman,2810328
ru,yemelyanovo,11734
ru,pyshma,10094
de,leinefelde,13794
ro,brusturoasa,3479
jp,hannan,60796
in,bombay,12692717
fr,hazebrouck,22109
br,uruburetama,12076
at,waidhofen,11774
ba,radisici,4071
cn,dandong,631973
th,chiang klang,13244
ro,sambata,1641
py,pilar,25542
ph,malusay,2473
gr,mouzouras,1462
ca,beaupre,5287
za,zastron,12449
us,jonesboro,58619
th,phanat nikhom,21924
ro,buturugeni,4078
lu,grundhof,27
nl,montfoort,13385
it,randazzo,11731
gr,exokhi,1739
ao,longonjo,24350
ua,yavoriv,13008
mt,kalkara,2982
br,navegantes,47782
az,astara,15190
ro,voivodeni,1930
in,talbahat,13791
gb,findhorn,1040
ru,verkh-neyvinskiy,5156
ru,sovetskiy,10837
ru,rzhaksa,5692
jp,okaya,54286
ph,masarayao,2085
cn,kaiyuan,198423
th,sungai padi,14274
in,falakata,20120
hu,kisvarda,18190
hu,kal,3683
cz,podebrady,13445
at,melk,5272
us,galion,11349
pf,afareaitu,3213
gr,kerkini,1573
gb,neilston,5091
mz,maputo,1191613
hu,szomod,2020
gr,skotina,953
az,guzdak,2462
bg,ardino,3497
ph,potot,2529
hu,orbottyan,5495
am,haykashen,1140
us,bethany,19673
us,ensley,20146
us,hercules,23819
si,domzale,11647
ph,dumlan,2661
mx,ajoloapan,15905
id,sinjai,40798
hn,jutiquile,3585
fr,pierrefitte-sur-seine,27441
br,uirauna,7823
cz,moravsky krumlov,6079
au,corowa,5179
us,atlantic beach,13644
se,lidkoping,24586
ru,ptichye,4680
pl,szubin,9206
ph,rissing,2117
ph,lubigan,2444
ph,binan,2094
ng,mubi,225721
mx,venustiano carranza,10329.7
in,thakurdwara,39864
si,ziri,3587
ru,vozhega,6703
ru,mikhaylovskoye,10973
rs,donji milanovac,3069
pe,cerro de pasco,79183
bg,kjustendil,47315
cn,shizilu,86749
us,inglewood,116158
mx,huehuetan,7265
iq,mandali,29882
ro,ramet,734
ph,bilaran,4577
bj,sakete,30111
us,granger,32749
th,khlung,13286
ro,sacadat,1882
my,bidor,30018
mm,mawlamyine,438907
in,surajgarh,19723
ie,birr,4549
de,wuppertal,363240
za,verwoerdburg,233394
nz,edendale,583
in,gorur,6192
ru,novomikhaylovskiy,5650
nz,havelock,504
mu,gros cailloux,3361
jp,moriya,56567
fr,plerin,12890
fr,aubagne,43979
cf,bria,47190
cn,chaozhou,424787
mu,quatre soeurs,3515
it,leverano,13795
gr,antissa,841
cn,rizhao,246387
cn,dongning,61440
ba,bugojno,41378
cm,bonaberi,8091
bw,sekoma,1083
ph,tubig indangan,4671
mx,mapimi,4548
gb,beauly,1169
sn,mekhe,20207
fr,saint-louis,20387
cg,madingou,22760
uy,tacuarembo,50575
us,taos,5197
us,coldwater,10864
ru,lesogorsk,3435
in,takhatpur,17861
fr,arles,49925
us,houston,2027712
us,piney green,12932
tz,bukoba,70630
th,ban tak,18384
ro,sita buzaului,4788
ph,binay,2828
pe,quiruvilca,9268
mx,apan,26386
in,obra,56116
co,fonseca,23510
co,san onofre,32958
zm,mwense,4378
us,emmett,6239
ro,leleasca,1819
lv,sigulda,10422
br,moita bonita,3602
cm,edea,203170
ru,ikryanoye,9880
ph,lucero,2572.5
mx,penjamillo,3584
ug,kigorobya,5420
cz,svitavy,17625
ca,lake cowichan,2870
cn,wencheng,115370
br,santa maria do para,12915
de,grefrath,16167
no,koppera,210
cn,yuci,235929
ua,fontanka,6027
ru,shatalovo,4142
ru,mudyuga,938
in,thiruvarur,58782
hn,guatemalita,950
us,minneapolis,367773
sr,marienburg,4463
pt,vila verde,4389
ph,sorsogon,81419
it,ciampino,40686
hu,kesztolc,2559
co,simijaca,4767
us,amsterdam,17735
us,kentwood,47059
ua,dzhankoy,41731
rs,curug,8876
pt,alhadas,3767
ph,balsic,5661
nz,waihi,4619
es,navalmoral de la mata,16752
cn,youhao,78402
af,eskasem,12120
us,racine,79263
mq,sainte-marie,20381
it,leghorn,146762
in,mahe,38188
ie,cashel,2798
ru,vyselki,18746
pt,canidelo,26430
mx,hueyapan,4947
in,perur,8342
ao,camabatela,12839
ro,petelea,2735
mu,grand sable,2208
fr,nevers,40520
tr,karakose,92069
ph,goa,20936
br,ituverava,36998
az,hasanabad,4308
ru,gumrak,5227
lu,oberfeulen,283
in,jhanjharpur,31323
gb,bracknell,76103
dk,vra,2273
pl,raciborz,58464
nl,vught,26082
mx,acatzingo,22386
dk,nexo,3841
am,zovuni,4484
us,gardiner,6239
sy,manbij,105420
rs,sopot,1775
mm,kayan,40322
gr,tsikalaria,1204
gr,ayia galini,1369
be,quaregnon,18491
br,vargem grande,21420
sv,cacaopera,2528
ph,kadingilan,7020
br,saquarema,62057
eg,madinat sittah uktubar,41930
ru,ugra,4721
mx,san bartolo,5821
gr,neon ayionerion,1649
de,buchloe,11997
ba,banja luka,221100
dk,bjaeverskov,2619
br,limoeiro do ajuru,4109
us,lahaina,9319
ru,shumikhinskiy,2192
ru,polyany,6170
ro,diosti,3366
my,bukit rambai,17391
gt,zapotitlan,1583
us,signal hill,10576
ro,tismana,7751
mx,muna,11363
es,teguise,13491
bi,rutana,20894
es,tarragona,128391
ph,buenavista,3291.45
ly,sabratah,102037
cr,liberia,45405
ro,copacel,2427
jp,osakasayama,57170
ru,khelyulya,3082
ru,achikulak,7040
in,phulpur,22888
br,turmalina,8798
ua,milove,5418
ru,bolshaya dzhalga,3877
pe,huarmey,16245
in,kodlipet,2686
hn,santa rita,5754
co,yavarate,38
us,tewksbury,29326
us,canyon lake,16615.5
ru,peredovaya,4204
ru,konokovo,7507
ph,tunga,2932
rs,bosilegrad,2713
mx,teotihuacan,22540
ru,bokhan,5387
ro,bilbor,2820
pt,areosa,4626
nz,patea,1286
mx,san jose de gracia,4811.5
jp,shinshiro,36070
jp,namioka,20681
gb,gorebridge,5874
co,herveo,3490
de,niesky,11260
vn,phu ly,31818
us,atoka,5277
th,prachin buri,32600
rs,kovilj,5736
ph,malabugas,4646
mx,tapilula,6432
mx,charo,4689
mx,angostura,4587
ec,chone,44751
ro,craciunelu de jos,4297
pt,sangalhos,4516
in,chandla,11196
hu,oroshaza,31373
gr,nigrita,5320
gr,mikromani,997
ph,lombog,2276
lu,bourglinster,680
hu,felsozsolca,7040
gr,galatini,2085
ao,leua,5168
ca,louiseville,5819
us,dekalb,43383
us,atlanta,422908
ro,silistea crucii,1826
br,pirai do sul,16409
in,jafarpur,14798
in,bahua,10244
hr,opatija,7888
gr,astros,2222
ru,sinyavino,3593
pe,eten,13755
in,pattukkottai,67988
in,ara,223700
de,wittlich,17902
co,heliconia,2403
ru,opalikha,5081
ru,bolshoye pikino,2622
ro,baile herculane,6022
mx,periban,11877
de,castrop-rauxel,78587
us,pennsville,11438
ro,sinesti,3158.33
ro,banisor,2385
ph,tigbinan,2805
ph,jaena,4272
ph,bangonay,2643
in,nilanga,34494
hu,tapiobicske,3514
es,aguimes,21908
ba,livno,11748
us,red wing,15972
pk,duki,6385
ph,lubuagan,2893
mx,xoxocotla,19790
id,tangerang,1372185
gy,bartica,11159
ee,noo,1476
de,kongen,9879
bf,pitmoaga,8041
eg,suez,488124
zm,mpongwe,8997
it,nichelino,49474
gb,basingstoke,96349
us,oak grove,12674
ua,mizoch,3553
ru,zayukovo,10559
ph,cordova,2588
gb,morley,57386
ca,killam,1056
ee,tallinn,394023
bg,vraca,48995
us,affton,20092
ua,terebovlya,13153
ro,agigea,5405
pa,morti,528
in,new delhi,10928270
gr,loutra,1115
br,jaragua do sul,130132
ua,vasylivka,15012
jp,fujishiro,33149
in,deulgaon raja,26690
us,south san francisco,58555
ni,san carlos,12931
fr,villefontaine,19076
br,sao francisco de assis,14305
dk,neder holluf,5612
de,oberstdorf,9895
us,detroit,884941
tr,manavgat,96102
ru,galitsy,1060
pl,lomianki,15315
in,jagdispur,31032
cz,stepanov,3316
br,marechal candido rondon,43028
ca,springhill,3940
rs,veliki trnovac,6812
jp,tochio,23045
it,lainate,25446
ee,napi,404
us,redmond,33035.5
ro,poiana lacului,6705
mx,tlacotepec,6714.33
mx,sanctorum,13712
lu,merscheid,103
it,polistena,11637
hn,elixir,3079
us,alvin,22103
ro,iara,4660
mx,tamulte,8295
jp,kazo,71292
it,mazara del vallo,50979
gt,el asintal,6018
cn,mishan,87257
br,olimpia,45200
cn,laohekou,253112
us,flossmoor,9462
rs,mionica,1724
mn,suhbaatar,24238
id,pandak,56048
de,meckenbeuren,13121
ru,urazovo,6966
py,san alberto,4990
mx,tlalnepantla,359770
br,cianorte,55995
rs,resavica,2309
ro,zalha,1152
ph,lomboy,3282
no,roros,3499
nl,leeuwarden,92494
ru,krasnoobsk,16894
gb,birmingham,984336
es,don benito,31425
us,borger,13408
us,nixa,14973
ru,izhevskoye,3703
mx,juchitan,67640
ru,kamenetskiy,2788
in,karnal,225064
in,ilkal,56941
mx,telchac,3464
mx,moyotzingo,24555
ke,kijabe,4679
in,bisauli,32158
cn,cangzhou,527681
ru,stulovo,3488
ph,talobatib,3459
mx,jocotitlan,7610
in,chalakudi,49335
hn,tamara,2683
gb,kelso,5154
co,charta,650
sk,secovce,7819
ru,gornyye klyuchi,5146
co,cuaspud,2010
us,bowling green,40386.5
jp,ota,152106
il,uzeir,2591
gl,nanortalik,1509
cd,uvira,170422
ph,mabasa,2242
ph,fabrica,3641
fr,roanne,37144
cz,ustek,2649
us,wheeling,32601.5
us,san anselmo,11936
us,galesburg,32094
ru,yandyki,3411
ru,nikolskoye,6729.6
ro,dragodana,6918
fr,haubourdin,15508
es,torre-pacheco,26932
us,orchard homes,4897
tr,yakuplu,28828
ph,pantao,6864
lt,trakai,5531
in,pen,34094
us,sterling,10987
ru,severo-yeniseyskiy,6564
md,chisinau,713805
in,kalghatgi,15428
br,criciuma,161957
es,rianxo,11793
ws,fusi,447
ua,zorya,5243
rs,belgrade,1115200
ph,san vicente,4219.83
ng,kishi,155520
br,condado,19585
es,logrono,142103
ru,tsentoroy,5670
ru,seltso,18759
ru,listvyanskiy,2673
in,north vanlaiphai,3476
be,anthisnes,4116
co,puerto berrio,33983
ca,maskinonge,1105
us,north andover,28222
tr,mustafakemalpasa,54519
ru,berdigestyakh,5948
id,pameungpeuk,48297
gr,ayios nikolaos,3575.8
gb,borehamwood,32176
co,ubate,20486
ru,valerik,6025
ru,ossora,2420
ru,nyrob,7314
ph,tantangan,10337
hu,balatonalmadi,8364
gb,sunbury,27784
am,solak,2295
cz,rajhrad,2703
zm,nchelenge,23695
pl,przeworsk,15805
ph,bolisong,2802
de,zetel,12037
wf,liku,696
mx,yachihuacaltepec,4597
mx,usmajac,6627
in,chipurupalle,25904
ch,bottmingen,5956
br,sarandi,49928.5
de,halberstadt,39391
de,bielefeld,327198
ru,prigorodnoye,4863
nz,bulls,1781
ca,halifax,266012
uz,stantsiya gorchakovo,14114
ua,varva,8549
ua,barvinkove,12344
ru,uni,4767
it,cervia,26914
in,sardhana,49862
il,ibtin,2020
fr,yvetot,10857
ca,wadena,1319
ph,pantay,5791
in,nongstoin,25760
hn,agalteca,1029
br,palhoca,122425
ec,macas,23687
ee,palivere,968
tr,sorgun,62894
rs,srbobran,13170
pl,czersk,9390
ph,dapdapan,3040
jp,shido,22859
hu,davod,2240
fr,dieppe,34788
pl,sanok,39684
id,grogol,100624
hu,soskut,2998
hu,hodmezovasarhely,47699
fo,sorvag,1066
de,julich,34888
br,bom sucesso,13786
so,jawhar,47086
ro,blagesti,4504.5
ro,apata,2929
ph,bocana,4464
fr,le chesnay,28353
be,wuustwezel,18117
us,lincoln park,24571
ru,leskolovo,4039
pk,shahpur city,14152
ph,guruyan,2675
it,virgilio,10891
it,fisciano,12790
bf,toma,9926
ve,maracaibo,1948269
th,huai yot,16586
ro,abram,3291
pl,zychlin,8844
cf,bouar,55031
es,el puerto de santa maria,78714
us,gary,97966
ru,tatarka,6062
ga,ndende,6200
co,combita,1034
us,dearborn heights,56359
ru,kushnarenkovo,10650
mx,huixquilucan,124852
cz,milevsko,9436
bg,pleven,132542
tr,kozan,88160
ro,racos,3077
ro,dumbrava rosie,7104
ro,bogdanita,1573
ph,montecillo,3289
ph,macaas,2703
id,ciawi,67902
es,valdepenas,26840
ro,sasca montana,1830
ph,kanluran,2312
nz,karamea,500
co,paicol,1681
ro,saschiz,2009
es,sant pere de ribes,24997
ee,alliku,220
br,baixa grande,7534
dk,holstebro,32072
ro,ciacova,7205
ph,maloma,4430
no,kjollefjord,1014
lv,vilani,3934
us,seymour,17646
ro,lunca ilvei,3275
lu,bivels,80
co,planeta rica,37298
ca,saint-pascal,2465
br,itapecerica,16684
ru,yurgamysh,7888
ng,gusau,226873
ec,junin,9128
zw,karoi,24981
si,radlje ob dravi,2661
ru,vychegodskiy,12923
rs,vlasotince,16673
ro,vanjulet,1894
nl,breukelen,14540
hn,amapala,2137
ro,rona de sus,4630
ng,numan,77622
it,chivasso,23591
cn,gaomi,150793
br,caconde,12434
br,pontal do parana,14969
ci,dabakala,22834
br,quatro barras,17526
us,natchez,17118
us,inver grove heights,32363
mk,debar,18075
it,matelica,10294
hu,szajol,3991
co,puerto wilches,13705
ba,svodna,4387
co,arauca,69266
us,dubuque,57185
ph,palian,2861
it,finale ligure,11543
hu,nyirtass,2194
br,passo fundo,179532
co,anserma,25242
dk,otterup,4522
bg,dobric,92309
cf,kabo,17683
us,eagle,18351
ro,valisoara,1369
ro,ludos,786
ro,grinties,2573
ro,bocsa,9871.5
mx,san rafael,6441
bo,achacachi,8447
ro,cojasca,7205
nz,mamaku,751
no,evenskjaer,641
lt,birstonas,3181
hn,zamora,2999
gb,broadford,522
us,bethalto,9727
us,pompano beach highlands,7192
pt,mogadouro,3935
mx,coacoyul,5658
jp,matsusaka,124614
ca,louisbourg,1031
cu,ranchuelo,43696
tr,nazilli,119430
ru,shedok,3142
ro,husi,29129
pt,viseu,26364
pl,bogatynia,19221
ru,sokur,5753
ph,tawagan,2810
hn,san lucas,1307
ca,senneterre,3228
ro,tazlau,3002
co,alban,1684
am,noratus,5426
ua,zaporizhzhya,796213
tn,manzil bu zalafah,16232
ee,valkla,663
bg,dolna banja,4471
ph,margen,2813
nl,helden,19787
hu,bacsalmas,7608
hn,san vicente centenario,2430
gr,kardamas,1138
de,biedenkopf,13736
us,springboro,16947
it,marano di napoli,50885
in,ullal,59121
gr,filiatra,6970
ge,shuakhevi,380
ru,russkiy aktash,4195
mw,mchinji,18328
ir,hashtgerd,57128
id,tarakan,97496
hr,slavonski brod,60742
ee,kurtna,331
de,ibbenburen,51305
ru,katunino,3255
ro,arpasu de jos,2733
mx,zitlaltepec,6800
in,valparai,90361
in,shimoga,319577
gr,galatas,2064.33
ch,derendingen,5916
us,sachse,18239
us,beatrice,13198
ro,banita,1352
py,alberdi,6518
mx,tecpan,14638
cl,punta arenas,117432
br,tamboril,14292
pa,la concepcion,16912
hu,tiszafured,12000
gb,watford,125708
cz,peruc,2058
ar,nueve de julio,34717
us,saint peters,53779
gr,mitikas,1283
gh,kibi,9399
us,jeffersonville,28465
us,san rafael,55270
ru,poim,3138
pk,kalur kot,25573
hu,opusztaszer,2260
so,mogadishu,2590180
si,jesenice,12511
ru,livadiya,12652
in,alwar tirunagari,8888
br,auriflama,11971
by,kobryn,50691
se,finspang,11989
ru,verkhniy kurkuzhin,3129
py,quiindy,5137
ph,inayawan,9963
mx,ayotzingo,9174
in,mau aima,20125
gb,hillside,999
gb,dumbarton,19878
fr,villeurbanne,126230
ee,ravila,377
dk,stroby egede,2700
tz,buseresere,52870
no,groa,500
mx,puerto penasco,33877
in,baruipur,47878
gr,khiliomodion,1769
fo,skalabotnur,105
de,gehrden,15139
co,cepita,377
au,gladstone,30493
ph,sanghan,2508
ua,berehomet,8227
ph,paddaya,3228
nl,schagen,17416
fr,rueil-malmaison,78645
ee,kaapa,306
it,morrovalle,9723
gr,alli meria,1189
co,la cumbre,2432
ru,orlovo,4047
nl,assen,64940
fr,mayenne,13969
br,marechal deodoro,50579
be,beveren,45179
us,potomac,45129
us,topeka,121570
ru,novoulyanovsk,17722
ro,ditrau,5858
ph,maltana,3361
lk,polonnaruwa,15286
de,apen,11093
nl,zuidhorn,18338
mx,ozumba,19929
ir,borujerd,251976
gb,honiton,11463
de,hennef,45829
az,qaracala,4211
ph,sampagar,2207
mx,hueypoxtla,3566
gl,napasoq,99
br,araci,15089
ro,bujoru,2018
mu,creve coeur,3097
tr,birecik,44307
sv,lolotique,2654
ph,polanco,3817
mx,tequixquiac,20975
in,rura,15909
gr,yerakarou,1308
br,casimiro de abreu,19087
br,dom pedro,15570
us,lapeer,9372
us,sandalfoot cove,17964
ru,tiksi,5681
pl,ostrowiec swietokrzyski,73989
pl,lebork,35161
mx,asuncion ixtaltepec,7556
jp,ishikari,57302
in,kelamangalam,11328
ie,ballinrobe,1707
es,tarifa,16179
co,ambalema,4892
es,palma del rio,19265
us,vero beach,17262
tw,putai,30975
mx,apetatitlan,7026
in,kukshi,26185
fr,nogent-le-rotrou,11657
be,eeklo,19116
co,san antero,11610
us,holladay,29737
ru,perm,982428
no,stange,2494
nl,haaren,14138
jp,sumoto,39546
br,piripiri,44866
ru,olga,4347
pl,lomza,63723
jp,shizukuishi,19866
ir,gorgan,244955
id,genteng,79653
fr,voiron,20795
fr,noisiel,15205
de,weil im schonbuch,10245
bw,kang,4229
ua,veselynove,6997
ph,talabaan,3553
ph,limon,2495
it,sora,25977
gr,asopos,1279
us,taunton,57160
th,satuk,11680
ru,malakhovka,18399
ru,lotoshino,5623
pt,coronado,8697
ph,napaliran,2284
mk,sipkovica,8228
kn,dieppe bay,592
in,challakere,53510
id,pecangakan,61047
fo,argir,1871
cn,kouqian,55957
pt,vila nova de gaia,70810
ph,masalukot,10667
gt,huitan,9737
cz,sluknov,5630
us,waupun,10480
ph,upper klinan,3768
hn,rio bonito,1054
gb,tranent,9042
by,minsk,1742123
th,satun,34544
ru,burevestnik,3054
hu,fegyvernek,6972
gb,ullapool,1327
ee,viru-nigula,364
br,pitangueiras,28541
br,passa quatro,12765
zm,mpulungu,8547
ru,kozmodemyansk,22536
ru,bolshiye berezniki,6252
ro,viile satu mare,3178
ro,iasi,318014
it,piove di sacco,18196
fr,orly,19830
ca,lewisporte,2935
es,estepona,47577
ca,aylmer,7527
eg,hurghada,95689
co,la belleza,1649
ws,vaiusu,2043
ph,limot,2221
kz,karatau,37881
it,civitanova marche,39288
co,la victoria,5689
dk,nykobing,13066.5
no,grov,282
mx,mundo nuevo,9288
dm,mahaut,2405
be,braine-le-comte,20133
ca,meaford,4816
ua,pohrebyshche,10354
na,luderitz,15138
in,paravur,38949
hu,derecske,9207
ro,zamostea,3177
cz,cesky tesin,26478
ph,merida,3570
es,benicarlo,22871
us,claymont,8925
ru,novoalekseyevskaya,3578
ru,kakashura,5575
ph,tamparan,2396
us,las vegas,277078
ua,kerch,152194
ph,manacsac,2313
ng,hadejia,110761
jp,nagahama,62090
in,naya bazar,1035
in,dumra,15780
gm,bakau,47654
br,caratinga,60067
co,guacamayas,772
us,maple valley,14100
pt,foz do sousa,6315
ph,mabalacat,188057
no,flekkefjord,5707
mx,la poza,16286
co,milan,2618
us,presque isle,9466
us,fairburn,8205
si,novo mesto,22417
ro,suhaia,4744
mk,miravci,2573
jp,kamojima,24374
in,jogindarnagar,5234
il,netivot,24933
id,taman,154250
gy,rosignol,5782
gb,kelty,5644
zm,namwala,4450
us,marquette,20831
pt,silvalde,7188
ph,lasang,8318
ph,bauan,8165
in,siddipet,64569
gr,kamariotissa,1022
us,ballwin,30744
ro,petrosani,44187
ro,hoghiz,4876
ph,pinili,2310
cn,haimen,125427
bo,camiri,27971
ru,krasnoturansk,5845
ru,novosmolinskiy,5128
ru,atagay,1805
dk,fakse,3747
gr,khalastra,7360
ch,arlesheim,9737
us,mount kisco,10019
us,dyer,15143
ru,megion,48691
kz,shemonaikha,20087
in,mahendragarh,25730
ie,templemore,2264
de,tutzing,9411
cn,yongzhou,86095
cn,xuzhou,1199193
py,doctor pedro p. pena,5043
ph,catbalogan,67958
us,olathe,113647
sn,ourossogui,9741
ru,starobaltachevo,5612
id,bambanglipuro,44717
dk,gistrup,3622
do,santiago,555911
de,harsum,12401
ua,lyman,4008
ru,samagaltay,3477
mx,santa maria la alta,6397
ph,santa josefa,4164
dz,tuggurt,49051
mx,tlaquepaque,493667
in,malpura,28602
eg,luxor,422408
ru,stantsionno-oyashinskiy,4689
ru,gorodishche,10445
pl,koronowo,10965
ke,londiani,4758
cn,anbu,162964
cz,cercany,2689
cu,caibarien,39142
ch,le locle,9933
ws,samalaeulu,789
rs,vrsac,36036
ca,eston,979
us,callaway,14913
tz,tarime,33097
ru,krasnousolskiy,11819
na,rehoboth,21378
mz,inhambane,73903
de,oberursel,42880
co,santa catalina,6084
us,crest hill,16776
ru,beloretsk,70469
in,devaprayag,2131
es,monzon,15461
ro,turda,54587
ro,nalbant,2789
jp,kuji,35568
ca,langenburg,1034
br,carmo do rio claro,14446
ec,alausi,14294
cy,dipkarpaz,5215
se,ystad,17266
jp,kashiwa,340228
be,dour,16861
bd,bera,39608
it,montesilvano,43237
it,canelli,10595
id,belawan,102709
es,barcelona,1570378
dk,hojslev,1857
us,madisonville,19423
ru,mednogorskiy,4328
ph,busok,3463
mx,coatzintla,30608
gb,birkenhead,81806
ec,yaguachi,27947
de,hofheim,38482
ph,limpapa,3751
ng,bida,171672
kh,senmonorom,7944
br,sao raimundo nonato,19569
za,nelspruit,110170
ru,dobrun,4123
ph,matti,4796
hn,jardines,953
fr,saint-avold,17340
al,peshkopi,15261
sl,bunumbu,6368
ru,nekrasovskoye,6353
mx,rio muerto,7358
mx,jaral del progreso,17748
ru,znamenskoye,5660.67
ph,tigum,2168
ph,dulian,2722
nl,amersfoort,139208
it,melilli,13211
ru,kedrovoye,2163
mx,puntilla aldama,4774
dk,augustenborg,3132
rs,futog,19340
jp,sanjo,82894
ch,schlieren,13762
ye,yarim,33049
ve,el tigre,151011
us,alliance,22676
ru,yekaterinovka,4995
ru,pleshanovo,3746
ru,gubskaya,3178
ro,barza,2677
pk,dunga bunga,25891
ph,malocloc,3664
ir,shushtar,77515
gb,east retford,21897
de,raubling,11403
bg,roman,2329
us,orono,9423
ph,pinagsibaan,2671
hn,san francisco de coray,1330
de,blieskastel,22938
in,pathanamthitta,38288
in,dhrol,26497
gd,grenville,2476
us,wrentham,11251
us,methuen,45372
ro,cernavoda,18502
ph,guagua,9519
be,donceel,2712
tz,wete,26452
sn,mbacke,78635
ru,sarylakh,189
ro,batar,5143
lu,walsdorf,68
fr,villers-les-nancy,15296
fr,crepy-en-valois,15487
ua,pyryatyn,16089
sk,novaky,4402
py,general artigas,4073
np,banepa,17154
no,brattvag,2192
ng,ikole,110874
gt,esquipulas,20249
gr,eleon,656
de,neu-ulm,51654
es,fuente palmera,9925
uy,paso de los toros,13599
ru,borovsk,11578
ph,leones,2713
ph,flora,4213
ph,balite,4187
us,bardstown,10576
ru,kasli,17911
py,la colmena,2551
pt,rio de loba,9529
ir,abhar,69894
hu,bogacs,2112
fr,fontenay-le-comte,13535
de,radeberg,18529
cn,huayang,90365
ph,kabac,4149
mm,allanmyo,57904
ch,fribourg,33806
cz,kojetin,6407
in,yamunanagar,208945
ua,novooleksiyivka,9852
ru,kadyy,3783
bz,belmopan,13381
ro,pietrosani,4611
ph,canapi,2815
my,kuching,570579
it,san severino marche,12896
ph,santa catalina sur,6195
au,darwin,93081
de,dinklage,12802
co,oporapa,2310
us,hamptons at boca raton,11218
pa,rio rita,1216
pa,coloncito,918
hn,cerro blanco,1169
gr,grizanon,1528
us,forest hill,13406
ro,sadova,5375.5
gb,great yarmouth,59601
co,guataqui,1139
cu,gibara,27603
ua,kaniv,25666
ru,volzhskiy,165169
ru,luga,40115
py,yhu,2092
no,hyggen,394
ng,ife,372191
mx,cordoba,134409
in,ramban,7320
gt,san felipe,8737
de,leonberg,46276
th,pak thong chai,23412
ph,naval,12217
de,weilheim,21635
ru,ostrovskoye,5138
ir,gerash,25318
cy,geri,7640
tj,dangara,22824
ru,aldan,24426
ro,bulz,2352
gr,pasion,1150
cn,zhifang,76682
de,walsrode,24439
pl,libiaz,17834
ng,kafanchan,79529
in,didwana,49856
gb,buckhaven,16063
co,bosconia,24508
ro,ruscova,4760
hu,karcsa,1984
us,corcoran,22587
ru,lubyany,1899
kz,karkaralinsk,8195
gr,arisvi,1068
ru,kurovskoy,3648
pt,seroa,4040
ir,tonekabon,37504
in,puliyur,11174
ga,ntoum,8569
ch,arosa,2162
ch,conthey,6747
co,el cerrito,38391
au,yulara,3903
ru,morgaushi,2922
ro,izvoru barzii,3059
fr,carcassonne,44697
br,butia,19494
ro,sicula,4503
ph,nasipit,9407
mz,pemba,108737
gb,uplawmoor,581
gb,leigh,43627
cr,puerto cortes,3850
ro,beica de jos,2207
py,salto del guaira,7387
pt,santo antao do tojal,4156
ng,ifo,88278
gt,chicaman,2046
co,busbanza,164
ba,prijedor,36346
ua,novomyrhorod,12728
ru,yelizovo,40692
ro,poroschia,4544
ph,daliao,2335
mm,katha,38634
us,niceville,12573
us,country club,31708
ua,zuhres,19121
ru,barguzin,6052
it,bresso,26815
br,goiatuba,25925
co,calamar,6462.5
us,worth,10741
ru,reshetnikovo,3192
ru,kletskaya,5362
ru,danilov,16808
cu,sagua la grande,62075
de,burghausen,18376
ph,urbiztondo,12734
pl,parczew,10249
it,laives,15989
in,begun,20837
fr,fameck,11966
tr,istanbul,9797536
ru,urengoy,9355
gb,royal tunbridge wells,61075
co,rivera,8044
cm,njinikom,8247
vc,layou,1609
th,wang saphung,15747
nl,arnhem,144959
hn,siguatepeque,43146
fr,montbrison,15072
de,gevelsberg,32978
de,butzow,8163
am,janfida,2986
us,chambersburg,17884
us,corinth,17030
ru,yandyrka,11730
ru,talovaya,13367
fr,pau,77475
br,nova olinda do norte,12344
ro,chiselet,3535
pa,tole,1253
no,honefoss,13826
in,machilipatnam,192848
fi,oulainen,8300
br,nova petropolis,16050
ca,canora,2055
de,muhlacker,26674
cn,juegang,73317
us,merrillville,31168
no,ranemsletta,299
gl,kulusuk,312
fr,billere,14055
ro,cherechiu,2437
pf,mataiea,4609
no,nesjestranda,331
it,segrate,33249
in,bhasawar,18997
hu,abaujszanto,3366
co,galapa,19733
ru,ordzhonikidzevskaya,71841
il,kefar yona,12771
hu,andornaktalya,2636
ee,jarva-jaani,1051
cn,mentougou,197772
cf,bouca,19383
es,campo de criptana,13470
br,dourados,162206
us,havre,9379
us,bolivar,9901
rs,ljubovija,4243
ro,giulesti,3328
pt,bobadela,8399
pl,kety,19249
nl,schipluiden,1112
ma,mrirt,36496
in,razole,14203
de,brand-erbisdorf,12098
us,littleton,23621.5
tw,meinung,43005
fr,enghien-les-bains,10675
be,kaprijke,6114
ro,cabesti,2043
nl,susteren,13006
gb,gosforth,23975
cz,kynsperk nad ohri,5134
br,anori,8064
ca,bon accord,1611
ru,gubkinskiy,20463
ph,balanacan,3547
hu,doboz,4466
hn,hicaque,903
co,purificacion,10847
ro,naidas,1272
ph,bolboc,2437
no,namsos,8946
no,hellvik,649
in,suar,28944
hu,kompolt,2166
am,mosesgegh,1964
bf,diebougou,12814
us,cuyahoga falls,51824
us,bowie,56050
hu,kiskunfelegyhaza,31721
us,el cajon,94807
ua,vylok,3292
it,gela,74959
gr,ambelokipoi,1218
de,ganderkesee,31262
ec,alfredo baquerizo moreno,12617
cy,girne,26720
co,los palmitos,14385
ru,urozhaynoye,4215
ro,mogosesti,4946
my,tapah,27864
mx,chapulhuacan,3501
lu,holzthum,143
it,camponogara,11841
in,bagasara,32946
hu,diosd,6168
ph,cato,4530
in,tirunelveli,435882
ru,novyye burasy,6469
de,kirchhundem,13059
us,green river,11358
us,el segundo,16710
ro,sona,4425
pt,carnaxide,23697
ph,bangued,14017
mx,cananea,33435
fr,boulogne-billancourt,109765
ph,taltal,5370
ph,padang,2187
kg,tokmak,63047
it,molinella,14943
fr,sarcelles,59372
th,phitsanulok,103427
id,singaraja,133796
de,timmendorfer strand,9090
us,mechanicsville,35803
us,wake forest,18832
ro,vasilati,7840
ph,patindeguen,2112
ph,canturay,5135
in,shahdol,89298
hu,batonyterenye,14214
am,gandzak,3841
in,samba,26903
ar,tartagal,63600
ua,nyzhni sirohozy,5797
se,visby,21970
ru,ustye,3838.5
rs,ivanjica,12667
ro,sopot,1985
pl,gdynia,253730
ie,ballybofey,3848
id,cirebon,254314
gb,truro,22044
de,wilhelmshaven,84209
ug,kabale,50871
ua,ukrayinka,13636
gb,ballater,1466
ch,laufen,5223
ba,velika obarska,5142
no,kjellmyra,414
lu,goeblange,434
it,somma vesuviana,35196
it,belluno,35895
gt,puerto barrios,55445
ba,mramor,3918
cn,zalantun,132224
us,woodridge,34500
mx,atizapan,7243
mg,antsohihy,21290
ca,port stanley,2663
de,jever,14079
br,pinheiro,38894
ru,zaigrayevo,5512
ru,roshchino,7288.5
ph,silawit,3084
ph,san felipe,5629.8
no,tjotta,232
no,hovden,293
jm,spanish town,145024
sc,victoria,26361
ru,sukhodol,14296
no,amli,561
in,hirakud,27279
us,north charleston,82838
us,stafford,15827
jp,kuki,73375
br,barra dos coqueiros,28590
us,fallbrook,33617
sn,kaolack,289633
ru,ak-dovurak,12593
ph,nangka,6878.67
pa,tigre,817
mv,magoodhoo,453
de,juchen,22333
us,burnsville,59492
us,chamblee,8887
ru,mago,2206
pk,kulachi,22378
ci,guiberoua,16030
cn,zhaoyuan,59370
ro,musetesti,2270
ro,bumbesti-jiu,10445
jp,tsukumi,21659
in,bisalpur,68362
am,amasia,1675
br,diamantina,37344
us,essex,38851
us,villas,12191
ru,novopodrezkovo,10271
in,eral,9188
fr,tourlaville,17763
us,randolph,17954.5
ro,ciocanesti,5142.5
pt,espinho,9566
mx,totolapan,4824
mx,tlalmanalco,14952
it,budrio,16322
in,mirzapur,220051
in,chatakonda,2816
hu,ricse,1907
cn,zhucheng,109968
de,limburg,33955
ro,vernesti,8603
nl,goirle,22899
id,srono,36260
tr,turgutlu,103346
ru,zlynka,5261
rs,stari banovci,5916
pl,goleniow,22505
ph,patpata,2567
in,munak,15802
gr,valteron,1285
gr,neon monastirion,1497
gb,chryston,2495
br,sao francisco,33033
ao,caxito,28229
us,beverly hills,22693.5
ru,belousovo,8421
pl,krasnik,35834
ng,lafiagi,102780
de,lenggries,9409
ru,mezhdurechensk,35445.7
ph,san jacinto,6979
mx,asuncion nochixtlan,10012
mx,agua dulce,36121
gr,meliti,1521
be,manhay,3128
tz,bukene,7444
rs,cantavir,7039
hn,san esteban,3439
hn,moroceli,2984
gb,stonehouse,4950
gb,london,7421228
de,schlitz,10248
be,rotselaar,15007
ca,fredericton,52337
ru,novosheshminsk,4585
ro,maierus,2472
ro,arieseni,1876
in,brajrajnagar,79428
id,parakan,23795
fr,saint-andre-les-vergers,11085
at,krieglach,5236
ch,zug,24197
br,aquidaba,10596
br,colonia leopoldina,11914
us,eunice,11788
us,sun city,30328.5
ru,deyskoye,4736
ph,diadi,2157
it,comacchio,20054
gl,kangaamiut,396
sl,alikalia,3279
ro,foltesti,3294
in,warud,47821
us,fort lauderdale,170510
us,barstow,24202
ph,la union,4989
lv,lubana,1918
in,alandi,21385
de,heubach,10164
ro,stefan voda,2467
ro,chiesd,2577
nl,voorschoten,22271
gb,north berwick,6439
es,sestao,31709
cz,zelezny brod,6516
ru,misheronskiy,3790
my,kota bahru,279343
in,pakala,24680
de,haselunne,12748
br,bom jesus,12666
br,caravelas,11322
cz,tvrdonice,2059
us,milwaukie,20759
ph,buug,8559
no,sistranda,678
iq,hit,32008
in,selam,778462
br,umbauba,12880
br,diamantino,15700
ua,sakhnovshchyna,8188
pt,souto da carpalhosa,4130
ph,sibul,5296.5
de,freital,38815
us,citrus,11308
ua,vysokyy,10988
ru,savino,6133
pt,nogueira da regedoura,5328
cu,jatibonico,19644
ru,oktyabrskoye,6667.2
it,terrasini,11269
in,hamirpur,26714.5
gr,petroussa,1985
de,lorch,11503
br,gurinhem,5618
cn,zhenlai,67760
cn,luzhou,295056
gb,egham,29663
us,aliso viejo,41314
pt,caldas de vizela,10239
in,calcutta,4631819
us,kent,55331.5
ru,novobureyskiy,8550
ro,rasinari,5403
ph,lucban,30991
in,abohar,130613
hu,dobrokoz,2120
ro,zagon,5416
it,vecchiano,12339
it,santa flavia,10630
dk,hadsten,7020
za,robertson,25217
us,dawson,4991
ru,zaymishche,4942
ro,madarjac,1566
pl,kolo,23493
in,raiwala,5198
fr,bron,36263
fr,bolbec,12847
cz,slatinany,3957
de,pfullendorf,13278
ua,pantayivka,2918
ru,kudryashovskiy,3935
ph,little baguio,4926
lu,moestroff,418
in,madhipura,50575
bg,simitli,7275
de,wickede,12681
ru,novoutkinsk,5507
ru,babino,2456
ro,lunguletu,5718
ph,tarong,2376
mx,general zuazua,5663
ec,balao,12205
us,oildale,28962
us,cherryland,15585
pa,arraijan,76829
lt,dotnuva,783
it,san cesareo,11312
id,cikupa,174184
gr,lakkion,1956
de,leipzig,492637
th,pho thong,12200
rs,vranje,56199
ph,manukan,11524
dk,stavnsholt,5658
ec,playas,30564
br,brodowski,18366
ru,tsotsin-yurt,15970
ph,tondod,3182
lu,levelange,43
in,ponneri,24758
gb,andover,39951
es,arnedo,14299
bg,bansko,8412
ru,sayanogorsk,49940
pl,sochaczew,38267
mx,nautla,2890
in,durgapur,268742
id,kemang,111027
gr,stilis,5132
cz,tremosnice,3390
co,pupiales,6760
ph,eden,2136
mx,akil,9858
gr,palaifiton,1475
pt,serpa,6586
ph,matayumtayum,2730
nl,boskoop,15469
gm,basse,16190
br,pio ix,4973
br,itapora,12327
ca,north bay,50171
us,millinocket,5105
nz,bluff,1938
in,ranavav,26012
us,aibonito,8947
sk,zeliezovce,7522
nl,lisse,22059
ir,sarab,37771
be,saint-nicolas,22586
br,armacao dos buzios,23463
de,neuhof,11437
sl,mobai,2980
lu,ingeldorf,833
ir,miandoab,132830
dk,lind,3777
gl,upernaviarsuk,13
de,schorndorf,39919
zm,samfya,20472
ph,tondol,2680
is,bildudalur,204
gb,gatehouse of fleet,875
ca,hawkesbury,12283
es,astorga,12037
dk,roskilde,44285
bw,mokobeng,1822
au,ngukurr,947
ru,nerchinsk,15361
ru,cherusti,2867
pt,aroes,4855
in,kankipadu,14249
gr,kerkira,27004
gb,llangefni,4361
dk,vindinge,2045
uy,rocha,27695
us,somers,10372.5
ro,soimari,3127
my,sungai siput utara,37202
gh,foso,15637
fr,epinay-sous-senart,12620
zm,mkushi,12308
us,east palo alto,32906
in,mavelikara,28303
es,san sebastian de los reyes,69954
es,villamartin,12342
co,nuqui,2741
ba,donja mahala,5565
ee,rummu,3488
pa,sajalices,945
it,san giuseppe jato,8380
it,castellana grotte,18437
ec,santa rosa,41816
si,krsko,6926
ro,secuieni,4375
ru,sheksna,21197
ro,ciochina,3573
ro,bordei verde,3016
pm,saint-pierre,6200
hu,kek,2044
pl,zlotoryja,16612
ph,tupsan,2370
mx,merida,717196
mg,sakaraha,21826
in,uniara,11442
gb,farnham,36971
de,wittstock,19811
cn,liaozhong,54691
us,patillas,4247
ph,libato,3830
pa,chame,2313
mx,yavaros,4058
de,riesa,36788
cn,anda,181271
ru,khonuu,2413
ro,sanmartin,2996.5
ph,mayabon,6521
hu,berhida,5822
hn,el guayabito,1404
eg,damietta,76906
be,kontich,20290
ee,torma,533
ua,biryukove,4250
ru,shuya,31983
ru,kalininaul,4752
pk,khanpur,82371
in,sankeshwar,34552
at,althofen,4833
ba,bosanski novi,8920
ua,velykyy burluk,4821
tw,chihu,56733
ro,cozieni,2425
ro,codlea,24188
ph,san clemente,3019
ba,gracanica,15758
pt,miranda do corvo,7857
gw,bissau,388094
de,neuenrade,12505
us,jersey city,237681
tn,tazirkah,7280
ro,macesu de sus,1692
id,bone,81631
gr,yerani,804
cn,zouxian,190537
ru,ust-koksa,4008
ru,krasnogorsk,48119
ro,podari,6302
ph,san jose,10481.3
hu,csomor,7544
de,brakel,17782
ph,buru-un,15490
hn,morazan,11077
bf,dano,11224
ro,ostrov,3863
ro,calvini,4315
ph,sablan,2456
lu,imbringen,292
in,dehu,5604
bf,koudougou,86965
co,buenaventura,240391
cz,troubky,1980
br,jaguariuna,31718
ru,neftekamsk,126807
pl,polaniec,8158
pf,rikitea,1103
cz,milin,2107
bo,santa barbara,2434
mu,petit raffray,9117
mk,demir hisar,7011
hu,jaszladany,6215
co,macanal,734
us,baton rouge,223349
ro,goruia,921
ro,eforie,9499
gr,rion,6084
us,fort smith,81985
ru,taldom,13112
ro,corni,4501
pl,bialystok,291855
at,bad aussee,5210
ua,starobesheve,6917
ua,dobroye,3327
sk,vrbove,6249
ru,diveyevo,6390
ke,keroka,4143
gb,lochwinnoch,2684
br,alta floresta,40468
cz,kostelec na hane,2713
us,pottsville,14631
ro,valea chioarului,2252
gb,frome,24948
es,requena,20428
cz,dolni benesov,4353
cr,puntarenas,35655
br,campos gerais,22260
za,fochville,62528
in,darlawn,3962
bw,boatlaname,853
de,leer,34081
br,iguai,14218
tj,yovon,17480
ru,yaya,13238
nl,voerendaal,13132
cm,tibati,35711
us,west hollywood,37031
mx,el colorado,4572
jo,hawwarah,13337
it,varese,84371
it,crotone,48825
in,habra,139310
do,bonao,73273
br,mozarlandia,11252
ca,chilliwack,51942
us,bedford,21926
pl,ozorkow,20608
in,mahbubnagar,136150
cz,novy malin,2303
ru,suslonger,3597
jp,okuchi,22426
de,meschede,32593
ru,kantyshevo,17363
pl,srem,30404
no,moen,857
nl,naarden,17047
in,bansdih,21459
hu,ullo,10232
ua,krasna,3096
in,sirsilla,71506
in,pindwara,23230
ru,lazo,3240
ro,singureni,3477
mx,capulhuac,20517
mk,tetovo,72945
jp,ritto,60363
jp,iwaki,357313
in,bhiwandi,707090
es,motril,54313
br,pimenta bueno,25785
de,lindau,24161
al,rreshen,10064
us,druid hills,12874
pt,malveira,4747
in,khadki,75660
id,cibeureum,52774
fr,avrille,13219
de,bunde,45389
am,hoktember,5348
us,parma heights,20886
ph,san benito,2441.5
gt,purulha,5606
gb,johnshaven,641
de,worpswede,9580
ua,krasne,4574
ru,staraya kulatka,6022
id,wonogiri,38623
br,mateus leme,24890
ph,tigwi,2543
ph,moog,5197
ph,butulan,2436
nz,ratana,437
id,wonosari,45209.5
ee,iisaku,916
tz,nakatunguru,6064
ru,udarnyy,1747
ro,maguri-racatau,2379
no,ringebu,1332
lt,pabrade,6376
fr,vandoeuvre-les-nancy,31012
cn,juxian,66588
cz,jablonne v podjestedi,3674
it,udine,94597
ie,killybegs,1725
gb,skelmersdale,38944
ru,sochi,327613
ru,novomichurinsk,20821
ph,cawayan,3567
nc,bourail,4595
it,vibo valentia,36055
it,tortoli,11127
vn,hoi an,32757
ro,ianca,7778
ph,bukal,2919
no,kaupanger,874
cl,antofagasta,309835
am,agarakadzor,1195
ee,puiatu,291
ru,novovilvenskiy,411
mu,grand river south east,2472
be,lede,16813
de,buttelborn,13326
ro,dragasani,20630
kg,talas,35172
de,waghausel,19373
us,rockland,12754.5
de,elsfleth,9286
bw,gweta,4689
us,aspen hill,53430
tw,tunghsiao,39058
th,thanyaburi,123382
ph,taytay,61170.8
dk,sindal,2898
ru,karamakhi,3904
ru,argayash,10096
py,fernando de la mora,120180
cu,niquero,18771
us,merrimack,26726
ru,gornoye loo,3156
ru,burmakino,3318
ke,rongai,30471
br,pinheiro machado,11176
ve,punto fijo,131797
ru,mordovo,7112
ro,pungesti,3453
gb,leicester,339240
cz,ceska kamenice,5468
et,hagere hiywet,43928
ru,sergiyev posad,112921
ru,khor,11503
no,tveit,1392
no,bogen,388
mx,cabo san lucas,42601
kz,atyrau,146440
hu,taplanszentkereszt,2342
ge,gardabani,10973
be,flobecq,3142
ru,partizansk,42490
pe,hualmay,29416
nl,tubbergen,20542
mx,nicolas romero,245394
jp,fukue,26637
it,roncade,12540
us,festus,10205
ru,mezinovskiy,2116
ro,manzalesti,3005
ro,jimbolia,10860
ro,giera,1310
hu,gadoros,4008
gr,embonas,1211
ch,uzwil,12185
cz,cernosice,4774
br,acucena,14506
us,timberlake,10961
pl,ostroda,33524
et,dubti,26375
de,kissing,11072
ph,anoring,2860
de,rahden,16218
ph,tapikan,2232
ph,jimalalud,3212
it,umbertide,16451
co,durania,3471
sn,pout,29387
ru,strelitsa,4761
ru,staraya poltavka,4068
ph,haligue,2607
ph,cabalawan,2859
ee,ulila,349
sk,surany,10491
gt,san benito,30131
gr,poliyiros,5258
gr,ayios ioannis,983
us,spokane,197262
us,new hyde park,9477
ru,andi,5318
pe,guadalupe,25491
mu,piton,5909
mk,delogozdi,8413
in,port blair,112062
in,dondaicha,46021
ai,the valley,1379
bf,bobo dioulasso,370809
br,guaiuba,21822
us,east providence,50453
ro,baita de sub codru,1910
ph,madalag,2133
mx,tepulco,6214
lk,kandy,111720
br,orleans,16422
be,diksmuide,15515
ru,nizhneudinsk,38724
ru,yasenskaya,4855
ru,navlya,13735
ru,aksha,3950
ro,jibou,11183
pt,vila nova de milfontes,4393
gr,ayia varvara,16692.5
ch,versoix,11660
de,rosenheim,60768
us,hampstead,8650
us,bay point,24125
ug,soroti,43312
ru,kayakent,11805
pe,huayucachi,5854
it,zola predosa,15362
it,ostuni,32604
br,valparaiso,15939
mx,san lucas,3871.5
mu,quatre cocos,5724
et,goba,34375
ua,lvov,830000
ro,bozieni,3057
jp,yuzawa,33537
is,reykjavik,113907
hn,san antonio,1365.5
gb,eastbourne,112906
cn,huizhou,289201
cz,cesky dub,2835
co,sutatenza,827
ru,oranzherei,4367
ru,cherdakly,11939
nz,milton,2009
nl,losser,22618
mx,concepcion de buenos aires,4767
jp,hachioji,579402
fr,apt,11115
br,mascote,18899
ru,soskovo,2094
ph,calatrava,2225
lt,raseiniai,12525
cz,velke mezirici,11795
ru,zhizdra,5737
ru,belaya glina,17997
ph,kambing,2373
it,san pancrazio salentino,10546
ir,minudasht,27988
br,novo hamburgo,253846
ch,domat,6818
be,limbourg,5612
do,monte cristi,17001
pk,jiwani,16324
mx,domingo arenas,5812
in,thanjavur,219591
us,dumont,17505
ru,dorogobuzh,12294
ro,ticusul,849
it,pontecagnano,22997
in,sikar,199946
cm,mora,55488
dk,karup,2176
au,sawtell,14608
tz,nyalikungu,24648
cu,bayamo,192641
cn,zhicheng,94107.7
us,catano,28094
ie,enniscorthy,9709
id,rantepao,40439
ao,lumeje,4972
cz,kaznejov,2986
ua,starokozache,5108
ro,cheveresu mare,1938
py,carapegua,5784
pk,adilpur,8248
it,paderno dugnano,47733
fr,sainte-luce-sur-loire,12550
fr,riom,18557
fr,castres,43013
cn,keshan,84292
ca,sicamous,2732
ro,gura teghii,3835
in,sirsaganj,29037
de,immenstadt,14282
ws,falevai,202
us,nutley,27572
us,cimarron hills,16981
ua,sambir,35197
td,massaguet,17906
bg,mezdra,8667
br,ibateguara,8755
fr,eragny,15040
cn,dingtao,58206
es,valls,22961
br,tanabi,18228
ua,kadubivtsi,3161
th,narathiwat,47771
ru,troitskiy,8658.5
ph,lalab,2542
gt,san miguel ixtahuacan,3587
gn,mali,5479
br,guarapuava,150851
co,campamento,1870
et,mojo,34553
cz,hluk,4340
us,provo,105764
us,socorro,18652.5
us,old orchard beach,9415
no,sandve,323
hu,szigetcsep,2455
ge,akhalgori,1420
cn,lingao,64874
ba,trebinje,33177
ru,pokhvistnevo,27914
ru,galchino,2980
rs,sombor,51607
id,comal,51092
gt,san pedro sacatepequez,26610
cz,horni slavkov,5942
au,ballarat,85110
fr,arcueil,16869
am,vernashen,1162
es,candelaria,15647
dk,skorping,2722
de,meuselwitz,9953
ws,falevao,552
ph,pata,2224
ph,mamonit,2178
ng,igboho,136772
cz,pribram,35963
ee,soe,307
de,gemunden,11560
us,brook park,20232
us,fairmont,14698
pk,jhelum,164128
ph,diffun,9414
lt,sirvintos,7322
br,rio largo,63389
br,messias,12376
ws,lalovi,322
in,semaria,14046
in,ichchapuram,33757
in,bilaspur,86840.2
br,sombrio,14864
us,medina,27358
se,katrineholm,21108
mx,san agustin de las juntas,4921
jp,yatsuo,22205
cd,lisala,70082
ch,liestal,12491
us,norfolk,93565.3
us,plant city,31675
mx,santa maria del rio,12097
mu,bambous virieux,1541
jp,komatsu,109047
in,mulbagal,47466
in,mahbubabad,37957
hu,csaszar,1922
gr,nea mikhaniona,7908
fr,saint-omer,16785
ve,el limon,148270
tz,ulenje,12219
mg,ikalamavony,15601
de,vreden,22250
de,nordstemmen,13436
ar,resistencia,406967
cn,hefei,1388904
fr,caudry,13503
co,moniquira,9785
co,inza,2972
de,heiligenhafen,9328
tn,qabis,111070
ru,dokshukino,35020
my,keningau,77703
in,gubbi,17985
hu,kocsord,3054
fr,savigny-sur-orge,38818
et,bure,22042
ch,morges,13759
us,chippewa falls,12607
it,villafranca di verona,30271
in,puttur,42163
br,irece,63628
ee,oisu,384.5
ws,savaia,395
mk,jegunovce,7313
gr,kato asitai,1264
br,itamarandiba,18064
ro,corod,7855
ph,paldit,3664
ru,bolokhovo,10084
ph,coronon,6854
ph,boston,2891
ng,idah,68709
in,faridkot,77455
gb,lurgan,23602
fr,issoudun,13676
cz,hrusovany nad jevisovkou,3261
br,santa maria da vitoria,23489
us,newburg,19967
in,baraut,93553
do,puerto plata,119908
ao,caala,21205
br,espera feliz,13031
no,lillesand,5992
hu,budakalasz,9696
be,yvoir,8169
co,gachancipa,3119
ro,poarta alba,4739
lu,pintsch,126
in,beypur,70758
de,burgthann,11615
es,yecla,34118
us,kennebunk,14651
ru,otradnoye,12306
in,gangavalli,10905
id,ponorogo,79034
gr,varvasaina,1280
fr,malakoff,28583
fo,husavik,82
ca,kamloops,68715
us,charlottesville,34703
ru,staroleushkovskaya,5733
ph,calbayog,67921
mm,taunggyi,160136
mg,antanifotsy,70625
lt,baltoji voke,1071
bg,belene,10401
at,voitsberg,9980
de,schwerin,96329
ro,rebra,3028
mx,zacatecas,118566
mx,garza garcia,130652
ml,kayes,97475
in,ujhani,56314
in,sidhpura,14816
in,balugaon,17240
br,entre rios,27406
ru,novobelokatay,5923
ru,khebda,2749
ru,kansk,101503
fo,kirkja,31
ch,delemont,11567
ba,vozuca,3209
cu,baracoa,48365
us,bridgeview,15126
ph,tagcatong,2907
ni,ciudad dario,12981
mx,oriental,9770
gn,gaoual,7461
bo,viloco,1900
br,eusebio,37290
my,kelapa sawit,13239
ba,ustikolina,4446
pt,mirandela,12504
ph,caramoran,4791
br,cotia,174832
us,palm valley,27680
fr,fresnes,24335
co,macaravita,538
us,gainesville,58427.3
ph,saraza,2533
gb,chipping sodbury,36108
cz,ceska ves,2475
us,the woodlands,75527
tz,chanika,30905
no,varhaug,2419
ee,kopu,363
at,vorchdorf,7456
lr,buchanan,25864
in,purushottampur,14709
fr,bures-sur-yvette,10115
dk,naestved,40660
ua,husyatyn,6481
sl,boajibu,6787
dk,skovby,2489
us,rocky river,19774
us,mexico,10788
mx,valle de bravo,28280
lu,mompach,100
cm,mbengwi,9785
ru,malaya serdoba,4922
mx,tonatico,8224
in,talegaon dabhade,47657
cz,mnichovice,2204
eg,qena,235390
pl,mosina,12097
in,devarkonda,29730
be,oudenburg,8752
ee,keeni,351
au,lara,8179
uz,nurobod,9960
us,two rivers,11985
ru,panino,7164
ru,leninsk-kuznetskiy,109025
ro,tutora,2126
ph,tukuran,13149
mx,puruandiro,28351
hu,zirc,7314
bg,nova zagora,24034
us,denton,100975
sn,bignona,45918
ro,horezu,6743
ph,santiago,21054.5
is,kopavogur,26157
ee,himmaste,545
us,fort thomas,15654
tr,catalca,19328
ro,slobozia-ciorasti,2077
gb,rochdale,97550
al,libohove,3651
za,harrismith,35108
sk,sabinov,12290
ro,bordesti,1806
hu,szamosszeg,2084
gb,caldercruix,1980
do,las matas de farfan,21803
cn,macheng,126366
ru,revda,35783
lu,hoesdorf,105
fo,skipanes,61
be,assesse,6279
th,sukhothai,40174
ru,novoorsk,11212
ro,mosteni,1681
mw,nsanje,21782
gl,sisimiut,5227
ru,kachkanar,43984
pt,serzedelo,4019
jp,abiko,131774
in,manor,8918
co,guayabetal,2017
ru,sovetskaya,6781.67
ru,sars,5404
mx,rodeo,3846
gr,petrokhorion,1052
gr,koufalia,8305
bw,kalamare,2339
ru,preobrazheniye,9113
ru,kholodnyy,1247
pl,luban,22245
hu,nemetker,1901
ba,citluk,5718
cl,taltal,10018
mx,guelavia,3014
fr,la trinite,10101
cz,nova role,4027
us,longview,56134.5
us,coachella,30755
tz,liuli,13119
ph,lingasad,2421
hu,isaszeg,10754
gp,sainte-anne,22861
ga,gamba,9928
br,jau,119209
dk,bellinge,4129
ro,moacsa,2274
ro,campina,38302
nz,awanui,388
hn,san francisco del valle,1878
cn,anjiang,55421
co,pasto,382242
ch,spiez,12310
in,barsana,9816
be,bernissart,11588
es,santiago de compostela,91141
ph,cebuano,5430
es,callosa de segura,18465
ru,chemal,3284
pl,swidnica,60351
it,sansepolcro,16302
ir,faridan,15737
ge,tsagveri,2745
gb,kilbirnie,6972
za,ceres,41598
ru,pospelikha,13586
rs,guca,2014
fr,castelnaudary,10730
co,murillo,1860
za,elliot,11836
ua,stari bohorodchany,3426
mx,casimiro castillo,11215
it,collecchio,12647
in,salaya,30230
br,barretos,101222
ru,krasnyy luch,1452
pg,laiagam,921
hu,csabacsud,2085
ca,renfrew,8018
us,menasha,16621
pl,czestochowa,248125
mx,acuitzio,5918
it,venafro,12050
it,siano,10613
it,gallarate,48529
de,radebeul,32698
cl,arauco,24659
ro,crucea,2846
lu,rippig,113
id,trenggalek,29083
de,murrhardt,14381
at,zeltweg,7726
us,truth or consequences,7121
ru,yelizavetinskaya,19306
ro,glodeni,4043
lu,beaufort,1418
hn,san marcos de colon,8821
cn,nanpiao,157044
ug,kyenjojo,19123
pe,macusani,6071
pa,puerto escondido,12371
mx,ajijic,13714
it,san martino di lupari,12023
gr,stamata,2904
de,wadern,17236
ve,chacao,64755
nz,wallacetown,638
jp,atsugi,229203
ie,waterford,47904
br,santa cruz do sul,106115
cn,mudanjiang,665915
ua,solotvyno,8931
tz,butiama,16376
ro,zlatna,8393
ph,polangi,2647
in,hajipur,69650.5
hu,saly,2174
hn,nacaome,13931
co,bello,392945
us,fountain hills,23116
sb,gizo,6155
ru,uchaly,5260
jp,tsuyama,89718
ir,hamadan,514134
in,lalpur,15076
gr,makrinitsa,1014
br,boituva,48756
be,nijlen,20792
sb,buala,2689
ru,insar,8838
jp,himeji,481496
in,haflong,39983
br,itapolis,34553
cl,cabildo,12784
be,landen,14458
br,terenos,6086
us,falmouth,35081
jp,tamana,45661
jp,sawara,47200
ba,donja orahovica,5612
co,saboya,1375
ru,ramon,7928
mx,tlanepantla,4476
it,torri di quartesolo,11900
in,kudal,14433
fr,rambouillet,25429
cz,ceska trebova,17103
de,lohne,33568.5
at,pinkafeld,5257
us,claremont,24465
ro,brezoi,6668
pl,sycow,10809
mw,ntchisi,7326
jp,miki,74702
fr,clamart,49508
do,maimon,15297
cn,nanma,74406
do,azua,59141
ru,gukovo,66080
ru,drakino,3071
ro,balauseri,4968
ng,eruwa,71027
us,somersworth,11897
in,sawai madhopur,108620
gb,macclesfield,51739
de,westerkappeln,11443
ro,urlati,11798
lu,nachtmanderscheid,70
in,phillaur,22590
in,pennathur,8257
br,araioses,8667
ru,azanka,3210
ph,panabuan,2528
jp,obihiro,173892
jp,hasuda,65162
ca,chemainus,2718
co,la virginia,33836
ci,sinfra,85875
pf,faanui,2061
lt,utena,33243
jp,matto,68160
gt,flores,20002
br,prainha,6481
us,roy,36265
rs,medveda,2759
ro,costeiu,3805
nz,waimana,709
no,tyssedal,715
in,samrala,18624
in,bail hongal,47067
in,adra,22183
il,sakhnin,24401
mm,thongwa,52496
it,fivizzano,8971
in,rahimatpur,17261
cl,el monte,23090
by,senno,9987
tn,qurbah,33589
ro,motaeni,2210
ly,tubruq,121052
ro,ratesti,3368
lk,dambulla,66727
it,alghero,42034
ca,shaunavon,1658
ve,el hatillo,57591
us,gonzales,9054
ph,alimono,2708
nz,te karaka,592
mx,mazatecochco,8960
fr,montataire,12031
be,anderlues,11597
br,andradas,26773
us,morgan city,12162
ph,bayasong,2990
ie,bantry,3234
bg,sadovo,2461
tz,nkoaranga,14738
ru,krasnozatonskiy,8078
ph,salapungan,5928
jp,tamano,67786
in,bhikangaon,15323
gb,bootle,57791
fr,viroflay,15803
ve,guarenas,181657
us,woonsocket,45839
mx,baca,4356
in,chhuikhadan,6485
es,las rozas de madrid,70110
ca,high river,9826
ca,grand bank,4623
br,itiuba,9410
ru,novocherkassk,166976
it,castel san pietro terme,20368
hu,abony,16342
fi,raisio,23598
cu,yara,28944
ba,stanari,3590
ru,turka,1472
hu,kisber,5850
br,santa helena de goias,34254
us,martin,10209
pt,sao felix da marinha,11685
hu,demecser,4558
gb,cumbernauld,49393
be,profondeville,11401
cn,zhuozhou,116310
tr,erdemli,46595
it,todi,17321
be,seneffe,11025
co,tausa,895
ro,denta,3152
ph,patnongon,5810
in,velur,18951
hr,petrinja,13868
fr,toul,16848
am,zangakatun,1130
br,valente,12591
us,indianola,12277
us,yuba city,52432
tj,kirovskiy,7696
ru,yavas,7783
ro,valcanesti,3924
nl,bussum,31430
hu,apc,2754
eg,el mahalla el kubra,431088
gt,amatitlan,70357
gr,arkhangelos,5398
co,paez,3199.5
bg,kresna,3756
br,ubajara,13802
sr,brokopondo,2072
jp,kitakami,93855
in,renigunta,25898
in,lalitpur,126487
al,durres,122034
th,hua hin,50456
ro,falticeni,29576
fr,montmorency,20723
us,eufaula,13453
ru,turki,6821
ru,novochernorechenskiy,3722
ro,bistra,4636
nz,hanmer springs,784
ml,bafoulabe,26866
cy,pafos,35966
ca,petawawa,11256
ua,nelipyno,3403
ru,novocheremshansk,3294
br,nova lima,88400
ro,darasti-ilfov,2972
pt,gandra,6034
pl,jozefow,17910
pa,caimito,908.5
mx,tonila,3345
mx,petalcingo,6274
co,buga,118006
be,vilvoorde,36955
us,elizabethtown,17771.5
ru,deputatskiy,3484
ph,tamisan,2866
ph,carrascal,4385
lu,grass,71
hn,la colorada,979
cz,bilovice nad svitavou,2293
co,bituima,473
de,gengenbach,11035
us,niagara falls,53054
tz,matai,24070
tg,atakpame,92976
pe,vegueta,6862
us,duarte,22521
tr,tunceli,29042
ro,burila mare,2656
ph,oras,9022
hu,ujfeherto,13542
cz,milotice,1940
us,windham,18081.5
ru,semiluki,26257
ro,tileagd,6994
ph,urdaneta,102827
lu,schandel,194
et,metu,29654
us,sussex,10152
us,bennettsville,9253
us,webb city,10503
sk,martin,60817
ru,shcherbinka,28066
ph,busing,2062
hu,kornye,4359
am,aragats,4022
pl,cieszyn,35586
cz,horni becva,2408
au,cairns,154318
us,dearborn,95170
sv,san martin,39360
ru,boguchar,15048
ro,fieni,7567
nz,westport,3629
it,gorizia,34602
za,sundumbili,12455
ru,maloye verevo,4088
ro,salcia tudor,3017
ph,daet,78812
it,militello in val di catania,8035
gr,karperi,1035
br,para de minas,75787
cn,xiuyan,71614
ru,samur,3730
gb,worcester,100023
fr,orange,29053
ca,shelburne,3164.5
ec,salinas,43862
br,itau de minas,14888
br,nova odessa,49433
us,town and country,10818
ru,skalistyy,14225
ru,samus,5706
ph,tiling,3332
mw,mulanje,16512
lk,wattegama,8001
fr,carros,10849
es,mairena del alcor,17263
ua,ralivka,3926
it,tortona,25129
in,patancheru,46827
gr,petraia,939
ch,sumiswald,5072
ca,amherst,9336
ro,malini,7163
my,pasir mas,19020
hu,biharkeresztes,4237
be,aalter,18802
es,felanitx,17187
us,morganton,17191
ru,pindushi,5053
nl,lopik,13904
in,saharsa,145779
hu,dunaujvaros,53396
gr,farsala,10380
fr,darnetal,8993
cd,boma,344522
af,anar darreh,10023
us,huntley,16700
ru,novobataysk,5097
ro,pojejena,3187
no,skarnes,2129
in,goalpara,50761
gr,likion,1081
fr,vigneux-sur-seine,26310
us,alice,19589
ru,krasnoufimsk,43122
nl,someren,18786
jp,kanaya,20286
hu,nagyatad,11843
hn,la campana,2268
ga,mimongo,3307
ee,linnamae,460
et,dire dawa,252347
co,caicedonia,32417
ru,yayva,10615
ro,iacobeni,3236.5
pt,madalena,9617
mx,gabriel leyva solano,27537
ml,nara,27797
lv,smiltene,6108
in,vadlapudi,17881
gb,wrexham,43650
bo,san ignacio,23570
us,cookeville,28668
sk,bardejov,34209
pk,pind dadan khan,22000
ni,telica,7550
it,avellino,52466
in,kandi,54853
in,delvada,11912
am,madina,1024
am,byuravan,1228
cn,linchuan,125847
ro,mera,3938
ro,constantin daicoviciu,2854
nz,eltham,2235
nl,margraten,13512
in,mundi,11410
gb,fortrose,1206
de,oberhaching,12416
ru,poretskoye,6420
no,dombas,1195
in,hazaribag,140079
de,troisdorf,75641
ru,azovo,5311
ro,sic,2725
ro,sascut,10031
pl,karczew,10319
my,permatang kuching,27193
mx,tapachula,197968
mm,meiktila,177464
fr,escaudain,9252
be,dentergem,8038
ee,suislepa,305
ar,lujan,76224
us,bay city,26615.5
ru,afanasyevo,3368
no,volda,5438
sv,san salvador,526013
it,riccione,34228
in,nandura,39653
cz,merin,1901
dk,solrod,14634
br,quirinopolis,32104
us,north valley stream,16266
us,northborough,18304
ru,kaluga,338982
no,amot,603
ir,sarakhs,46505
fr,aubiere,10529
ch,sirnach,6658
co,piedecuesta,86388
us,highland springs,15942
sv,san francisco morazan,506
ro,zagra,3725
ro,surdila-gaiseanca,2726
mm,akyab,177765
lb,beirut,1252010
in,dirba,13838
fr,valreas,9792
fr,coutances,9503
de,adendorf,9917
it,subiaco,9932
gb,carmunnock,1080
ph,kabulusan,3811
gr,keratea,7701
br,timon,124429
ec,valdez,11441
br,hidrolandia,8690.5
de,altenholz,9721
br,ferraz de vasconcelos,167904
cn,jiaojiang,470804
ru,bolshaya irba,4949
ro,robeasca,1290
ph,panacan,10526
in,aliganj,26655
ie,celbridge,18167
ru,selty,5523
ru,chern,6689
mx,coalcoman,10715
kz,khromtau,23717
gm,gunjur,12530
de,oerlinghausen,17555
ca,montreal,3268513
cn,qujing,146015
us,owings mills,27415
lu,allerborn,59
it,pesaro,91817
gt,san lucas toliman,14246
gt,pachalum,2295
cn,liling,98162
ug,apac,11775
ua,ispas,4278
it,brescia,193713
gr,gaitanion,1584
gl,atammik,250
de,schonaich,10145
de,attendorn,25014
us,starkville,22820
us,ottumwa,24593
pt,braganca,21468
pt,aljezur,4122
in,jakhal mandi,7411
dk,smorumnedre,8968
de,hamm,186289
sa,sayhat,68425
ru,klimovsk,55207
ro,ciulnita,2529
hn,quimistan,3517
co,casabianca,1593
be,aartselaar,14193
ru,suzun,15365
ru,fokino,25827
ro,raucesti,8204
ro,petresti,3833
ro,blandiana,1157
it,seregno,40237
es,huesca,47919
co,samaca,3689
si,spodnja idrija,1853
ph,basing,2367
in,muradnagar,89491
ca,vankleek hill,2136
ws,fausaga,303
ru,sandovo,3807
ru,belozerskoye,4364
ro,stoina,2791
jp,kaminoyama,35594
ch,lyss,10892
in,lingsugur,29785
be,herk-de-stad,11566
ba,bronzani majdan,3945
ph,cabalaoangan,2674
us,kingston,12647.4
tw,cholan,18806
ph,taytayan,5274
nl,heerlen,93518
mx,anton lizardo,6535
tn,aryanah,237401
rs,lozovik,5545
ph,tinoto,3725
lu,marienthal,108
lk,batticaloa,86743
jp,ishikawa,20614.5
it,castiglion fiorentino,12795
in,lanja,13120
cd,butembo,154649
us,great falls,56075
us,lennox,23387
ph,guiong,2477
mx,altzayanca,3353
bo,cliza,8655
ch,aarau,15007
pf,punaauia,25751
no,lysoysund,310
mx,chilchota,7103
cn,xinglongshan,58432
de,garching,15380
ph,panan,2294
ph,bularit,2512
it,vimercate,26053
au,nelson bay,7725
zm,kalulushi,66583
us,westbrook,15956
ua,yahotyn,22779
tn,tabulbah,31709
ru,chirkey,7959
ro,podu turcului,5081
pl,krasnystaw,19532
in,badnawar,18792
gb,antrim,25525
ro,prisacani,3578
it,martina franca,48233
cz,stary jicin,2400
tr,kars,77525
sk,detva,15122
si,vojnik,1964
ru,sakmara,4594
ru,lukh,3157
ro,tiganasi,4283
es,puerto de la cruz,29039
br,taiobeiras,24351
us,elk grove village,34261
us,dothan,61741
ph,palapag,8342
lu,lellingen,93
in,tosham,12529
br,morada nova,37390
ru,gikalo,5130
py,abai,3024
it,carovigno,15611
hu,bonyhad,14184
ru,drovyanaya,3090
py,arroyos y esteros,2455
ph,iriga,94846
mc,monaco-ville,967
lu,remerschen,704
gr,limni,2072
co,agrado,4531
br,crato,88788
rs,sjenica,12888
us,patterson,15957
ru,vladivostok,587029
no,berlevag,1087
ir,mahabad,162448
au,ayr,9079
ru,livny,52916
ph,binulasan,2292
my,alor setar,217378
in,mahuva,74625
cz,slusovice,2972
si,litija,6459
pa,chiriqui,2431
kn,fig tree,395
us,wayne,38350
ru,kemerovo,477096
ph,panay,3591
fr,la madeleine,23098
es,las torres de cotillas,18208
cn,jiayuguan,122396
ru,tyukalinsk,11935
ru,millerovo,38528
ru,kinel-cherkassy,18393
br,palmas de monte alto,7091
eg,tala,51498
za,de aar,32322
ru,sunzha,11548
mx,doctor arroyo,8435
jp,yomitan,39538
jp,shimminato,35994
fo,sandvik,116
fo,rituvik,268
be,tubize,21859
mx,veracruz,568336
it,monte san giovanni campano,13538
by,zlobin,73089
br,alto piquiri,10039
ru,tyubuk,3573
mx,tlanchinol,4180
fr,pontivy,13789
au,portland,8842
ru,gorbatovka,3265
cn,yanzhou,77276
ua,pidvynohradiv,4206
ru,mamakan,2229
ro,dragu,1545
mx,san francisco del rincon,66951
ch,buchs,8379
th,udon thani,247232
ph,jubasan,2328
gb,poole,150092
us,crofton,25233
us,miami springs,13383
ph,dao,5332.33
mx,kanasin,40027
jp,kawasaki,662972
my,perai,65322
lu,peppange,593
fr,puteaux,39752
cz,zlate hory,4489
us,vineland,58122
pe,zorritos,12317
no,straumen,994
it,licata,35018
in,karmala,22811
co,la plata,19276
ca,vercheres,4030
us,holiday,23391
ua,mykhaylivka,8284
ru,ardatov,9712
ro,radovan,3259
ro,poiana cristei,2775
ph,bulawen,3612
hu,encsencs,2087
br,humaita,31207
bw,moiyabana,2768
at,furstenfeld,5962
ro,gavojdia,3122
in,omalur,12702
ws,faleapuna,584
ru,inderka,4031
pg,tari,10333
lt,pasvalys,8511
it,belmonte mezzagno,11279
in,aurad,17019
de,bruckmuhl,16178
us,butler,14569
jp,oyama,90841.5
hu,sirok,2068
gr,kallithea,22784.6
gr,kali,1773
dk,hong,3789
br,videira,42441
us,glen carbon,11567
ro,otesani,3001
ph,pinambaran,3378
ph,malabuyoc,2812
hn,el tablon,1121
gr,kalamoton,871
us,duncanville,34991
sk,nemsova,6136
ru,yazykovo,5423.5
cn,tancheng,83467
cr,san pedro,27482
bo,villazon,30254
td,mao,18031
ru,zavolzhsk,12847
ru,pokrovskoye,6135.5
nl,laren,11978
mx,papasquiaro,22751
gb,saint combs,719
br,carutapera,12819
us,chelmsford,33925
ru,arzgir,15838
ph,macrohon,2826
ee,kauksi,317
co,tubara,8181
se,karlskrona,32309
ru,ulagan,2623
ro,prundeni,4596
it,lipari,10649
br,pirapora,51657
ug,wobulenzi,24425
ph,mabayo,2843
bo,el carmen,14297
tr,bozuyuk,55393
ru,plekhanovo,8841
in,uttiramerur,24318
co,los santos,1310
de,vilsbiburg,11538
sy,baniyas,39718
co,cachipay,4260
ua,stakhanov,84425
ru,tomilino,28310
ru,krasnogvardeyskiy,4746
hu,szentlorinckata,2005
ge,kornisi,208
fr,moissac,12686
us,redan,39044
rs,pozega,13403
ro,ghelari,2304
ph,parioc,2718
in,tasgaon,34935
hu,csorna,10825
bg,pestera,19161
cz,kolin,30351
us,delaware,31457
us,forest hills,23099
pe,picota,6727
jp,uozu,45849
jp,ozu,34327
in,naini tal,42314
gr,rizomata,1157
br,ibiuna,22860
co,carepa,20627
ar,obera,58939
gb,crosshill,495
ee,randvere,513
ws,toamua,778
ru,lukhovitsy,32388
ru,imeni lva tolstogo,3554
ro,mioveni,36339
nl,leek,19931
mx,tecate,58303
jp,tsuruga,68483
hn,ajuterique,5354
am,metsavan,4767
ru,shirokovskiy,1823
ro,sinteu,1267
ph,kagay,2318
mm,myitkyina,90905
in,auras,6592
ru,lyubinskiy,10461
ph,polong,2834
mu,grand gaube,7156
fr,tournefeuille,28022
cu,jaguey grande,54365
er,barentu,15891
ru,sofrino,15353
ro,turia,3846
py,ypane,6659
ph,layog,2588
ee,leie,284
tw,kaohsiung,1512832
ph,canhandugan,2104
ni,corinto,22354
mx,nueva italia de ruiz,31426
co,colombia,2388
us,cypress gardens,8755
in,belur,15417
ee,roosna-alliku,488
ee,puhja,1072
tn,tastur,13708
pt,aldeia de paio pires,12179
pl,wisla,11379
ph,new guinlo,3676
it,caravaggio,14976
hu,pusztaszabolcs,6355
at,sankt valentin,9063
be,wijnegem,8932
ru,novyye lyady,9050
mx,cotija,13939
in,dankaur,13021
hu,foldeak,3255
ch,chiasso,8232
us,onalaska,15924
ru,vyshestebliyevskaya,4312
jp,tsurugi,22042
hu,nyirtelek,7138
cm,djang,96436
ru,ventsy,4193
ru,russkaya polyana,6454
ru,aleksandro-nevskiy,4030
mg,ambilobe,14635
gr,stanos,1132
ru,borovikha,6712
ro,ludus,17165
ph,jaclupan,9652
it,nerviano,18000
in,alipur duar,75936
de,fritzlar,14798
us,caguas,86807
us,hemet,69039
si,ruse,4497
ru,povarovo,7539
bd,bhola,99090
br,grajau,30218
us,harper woods,13665
ru,perepravnaya,3186
in,haldaur,18688
in,gangarampur,65323
in,bagnan,8501
gr,kastoria,14665
fr,noeux-les-mines,11828
ch,montreux,23703
co,san luis de gaceno,2579
us,gahanna,33127
ru,posevnaya,4268
ru,pamyat parizhskoy kommuny,4003
ro,fundulea,6668
ni,sebaco,21449
ru,zavodouspenskoye,1441
ro,piatra olt,6313
ph,malim,2356
it,orbassano,22805
sk,krupina,7991
ph,nueva valencia,2681
mx,numaran,4524
fr,pessac,59818
ua,trebukhiv,6207
ru,volginskiy,6151
ru,porechye-rybnoye,1836
pl,lezajsk,13958
ke,kisii,28547
in,ugu,6519
sl,serabu,3194
ru,krasnoye selo,43134
gb,benfleet,48824
gb,bankfoot,1178
cf,nola,53270
de,warburg,24399
ph,maranding,13694
no,alvdal,697
na,khorixas,12022
mx,pemex,6357
it,minervino murge,9955
in,barsi,110992
gt,magdalena milpas altas,5467
et,were ilu,7636
br,tabuleiro do norte,16633
ru,kulzeb,3272
ru,khovu-aksy,3675
in,shaikhpura,46723
fr,toulon,154465
co,contadero,1604
ro,gura sutii,5355
mw,machinga,1418
gb,lochmaben,1910
co,fundacion,59177
ro,targu bujor,7532
mx,mazamitla,6615
in,jammalamadugu,43875
do,cabral,12303
be,middelkerke,17789
ua,vyzhnytsya,4834
ru,alpatovo,5192
nl,krimpen,29799
it,cave,11014
in,musafirkhana,8082
de,welzheim,11286
ch,herzogenbuchsee,5734
br,iguatemi,9619
ro,densus,1756
es,padron,8925
ch,risch,8645
rs,jagodina,35282
ph,namboongan,2329
it,castel volturno,19652
in,reoti,23821
gr,igoumenitsa,9496
ee,virtsu,731
pl,leczyca,15528
is,hellissandur,408
co,elias,1117
ca,hare bay,968
us,bostonia,16168
in,chinchinim,7356
ua,boromlya,4070
tr,rize,92820
ph,buyo,3229
pg,aitape,5547
no,grua,1491
it,oleggio,13097
it,lanciano,38351
in,alappuzha,176799
br,oros,16329
br,candelaria,15200
ws,saipipi,705
us,willimantic,16686
jp,nagaoka,195320
br,gameleira,19424
ee,valga,13946
ws,aufaga,459
ro,teiu,1853
id,parung,193991
gr,theologos,655
ua,lozuvatka,6412
mx,orizaba,121353
in,waris aliganj,35247
br,piraquara,41162
au,horsham,12830
br,cristalina,36532
cz,detmarovice,3768
ph,balabagan,2422
de,korb,10305
ro,ardeoani,2532
pk,darya khan,15047
mm,thanatpin,38059
ga,mayumba,3996
de,seesen,21976
us,south bradenton,22340
ro,perisor,1896
lk,wattala,30730
am,noyemberyan,5119
ec,gualaceo,17122
ru,afrikanda,1800
pk,garhi yasin,14811
mx,irimbo,2927
it,villa literno,10562
in,khandwa,182860
id,mertoyudan,69872
hr,porec,10499
cn,yanggu,74725
pt,serta,5636
jo,qumaym,5574
it,brunico,13982
us,orange,49989.5
ph,villa isla,2256
ph,manapla,34312
na,mariental,13381
hu,poroszlo,3030
ua,kompaniyivka,4934
pk,lodhran,97276
pe,san ramon,14774
mx,ocotepec,4751
jp,fuchu,145414
in,naraina,17048
ie,buncrana,5546
gr,oia,934
gr,methoni,1069.5
co,santa barbara,5969.67
ve,san antonio del tachira,32465
us,oklahoma city,532950
mx,yuriria,21776
fr,maurepas,19817
de,baiersbronn,16156
de,bruggen,16224
ru,bratskoye,5053
pt,lagoa,7770
in,tirumakudal narsipur,9891
ph,ermita,2304
ph,balilihan,2931
cz,petrvald,6785
rs,bajmok,8599
ro,mihail kogalniceanu,6453.67
ro,galicea mare,4812
ro,ciugud,2613
mx,jonacatepec,8252
jp,funehiki,23524
br,caieiras,87199
by,zabinka,10921
us,port saint john,14082
us,gilroy,45309
ph,adlay,2548
in,bayana,36402
hu,jaszarokszallas,8107
au,grafton,16399
ro,perisoru,5535
ro,padureni,4429
ph,kapaya,4201
in,hirapur,6069
us,jay,4988
pa,bagala,910
jp,menuma,27685
in,barkot,7726
gr,tithorea,865
co,morroa,4949
in,naraini,15078
gr,melission,944
gb,bodmin,13063
us,tallmadge,17537
ru,bazarnyy karabulak,10389
us,frisco,71025
us,friendly,12155
us,los altos hills,8207
ro,apahida,8658
ph,pawa,2130.5
gb,strichen,857
ca,kitchener,409111
tz,muheza,17000
ph,santa,2283
pe,morococha,7926
gr,ayia,2827
ee,kohila,3355
us,winter garden,24774
us,olivehurst,11919
ph,calbiga,2920
ph,bolitoc,3131
mx,cozumel,73938
jp,sakado,96658
hn,la labor,1416
gr,veryi,1382
ch,colombier,5133
de,ludwigslust,12209
zw,bindura,22497
in,barpeta,48826
ru,ilek,9898
rs,durdevo,5295
ph,malapag,3306
ph,dasmarinas,441878
in,teonthar,16579
cn,lujiang,89119
be,puurs,15944
sd,maridi,14224
ru,nartan,12694
ro,biharia,5769
hu,sellye,3184
gt,pueblo nuevo vinas,4125
ru,khatassy,3676
lu,knaphoscheid,180
fr,saran,15983
bo,chimore,5147
tz,nsunga,20049
ro,targu-neamt,20473
no,minnesund,485
gt,fraijanes,27852
gr,erithrai,3250
fr,le pradet,12070
br,igrejinha,28680
ru,tuymazy,68830
in,madhubani,71590
br,teresopolis,123980
ee,kose,1390.5
ru,bolshoye sorokino,5462
mu,rose belle,12619
us,tamarac,59268
ro,sotrile,3530
pt,lagos,18831
ph,salinas,2506
jp,shiki,65413
ca,berwick,2271
ru,chamlykskaya,3722
in,chakradharpur,40604
no,naerbo,4952
us,forest acres,10236
hu,sarvar,15343
gb,carnoustie,10500
cl,cauquenes,31363
bf,kokologo,25958
ru,siukh,3425
ru,lukovskaya,5299
pk,jampur,63810
pe,viru,20867
it,sabaudia,18951
in,shivrajpur,6705
hu,rimoc,1874
ca,sechelt,5977
bg,vetovo,4835
ru,volkhov,45673
ro,ribita,1579
ph,monreal,4759
mx,cholula,44295.5
it,caltagirone,38753
ph,valderrama,4276
ph,danlugan,2666
au,coffs harbour,62978
tr,kahta,73142
ru,volchikha,11212
pt,castanheira do ribatejo,7651
ph,dicoyong,2075
in,namakkal,56002
fr,saint-jean-de-braye,18949
it,cavallino,11878
hn,nuevo celilac,950
br,abadiania,7062
ph,manlilinao,2397
ph,bacabac,2190
id,teluk nibung,25146
hn,dulce nombre de culmi,2091
br,sao luis de montes belos,23619
tw,chengkung,18621
no,vormsund,485
my,simpang rengam,17528
mx,axtla,6522
lv,bauska,10532
do,moca,61838
cn,dongkan,72789
ro,godeanu,766
ro,clejani,3414
no,uskedal,698
in,punganuru,48870
am,geghamasar,1060
co,puerto parra,1448
ro,saliste,5660
ph,bocaue,98649
ru,shalushka,11577
nz,riwaka,986
mx,cosala,5910
mx,cardonal,6398
kz,bulaevo,9886
es,san javier,22276
br,rio casca,11769
de,perleberg,13394
co,sachica,1774
ru,primorskiy,1708
ph,torres,2489
de,munich,1246133
pt,colares,7905
it,cassano delle murge,12545
de,datteln,37130
ee,roiu,485
ru,konevo,2951
ph,magsingal,4571
ne,tillabery,19263
mv,manadhoo,1418
kh,kampot,22696
gr,kiprinos,1095
fr,kingersheim,12528
de,bingen,24844
co,supia,12784
cd,mwene-ditu,189215
ru,staryy cherek,6702
pk,baddomalhi,18434
pg,kandrian,1014
pa,el coco,6601.5
ph,caloocan,4245
bj,dogbo,41312
us,craig,9391
pk,jhol,16068
br,independencia,11113
de,hildburghausen,12422
be,moerbeke,5855
mx,anenecuilco,10295
br,mococa,59656
ru,buzdyak,9752
ph,tanza,37321.7
in,kavaratti,10689
hu,paszto,10119
fi,salo,24900
br,viamao,285274
ng,shagamu,214574
ng,asaba,73381
in,kalugumalai,15425
fr,la teste-de-buch,25116
us,san francisco,732072
ua,desna,6906
pe,lagunas,9238
in,kudligi,22975
az,goranboy,7334
ua,rohatyn,8287
mx,armeria,16953
hu,per,2372
hn,el milagro,1916
at,steyregg,4856
cz,jistebnice,2035
mx,jajalpa,6012
co,palestina,4946.5
cn,huaibei,903039
br,missao velha,13106
pl,wrzesnia,28703
pk,shahdadkot,75439
pa,churuquita grande,1685
ru,sukhobuzimskoye,4550
mx,santiago de cuenda,5012
in,ikauna,14218
id,palimanan,92606
gr,eretria,3217
be,dessel,8707
de,reinbek,25357
ro,santimbru,2679
mx,tula,9054
id,banyuwangi,108178
hn,guayape,1703
sd,yambio,40382
ru,talakan,6294
mk,bosilovo,12447
gb,kidderminster,56657
ba,pribinic,3558
br,santa maria,249224
us,weymouth,54395
ro,bunesti,2702.25
jp,muroran,96198
th,taphan hin,21895
ru,krasnolesnyy,5305
in,robertsonpet,135229
de,ratzeburg,13719
us,oregon city,29984
us,elmont,34479
us,pine castle,9132
ua,kostyantynivka,35167.7
ru,gornorechenskiy,3409
ph,tagana-an,4386
ph,buang,2402
nz,reefton,980
de,pocking,14816
ro,frata,4323
mx,alseseca,6490
fr,saint-cyr-sur-loire,16907
fr,grenoble,154853
bi,cibitoke,14220
ro,baile govora,2862
ph,tapaz,2340
no,svelgen,1204
no,jessheim,12245
no,bjorkelangen,2360
il,ashqelon,108342
ch,windisch,6815
us,anoka,17706
ru,kotlas,59181
ro,popricani,6752
in,tadpatri,93055
al,kamze,11026
us,palisades park,18513
ro,milosesti,3056
ph,pance,4070
ke,mariakani,12786
in,doda,17755
in,bhinga,22018
us,mount airy,8714
rs,surcin,14867
ng,ila,179204
de,bad soden-salmunster,13960
ru,nelidovo,25349
pt,quarteira,18782
in,tadepalle,34357
uy,rivera,68020
si,skofljica,1972
ph,santa maria norte,2458
in,mankachar,31092
in,kasba,26940
in,badlapur,104636
br,formiga,56405
cd,mweka,50672
cm,yaounde,1299446
pk,pithoro,6440
in,sriperumbudur,17255
ch,grabs,6244
ru,pervomayskoye,5962.2
ro,gruia,3126
pk,dunyapur,34043
ph,bungoy,3591
in,kulti,305434
fi,kuopio,89104
ru,krasnyy gulyay,3080
ph,palma gil,4894
no,royrvik,247
ua,partyzany,3738
tz,majengo,9874
ru,ardon,10544
pl,skoczow,14810
pe,concepcion,11381
lu,greisch,210
in,bilimora,54582
ec,el triunfo,32282
lu,wecker,667
co,guepsa,2471
pt,pombal,17355
pk,khanewal,154407
nz,dunedin,114346
br,bujaru,6189
cf,ndele,11941
br,tremembe,31720
cz,chlumec,4090
cz,hostivice,4727
vn,nam dinh,193507
us,indian trail,15226
ru,kirensk,13309
ro,coronini,1810
ro,capusu mare,3645
ro,braila,213570
in,dhuwaran,11473
us,thomaston,9264
br,oliveira,34711
by,haradok,13380
us,vermillion,10009
ru,orel-izumrud,4614
hr,zagreb,698967
de,haren,23038
es,valdemoro,36688
ru,krasnoshchekovo,5463
pa,santa ana arriba,984
ru,suda,5582
ro,ramna,1721
kz,dzhusaly,20065
hu,tiszakeszi,2692
ru,muromtsevo,11147
ph,taganak,2638
it,biancavilla,22829
gr,yefira,2458
us,kilgore,11509
ru,aktyubinskiy,9964
mx,manuel doblado,13218
mx,linares,57731
mx,coyuca,12487
gr,nea makri,14723
gr,krini,845
ru,kyren,5334
it,casatenovo,13014
hu,piliscsev,2310
de,kaufbeuren,43454
br,amargosa,22531
us,sandy springs,94717
jp,mino,23567
hu,babocsa,1877
mx,jesus maria,8264
mx,huamuxtitlan,5921
ca,haines junction,1148
bt,paro,4536
ru,melioratorov,5306
ru,markha,11648
mm,wakema,42705
ca,lac-megantic,4658
us,hueytown,15308
ph,mapolopolo,2219
ni,bonanza,6129
jo,umm qays,4683
ca,athabasca,2539
be,mettet,12014
us,napa,77015
tz,kigonsera,22155
pk,mirpur sakro,8371
mx,nava,18639
gb,northam,7668
pl,zgierz,58036
no,bykle,226
jp,nirasaki,33264
jp,kaseda,23711
in,bihar,244256
gh,tema,351556
fr,saint-pol-sur-mer,23205
de,schmallenberg,26218
za,koster,12126
ro,gruiu,7183
jp,odawara,203038
in,bhatpara,483175
id,kadipaten,26970
br,santo antonio de posse,18149
bw,kobojango,1756
cy,ziyamet,1593
nl,kerkrade,49327
ng,ondo,257023
jp,kitakyushu,997545
cu,guira de melena,69897
ru,zhatay,8131
no,laerdalsoyri,1117
lv,dagda,2740
jp,yatsushiro,104343
hn,baracoa,9202
gb,felling,34355
ro,tacuta,3410
hu,kistelek,7430
co,calarca,62171
de,wesseling,36296
us,linda,13892
ru,staraya kupavna,21256
ru,podkumskiy,3702
pa,puerto pilon,5688
ni,santo tomas,13437
in,risod,30134
th,bang sai,13611
ru,uva,19143
ro,jaristea,4088
ph,palguyod,3230
mx,cienaga de flores,11035
it,montespertoli,12723
in,jaggayyapeta,41185
us,walla walla,30578
ro,pausesti-maglasi,3775
ro,bertestii de jos,3256
ph,casanayan,3453
no,kongsvinger,11147
ru,shimorskoye,3727
mx,la joya,16091
lu,breinert,50
in,pukhrayan,22557
co,zarzal,28761
pk,matiari,18930
in,gulmarg,730
hu,decs,4210
br,angra dos reis,153637
us,manhattan beach,37174
ru,uinskoye,4340
ru,kotovo,26981
ph,novallas,5525
my,tumpat,12281
mx,san blas,7684.5
it,bacoli,26579
in,adur,29655
gb,bournemouth,175017
sv,sesori,1390
ph,cadagmayan,2212
pe,yauya,9133
it,paceco,11418
in,dhoraji,81450
de,mohnesee,11612
ru,pontonnyy,9001
mx,tijuana,1376494
in,mallasamudram,18822
cz,vratimov,6431
us,commerce,11709.5
ru,mama,4239
in,piploda,7720
in,dispur,8282
al,korce,58259
ph,constancia,2713
mx,el oro,6805
co,purace,4837
ca,papineauville,1600
us,west richland,9869
ug,masindi,31488
ru,novaya ladoga,9680
it,desio,36708
hn,los tangos,1424
co,galan,1122
af,gardan diwal,6815
br,santa luzia,93219.7
cz,suchdol nad luznici,3628
de,lampertheim,31873
us,mehlville,29175
ph,guisguis,4434.5
jp,komaki,151026
it,mirandola,22173
in,gola gokarannath,58992
ie,enniskerry,1990
br,conchal,21351
es,aspe,19430
it,pavullo nel frignano,16114
in,ram das,6191
gr,pombia,953
gb,blairgowrie,8081
br,santana do mundau,6439
dk,skjern,7145
ru,ilinskaya,4911
ru,dobroye,5550
hu,ercsi,8383
ba,maglaj,7398
ws,siusega,2226
ru,kurush,7807
it,seriate,21795
in,mansa,54788.5
ee,haademeeste,851
us,saint helens,12082
us,kapaa,10365
ro,magiresti,4477
ph,bacag,5509
lu,foetz,483
cm,manjo,37795
br,sertania,18190
ua,nova praha,7513
gr,sisamia,1168
fr,chateau-thierry,14873
br,camamu,13924
de,bruchsal,43615
ve,tucupita,51547
us,ocean city,15637
hu,jaszdozsa,2225
ee,parnu,44193
ch,oberuzwil,5600
ru,vasyurinskaya,12830
ro,salistea de sus,5119
pl,kholm,68043
pk,karachi,11627378
ph,loqueb,6141
nl,tilburg,206858
in,ghosi,39142
de,mayen,19372
br,conchas,14301
de,cadolzburg,10188
sz,bhunya,3050
ru,yelanskiy,8653
ru,nogliki,10098
ph,tubigon,11262
mx,macuspana,30410
gl,maniitsoq,2866
us,tamiami,69225
ph,tiguisan,2486
ph,maturanoc,4912
ph,camflora,6146
nc,vao,1807
mk,kocani,34259
ca,victoria,289625
am,argavand,1875
ca,tilsonburg,14843
cn,xiaoyi,56033
tm,kaka,18545
ru,pitelino,2355
ph,san pedro apartado,3331
ph,libungan,5606
ne,tanout,15205
jo,kafr abil,6907
hn,el perico,1049
gr,aridaia,6091
de,wolfen,25144
ch,rumlang,6304
ru,varenikovskaya,14409
ru,alzamay,7058
mx,nazareno etla,3463
mx,benemerito de las americas,6676
ir,falavarjan,49847
in,umarga,32184
hu,szabadbattyan,4492
gt,el tejar,15445
gp,bouillante,7541
br,pitangui,18859
ru,tatarsk,25151
ro,tutova,5619
co,mompos,30862
us,colchester,16373.5
br,sao joao de pirabas,10065
be,leopoldsburg,14149
us,hot springs,37470
ru,nizhniy lomov,23836
ph,burabod,2286
lt,kedainiai,31983
in,karanja,64740
in,jorhat,69036
ar,reconquista,95979
cz,velky osek,2188
us,apex,30873
ua,kalcheva,3388
mx,el fuerte,11171
ro,bodesti,5122
cn,zigong,689961
ru,shatki,9712
ro,ticleni,5250
au,sale,12917
ru,valday,18549
mm,chauk,90882
ht,derac,1808
cn,heyang,97575
de,luckenwalde,21217
in,hubli,840285
ca,liniere,2167
co,turmeque,2901
pl,zamosc,66034
pk,kalat,26704
ph,reina mercedes,6228
ph,gamut,2246
it,thiene,20474
in,rambha,11277
de,reiskirchen,10771
ru,mamontovo,9275
fr,auray,11425
rs,trstenik,17309
mx,degollado,10753
de,greifswald,51935
vn,hai duong,58035
tz,kibara,17211
ph,sinubung,2173
nz,levin,19790
ke,rumuruti,4502
ca,salisbury,1891
ru,yasnogorsk,18023
es,la palma del condado,9904
co,facatativa,94613
ci,dimbokro,73789
co,tierralta,26242
us,claremore,17258
se,malmo,261549
gl,iginniarfik,103
us,newmarket,8931
ru,zelenogradsk,12846
pl,debno,13804
it,baronissi,16375
uz,kegayli,14147
us,corozal,11297
us,fruitville,14518
mx,pabellon de arteaga,26460
gl,ukkusissat,195
de,rheinfelden,32538
bd,bandarban,32526
tw,yungho,207852
nz,katikati,3232
fr,montfermeil,23484
mx,tantoyuca,26930
ca,fruitvale,3790
ca,lamont,1779
ch,amriswil,11543
br,apucarana,107086
us,anaconda,8693
ru,vagay,4951
ph,chambery,3108
ir,aligudarz,91048
in,chintamani,71804
de,furstenwalde,33199
ca,danville,1761
ro,piatra soimului,7848
ee,linna,456
be,evergem,31615
br,assai,12545
ua,kirovohrad,249453
ph,pandi,34928
pa,icanti,644
in,pulgaon,35241
il,gan yavne,14830
gb,waterfoot,1286
cn,huaiyin,555230
ru,obilnoye,6739
hu,fot,16770
hu,csany,2279
br,tucurui,76339
br,paramirim,7421
tn,quballat,3353
th,phibun mangsahan,19883
pt,lobao,6049
lu,rodange,4683
jp,saga,165237
in,jaisalmer,67609
gb,billingham,35709
bd,sunamganj,76491
de,bad rappenau,20868
to,vaini,2976
ru,klyazma,3439
rs,banatsko novo selo,7397
ro,turcinesti,2373
ru,ogodzha,465
ph,pugo,2354
ph,kolambugan,2427
nl,beverwijk,36466
is,kopasker,144
br,colombo,217002
us,sumner,9343
ro,cotmeana,2230
ro,argetoaia,4862
gr,xirokambion,995
br,sao pedro do piaui,7408
ph,pando,2560
gt,barberena,29861
cn,fujin,89442
ro,bethausen,3012
hu,gyongyoshalasz,2585
gr,neapolis,2809
cz,dolni dobrouc,2553
be,berlare,13853
ua,novomykolayivka,4714
sn,mbour,194682
pl,olawa,31036
be,erezee,2930
dk,grasten,4022
at,poysdorf,5653
ca,burgeo,1627
ua,subottsi,3095
gt,quezaltepeque,4041
cm,idenao,17800
cz,rapotin,2887
sv,antiguo cuscatlan,33767
rs,indija,27228
mx,comitan,79947
it,modugno,36208
it,fagnano olona,10957
hu,kiskunlachaza,8980
hr,gracac,2702
gt,san bernardino,5388
pl,milanowek,15451
no,leirvik,10991
mx,bermejillo,7692
mw,zomba,80932
in,chandur,19165
id,tarogong,77165
ee,kiili,942
cz,duchcov,8737
ro,topraisar,5329
ke,makuyu,191
in,lakhtar,14534
bo,samaipata,3250
us,savannah,126119
pe,vista alegre,10267
us,vandalia,14478
us,dedham,23019
hu,szolnok,75998
ge,borjomi,13826
fr,saint-michel-sur-orge,20413
de,schwabmunchen,13209
be,hensies,6390
gb,gainsborough,19871
ca,port elgin,7147
us,benton harbor,10893
ru,yuzhno-sukhokumsk,9913
mk,dolna banjica,10147
gb,ballingry,5758
de,heilbronn,121822
ru,novobeysugskaya,3601
ru,gidrotorf,7540
ru,blagodarnyy,35996
ru,avsyunino,5148
it,rosignano marittimo,31871
in,raipur,241769
et,jinka,32151
de,rehau,10279
ch,birsfelden,10627
ru,oblivskaya,9528
ph,abaca,2309.5
hu,balassagyarmat,17541
cn,dashiqiao,80223
de,ellwangen,25396
ca,saint-jovite,4020
ru,kruglolesskoye,3249
ro,stanesti,2937.5
it,castelletto sopra ticino,9416
hn,nueva esperanza,2121
de,bobenheim-roxheim,10129
dk,pandrup,2942
co,paratebueno,2027
ua,zarichne,6671
ph,bungahan,3340
jp,tagajo,61937
jp,inawashiro,17413
ua,kopayhorod,1437
pf,papeari,4131
mk,vevcani,2429
is,hafnir,118
hu,marcali,12344
bw,mahalapye,44473
ru,tretiy severnyy,2128
ro,berthelot,1006
nl,eindhoven,210498
hu,abasar,3189
de,floha,11427
ca,brockville,23887
zm,isoka,13123
ru,shebunino,1177
ru,grebenskaya,5066
md,floresti,17032
br,major isidoro,8507
ru,krivodanovka,9006
no,visnes,609
no,sveio,957
ng,onitsha,561106
mx,calixtlahuaca,8865
gr,likoporia,801
bg,pravec,5071
us,broadview heights,17374
us,monsey,14638
ph,pilar,8248
ph,panikihan,2424
no,bryggja,386
jp,funabashi,560754
in,machhlishahr,25250
hu,csolnok,3381
gr,ayioi apostoloi,4338
co,anzoategui,2229
ph,tabuan,5390
mx,san pedro de los naranjos,4126
it,vigevano,55078
in,anklesvar,74747
co,andalucia,17432
us,wilbraham,20883
ni,tipitapa,89642
lt,kalvarija,4876
ca,gimli,2009
ru,mga,9565
ro,motatei,7898
pe,santa,14130
it,mercogliano,13046
us,steubenville,19312
ba,donje dubrave,3811
ru,yutsa,8702
ro,popesti-leordeni,15279
ro,cicanesti,2265
gt,ocos,9252
at,murzzuschlag,9410
au,warwick,12347
us,little canada,9617
us,twin falls,38602
sk,hrinova,8289
no,oppdal,3786
br,dianopolis,12896
be,tellin,2353
cz,novy hrozenkov,2738
ca,yarmouth,7500
mm,bogale,68947
hu,gyomro,14155
ga,lambarene,20714
fi,hyvinkaa,43515
br,bebedouro,71863
bh,sitrah,37690
ro,berghin,2125
ph,payo,3839
ph,catayauan,3843
pa,monte lirio,2823
mx,chimalpa,7182
hn,ojojona,2790
al,erseke,7890
co,ramiriqui,5039
pl,stary sacz,8959
br,santo antonio,12529
py,pedro juan caballero,67432
ph,labog,3466
in,sholavandan,22318
in,jogbani,33303
in,halol,45744
gr,plati,2228
am,nor geghi,4896
us,fridley,26834
us,cupertino,50934
ph,bolilao,2651
np,kathmandu,790612
mx,la huacana,9351
jp,iiyama,25281
ir,zabol,121999
in,parasia,39444
in,manapparai,36930
gb,comrie,2033
br,louveira,31098
us,depew,15892
ru,torgo,94
mx,chiquilistlan,3683
in,pathankot,174319
ca,morinville,8108
ar,chivilcoy,52307
ru,svetogorsk,15734
pa,las palmas,1489
hn,las tejeras,1140
co,charala,5727
es,martorell,24877
us,fillmore,15386
ru,tlyarota,1898
lv,cesis,18198
br,pinheiral,19469
eg,beni suef,189637
ee,kaardi,573
cn,yangzhou,539715
bg,magliz,3465
uy,san carlos,27613
ph,nagsaing,7482
ne,madaoua,24806
mx,gutierrez zamora,14735
hu,tarnalelesz,1805
hn,san juan pueblo,5735
ru,maloarkhangelsk,3905
ph,liboganon,2338
pf,paopao,4221
jp,kure,196626
cn,anju,54098
ru,staryye atagi,10183
ru,krasnovishersk,18185
ro,huruesti,2821
ro,cernisoara,3948
hu,mosonszentmiklos,2517
gr,aryiropoulion,1782
ca,havelock,1403
bb,crab hill,727
ee,hummuli,404
co,alvarado,2049
us,port jervis,9159
th,khao wong,15184
ph,goma,4275
in,ghoti,22097
id,amahai,47651
gr,karitsa,2225
br,maraa,4387
sn,nioro,21846
my,ayer itam,115276
it,massa,68318
in,murgud,9396
ee,tammiku,376
us,picayune,10650
ru,novolugovoye,3308
ru,korsakov,35091
in,mangalam,11379
cf,bossembele,11518
es,la garriga,13006
ug,kiboga,14512
ua,pryvillya,8669
tz,laela,19185
ph,pulong gubat,4697
gr,khaniotis,1177
fr,cognac,19585
co,santa rosa de viterbo,6924
be,balen,19978
ru,ust-kan,3547
pk,tando muhammad khan,72687
mm,kyaiklat,52432
ca,edson,7975
ee,haage,370
us,sauk village,10591
tw,tachia,78670
ro,stremt,2761
ph,dologon,15128
ch,vevey,16014
cl,lebu,22345
no,grinder,231
ke,nairobi,2750561
fr,saint-priest,40824
ba,gornja tuzla,4864
cz,komarov,2542
co,giron,108468
kz,sarkand,76919
jp,tanashi,82112
it,volpago del montello,9593
fr,saint-nazaire,66937
cr,santo domingo,5750
ch,payerne,7758
de,karlsfeld,17958
pk,sarai sidhu,15631
jp,ninomiya,31412
it,montemurlo,18352
in,baj baj,76166
es,sopelana,10688
se,helsingborg,91025
ru,abagur,6530
ro,concesti,2049
in,kalanaur,13671
gb,wakefield,78978
fi,rauma,36550
dk,fjerritslev,3441
ua,morshyn,6241
ru,bogorodsk,36652
hu,taktaharkany,4076
gb,saint austell,23432
gb,huntly,4390
us,new milford,29373.5
sv,san sebastian,7333
ro,podgoria,3312
it,florence,347194
in,fatehpur chaurasi,5932
de,cologne,968823
ph,owak,3202
ph,masoli,2601
br,poco branco,7112
in,sorada,15118
az,neftcala,18661
tn,harqalah,6942
py,nueva colombia,683
ph,daram,3069
it,rozzano,36179
in,aligarh,753280
ar,goya,70340
co,la florida,2882
us,west norriton,14702
tz,bunda,50949
ro,dobrun,3419
mx,tecuala,14921
it,ardea,32934
gr,veneraton,938
cz,velke losiny,2878
ru,verkhniye kigi,6885
ph,manhoy,2172
no,hauge,1234
mz,nampula,388526
mx,soyaniquilpan,3898
in,barasat,298270
br,canguaretama,18873
sv,olocuilta,6324
ph,masaguisi,2481
ph,mabua,2075
ph,furao,2344
ph,carmelo,2426.5
gr,palaiokipos,1184
sl,bumbuna,3010
in,bhim tal,6626
cz,uherske hradiste,26954
co,padilla,4472
ws,utufaalalafa,89
ge,dioknisi,7727
ug,sembabule,4320
mx,santa rosalia,8716
br,marau,14908
at,ansfelden,14936
ee,aksi,453
ru,magistralnyy,7429
ro,vladila,2198
in,amtala,8267
cz,plesna,1972
br,jundia,2267
br,vargem alta,4672
us,bountiful,41581
ua,verkhovyna,5290
td,goundi,10052
ru,ignatovka,2853
ro,ciucsangeorgiu,4821
pk,utmanzai,29425
al,lushnje,41423
be,zedelgem,21968
ro,bobota,3950
lt,taurage,27665
ie,wexford,17708
ch,arbon,13125
cn,pingyin,62050
zm,mumbwa,19090
us,garden grove,167232
ba,podzvizd,6665
us,gloucester city,11377
ua,novytsya,3564
tz,lupiro,11430
ru,igarka,7470
py,san juan bautista de neembucu,330
ph,santa cecilia,4229
ph,laparay,2140
no,storebo,1090
ne,mayahi,22185
ro,borod,4076
no,hof,818
no,gladstad,302
nl,bergen op zoom,67641
gd,gouyave,3378
cd,kaniama,29435
tm,annau,27527
mx,el limon,3312
lu,cruchten,404
id,jatiroto,50065
gr,kalokhorion,4162
br,colina,15042
ec,gualaquiza,4611
us,rye brook,9620
ro,traian vuia,2215
ph,andres bonifacio,6493
br,monte siao,11090
lk,galle,93134
fr,manosque,20170
bt,ha,1505
sk,svidnik,12428
ru,kuznetsk,90481
ru,khrustalnyy,3577
cn,wulanhaote,165846
ru,gudermes,32769
ro,rasmiresti,1163
np,kirtipur,44635
mg,amboasary,36082
br,feira de santana,481926
ru,zhitnevo,3193
ru,shamilkala,7563
ph,doyong,3398
ng,calabar,461832
mu,camp ithier,4401
in,zunheboto,29500
br,boa vista,235159
us,ripon,13591
ro,ramnicelu,2286
pk,uthal,16485
lv,dobele,11225
tn,qurunbaliyah,18965
ro,balaciu,3371
jp,sekiyado,30923
jp,imabari,115356
it,boscoreale,26944
gw,farim,6792
br,breves,46474
co,santa isabel,2035
cd,yangambi,35529
yt,chirongui,6174
ua,hurzuf,8810
ru,bavtugay,5398
ph,dorongan,5336
mx,naica,5494
lu,noertzange,999
fr,forbach,20938
br,espirito santo do pinhal,37449
br,caxias do sul,381277
ru,bagan,5803
cz,pribor,8720
br,santiago,46612
dk,taulov,2898
us,hicksville,41453
ph,buensuceso,3729
ng,ilobu,118097
it,matera,57250
fr,grand-couronne,9311
de,schongau,12634
co,cali,2392897
us,verona,12097
ru,chuchkovo,4404
ph,talomo,3857
br,goias,19098
th,ranong,24560
ru,kuleshovka,14668
ru,krasyukovskaya,4316
ru,dinskaya,34573
ro,cata,2510
no,aros,1123
it,pescara,118136
co,curillo,9540
cn,jijiang,61161
ru,shipitsyno,3780
mx,san francisco del mar,4033
kz,astana,345621
ro,dealu,3850
ph,aglayan,5761
br,goiana,43981
de,titisee-neustadt,12092
us,stanton,37914
sv,san antonio del monte,9136
ru,kochki,4101
ph,datu paglas,3851
no,hov,2150
mx,quetzaltepec,3610
mx,las vigas,8037
in,ramanathapuram,65320
ua,chernihiv,307683
ru,krotovka,5398
pl,nowy targ,33763
in,ladwa,23567
gr,spolaita,632
us,chanhassen,23551
ru,vyazniki,39244
ru,nizhniy kuranakh,6798
ru,belovo,79424
pl,koszalin,107450
pf,tiarei,2795
jp,nobeoka,121951
it,capaci,10559
br,japeri,95102
es,mahon,26926
us,darien,21715
ru,gulkevichi,35843
ro,sancraieni,6105
pk,jalalpur pirwala,37391
al,orikum,2604
sk,bytca,11550
pt,caparica,21167
ph,lun,11541
no,gryllefjord,459
jp,tanabe,69564
sv,ilopango,38889
nz,manutuke,685
cy,nicosia,42342
cr,upala,4185
cn,ningyang,82994
us,north babylon,17642
us,san jacinto,29376
nl,groesbeek,18757
mx,arriaga,22820
fr,ploufragan,10651
fr,agde,21950
de,rathenow,27058
us,lander,6821
sl,panguma,7321
ke,taveta,13377
in,papanasam,16839
in,krishnapur,7336
hu,salgotarjan,44289
cu,jiguani,41109
co,palmar de varela,28085
co,fredonia,8951
it,petilia policastro,9159
co,pensilvania,8173
us,willowick,13850
ro,morteni,3088
it,valdobbiadene,10854
hn,san sebastian,1471
gr,nea smirni,75421
no,raufoss,6071
lu,masseler,36
gt,san bartolome jocotenango,1586
ch,uster,29583
co,lebrija,8950
de,felsberg,11244
us,white oak,18024.5
ru,uvarovo,28771
be,galmaarden,7939
us,eagle pass,26090
ua,sarny,27097
ua,chudniv,6314
ro,carastelec,1133
ph,tarlac,182413
cz,stochov,5563
ru,ponyri,4591
in,ambad,29849
fo,mykines,25
us,arroyo grande,16613
jp,kakamigahara,132243
il,mazkeret batya,8283
cn,maanshan,540198
cz,smrzovka,3415
in,thenzawl,5964
in,nanded,485150
in,datia,90638
in,bikaner,576056
ba,mostar,104517
sn,dahra,17656
ru,zelenyy bor,2604
ru,ust-kishert,4413
in,ambah,40528
de,tecklenburg,9510
be,drogenbos,4843
us,suffern,10972
us,east orange,68390
ph,jaro,7934
pe,jayanca,6153
jp,kanzaki,20173
co,tipacoque,1036
cu,bolondron,6778
us,taylorville,11197
us,spring hill,56277.5
sn,kedougou,16612
sk,poltar,6099
rs,lapovo,7302
pt,sao mamede de infesta,25939
no,olden,545
mx,mecayapan,5005
za,ballitoville,17218
us,south laurel,21762
ru,bukachacha,3372
fr,le blanc-mesnil,47234
us,fulton,11724.5
in,khanapur,17217
de,bad worishofen,13922
ua,mahdalynivka,6567
ru,gorokhovets,14247
id,lhokseumawe,88976
hu,tuzser,3332
cn,wuwei,109319
cz,borsice,2273
us,kokomo,46227
be,diest,22516
ru,leningradskiy,712
ph,imelda,4553
be,gavere,11888
ch,konolfingen,4509
ru,nazran,164142
ph,santa elena,14641
ca,iroquois,1297
de,schwandorf,28124
rs,zvecka,6180
ph,vintar,5263
id,binjai,228794
ro,branisca,1808
pk,thatta,44304
nz,maungatapere,1007
br,palmeirais,4262
us,jerome,8287
ru,poletayevo,6532
ro,slobozia moara,2340
ph,semut,3423
ir,robat karim,62759
hn,marcala,10055
us,northlake,11497
us,zephyrhills,12092
th,laem sing,16066
ph,tagbubunga,2489
no,stanghelle,772
ir,sanandaj,349200
hn,san joaquin,1130
cz,sedlcany,8088
dk,horning,6085
es,dos hermanas,104666
ru,kandalaksha,38432
br,sao felix do xingu,16478
cg,owando,16590
us,arbutus,20603
pe,huacho,53852
no,sandnessjoen,5708
ht,gonaives,84966
de,neuruppin,32173
ca,malartic,3710
us,la mesa,54087
th,huai thalaeng,15352
ph,malinao,4324
ph,estaca,2661
nl,oisterwijk,25544
br,lago da pedra,25996
us,winder,12643
us,cabot,20555
mx,amaxac,7710
in,umaria,29743
de,besigheim,11667
cn,gaozhou,166069
ws,samatau,939
us,lake in the hills,28541
in,sonamukhi,28337
us,coshocton,11687
us,river grove,10278
ro,mihail eminescu,6451
pl,brodnica,27341
ph,lloren,5800
gb,hatfield,23621.5
ch,untersiggenthal,6551
dk,arhus,226716
br,astorga,20129
ec,naranjal,32045
ro,cuca,2447.5
pl,mysliborz,12092
no,kabelvag,1654
jp,takeo,34230
gr,kanalia,1144
co,sibate,23208
us,castle rock,38814
tj,navabad,5352
ru,tyulyachi,2949
ru,torzhok,48547
ru,sazonovo,3509
ph,pasian,4291
lv,viesite,2162
gw,bubaque,9941
fr,waziers,7431
de,eschborn,20438
cz,janovice nad uhlavou,2025
es,teruel,32210
br,piuma,17634
cd,bumba,95514
us,aurora,162868
sn,thilogne,4968
ro,socond,2535
pg,port moresby,283733
it,palagonia,17745
hu,sarkeresztur,2443
sv,chalatenango,19366
pt,freamunde,7982
ph,mangusu,3710
ph,alegria,4319.8
hu,ozora,1742
co,el cocuy,2706
ph,bayugan,40561
hu,zalaegerszeg,60919
ca,bradford,18811
ru,vozdvizhenka,7102
jp,kusu,18371
ir,shush,52290
gb,portsmouth,194151
af,gazni,143049
it,san marzano sul sarno,9501
it,formigine,32419
id,lasem,28948
ci,touba,47538
us,modesto,216008
ua,teplyk,6604
gr,pteleos,1349
ba,donje vukovije,3535
ro,cuci,2171
ro,campulung,37280
gr,alonia,653
rs,beska,6328
ph,sankanan,3055
gr,pigai,1037
us,muncie,65327
us,powder springs,14616
mt,birkirkara,21676
il,qiryat yam,38122
gt,almolonga,11668
cz,rosice,5276
fi,hollola,20405
pt,pragal,7701
in,peravurani,21663
hn,macuelizo,2867
br,agua branca,9536.5
us,mahtomedi,8258
ru,vargashi,9728
ru,niny,4894
cn,qingyuan,151287
us,snohomish,8708
ru,rasskazovo,45957
pk,rabwah,50207
in,vartej,10272
de,salzgitter,111622
ro,parau,2092
ph,tadian,2803
mx,gustavo diaz ordaz,12698
jp,takefu,75753
it,vittoria,56765
in,kasganj,99472
fr,morangis,11145
tg,badou,22182
sk,michalovce,40360
fr,bourges,71500
es,santa cruz de tenerife,193852
sl,goderich,14794
gr,sinarades,1150
us,new baltimore,11453
us,westborough,29313
ru,talnakh,59052
pt,lisbon,517798
in,rajpura,86827
us,seaford,11439.5
ua,pidhorodna,2481
ro,gura vadului,2508
pa,santa rita,987
in,kodinar,34933
in,bhatkal,31738
gr,kiria,1611
ee,rapina,2901
th,phak hai,19386
ru,staraya mayna,6927
ro,bicazu ardelean,4212
in,palkonda,29378
ba,batkovici,4923
za,port alfred,17959
us,kerrville,21894
us,johnstown,22357
us,bay saint louis,8134
ro,bascov,8759
fr,hautmont,15289
cz,bilina,15866
tr,sile,11602
gr,trikala,25757
cz,pisek,29756
co,medellin,2000001
za,welkom,432070
us,jupiter,48974
ua,pidhorodne,17103
ro,teisani,3968
it,sesto san giovanni,74668
gr,sterna,815
fi,eura,9338
bw,mosetse,1780
pt,samora correia,14154
bg,pazardzik,76254
ph,gingoog,70943
it,pinerolo,33807
in,ateli,6177
gb,golborne,24021
bg,stara zagora,137760
uz,gazalkent,24610
ua,zboriv,7159
ru,gryazovets,16133
ru,fryazino,52256
ro,viziru,6305
co,subachoque,4088
pk,mansehra,66513
ph,comunal,2773
in,varanasi,1164520
hu,lebeny,3161
de,vilshofen,16800
us,port arthur,56945
us,dracut,28831
rs,kucura,4653
ph,oaqui,2304
id,mundu,50426
gr,platikambos,1889
us,satellite beach,9321
br,cacimba de dentro,7447
al,fushe-kruje,10458
ru,suponevo,7845
ru,kargalinskaya,5371
py,nemby,94767
my,kuala lipis,15450
us,dania beach,28826
ro,brad,15988
fo,hattarvik,19
ph,talisay,27935.8
my,kota belud,12825
ba,bosanska dubica,9959
be,boutersem,7702
ph,camingawan,7820
gb,bellshill,20201
be,waregem,35896
br,itabirito,39453
tm,gazojak,21020
tc,cockburn harbour,1744
kz,shar,9087
it,tivoli,49303
it,palma di montechiaro,21567
ar,corrientes,390481
es,onda,22289
tg,sokode,108373
ro,chisineu cris,8171
mx,queseria,8959
lu,eisenborn,170
cz,jesenik,12693
jp,kanuma,94904
co,pizarro,6105
am,fantan,1019
dk,logstor,4469
tm,buzmeyin,39485
pl,kruszwica,9494
in,chomun,55965
ca,madoc,1827
us,troutdale,15205
pt,leca da palmeira,17995
gr,komotini,45630
dk,aalborg,122219
ph,masinloc,28041
nl,heemstede,25770
in,masaurhi,53446
gb,mansfield,70447
ca,wolfville,3523
ch,wil,17234
ro,bran,5177
lt,neringa,2380
ke,konza,2004
fr,morsang-sur-orge,19567
fr,cestas,17230
cn,sujiatun,148113
br,madre de deus,14887
be,nazareth,10890
ar,tres arroyos,47143
ua,kalynivka,19315
si,brezovica pri ljubljani,2345
ru,predporozhnyy,239
ro,candesti,3621
py,ypacarai,9656
ph,sablig,2482
in,gopinathpur,5255
co,isnos,5185
br,barreirinha,11257
cn,suzhou,774110
pk,akora,23289
no,ornes,1549
hu,iklad,2194
cz,cesky brod,6875
ve,chivacoa,45912
ru,magadan,95258
it,figline valdarno,17130
gr,vrises,982
gr,nea pella,1595
co,la playa,1215
bd,naral,55118
cz,dolany,1932
es,cuenca,47500
ru,vorontsovka,3025
ro,calan,12782
in,mettupalayam,9587
in,aska,21136
ch,hergiswil,5477
us,holly hill,12738
pl,poreba,8718
my,tanjong malim,18184
gr,thira,2376
gr,lalas,1168
et,bedele,20297
ru,krasnyy kommunar,4167
ro,rasnov,15253
pl,wolsztyn,13689
ph,saguday,7464
gb,portgordon,763
cz,velke karlovice,2664
br,charqueadas,32076
us,novato,48817
ph,capul,4756
fr,agen,30236
ch,granichen,6444
us,cedar lake,9672
pl,bedzin,58236
cu,chambas,24113
ph,kalian,2815
lu,junglinster,2358
ie,letterkenny,16903
hu,karad,1733
gb,sheffield,447048
ru,okhansk,7920
ru,lebedinyy,1213
ru,kazaki,3227
ru,chunoyar,3240
ph,sulangan,3292.67
ph,maria aurora,6807
no,fosby,324
co,suaza,2481
us,bolingbrook,73220
in,chiria,3947
gt,santa barbara,6743
br,paraopeba,19151
au,albury,104261
tz,tanga,224891
nl,soest,45752
de,ratingen,92306
dk,vejen,8525
am,ararat,6554
us,dickinson,16962
us,santa fe,39960.5
ro,chiscani,5294
ph,javier,2612.5
mx,victoria,4053
in,mettur,56748
in,maddur,28143
at,sankt veit,13116
us,irondequoit,51958
ph,iba,15754.5
gi,gibraltar,26544
pl,ruda slaska,146189
cg,impfondo,20859
az,qobu,7377
us,liberty,18675
ua,bar,16641
py,san pedro de ycuamandiyu,9361
in,ula,6324
jp,iwase,21981
es,gibraleon,10904
de,bruchkobel,20820
sn,velingara,27566
mx,hualahuises,5439
ge,agara,5811
co,astrea,8996
bg,zemen,2145
cn,anlu,71198
sl,sumbuya,5302
ru,lyambir,8274
ru,ternovka,4703
ru,kukmor,16795
ph,capuy,2328
ph,basdiot,4015
it,afragola,59416
id,ngawen,44401
hn,alubaren,983
gb,queensferry,9477
br,prudentopolis,19611
ph,bukid,2232
gr,pallini,14808
us,la grange park,12840
ua,mykolayiv,14251
mt,zurrieq,9149
jp,ibaraki,263408
br,rolandia,51005
es,cieza,36545
ch,arth,10100
ph,binguang,2082
nl,winsum,14355
mx,paracho,15965
mk,plasnica,4574
jp,yokkaichi,295843
br,porto real do colegio,6001
ua,illintsi,10770
ro,jegalia,4751
no,saebovik,832
in,manvi,41650
et,boditi,33068
ph,pasibi,3201
mx,cueramaro,13937
lu,eselborn,337
in,sherghati,35283
ee,turi,6138
es,vic,35337
tr,nevsehir,75565
ru,murygino,7996
ru,ispravnaya,4606
ru,zolotukhino,4886
ru,yuzhnyy,7022.25
ph,tapel,2548
mx,champoton,24809
in,nabinagar,20851
ru,yeletskiy,742
pk,liliani,12211
ml,taoudenni,3019
it,iglesias,30851
fr,quetigny,9628
de,lengerich,22642
ug,mukono,67303
se,falkoping,15054
in,borsad,60275
hu,sasd,3500
de,coburg,42413
ws,satitoa,522
ru,dalnerechensk,29377
ro,husasau de tinca,2324
ro,brabova,1791
no,kragero,5266
lv,valmiera,26963
es,calvia,41549
de,schleswig,24061
de,erding,32377
dk,stovring,6239
ru,zlatoustovsk,823
rs,kragujevac,149275
nz,takapau,597
gt,san bartolome milpas altas,6132
bw,hukuntsi,4403
bg,razgrad,31791
cz,spalene porici,2501
us,mayaguez,76503
ru,yuzhnyy-kospashskiy,2275
ru,staraya vichuga,5599
ng,owerri,215053
in,nazira,14303
hu,tarcal,3283
br,hortolandia,203537
be,londerzeel,17274
ru,gus-zheleznyy,2381
pt,olhao,29238
ph,salvacion,3415.64
in,burla,40820
gr,marina,1091
co,san marcos,36549
ua,lysa hora,4312
ua,chernyatyn,3046
in,shahada,58407
in,padmanabhapuram,20214
in,kud,1242
fr,vichy,25900
br,marco,14502
at,saalfelden,16119
us,avondale,69679
ph,banquero,2173
gr,magoula,2088
gr,lithakia,1300
pa,canazas,2964
in,taki,40117
gr,ziparion,2706
gr,nea iraklitsa,1147
cn,dongdu,72957
cn,jiancheng,82563
ph,nena,2276
ph,isabel,8596
in,nichlaul,17569
id,ciparay,114226
gb,strathaven,8190
cl,constitucion,37917
bw,khudumelapye,2035
ru,novonikolayevskiy,10251
pe,ambo,6896
mx,pijijiapan,15101
ca,oromocto,8998
us,carpentersville,36834
nl,huizen,42669
gb,braintree,46765
za,krugersdorp,378833
us,palmetto estates,14488
ru,linda,5489
ru,kvarkeno,4161
ru,kropotkin,40682.5
ph,panguiranan,2744
br,marilia,212222
at,wiener neustadt,38481
in,ratanpur,21395
hu,mako,25135
gr,thrapsanon,1499
ws,apia,40407
us,san angelo,88256
ph,anoling,2670
cn,chaihe,67963
ee,laagri,4135
et,butajira,30507
dk,auning,2509
ph,unzad,3570
mx,huautla,6689.5
is,hvolsvollur,753
in,pimpri,1284702
am,tsovagyugh,3857
co,cerinza,1499
us,glassboro,19166
ru,bolshoye nagatkino,5189
pl,zlocieniec,13337
pl,szydlowiec,12128
ph,pangal,2710
mk,vranestica,1265
tr,suluova,47596
ru,almenevo,4456
pl,sandomierz,25087
pa,la loma,1654
mk,probistip,12702
hu,otteveny,2725
gr,pamfila,1251
fi,eurajoki,5656
by,lyuban,10107
ro,monor,1581
lu,brouch,364
in,samana,50536
in,charkhi dadri,50562
fr,coulommiers,14672
br,nova prata,17943
de,radolfzell,30385
br,pomerode,21898
ua,bezlyudivka,9294
ph,pangao,2314
ph,basiawan,6351
it,capurso,14808
in,itaunja,6727
fr,gagny,37511
es,navalcarnero,16396
sl,yele,3155
ro,stefanesti,7369
ro,letcani,6642
us,reno,202142
mx,san julian,12752
ro,viisoara,3173.29
pe,chicla,7354
mu,esperance,1878
fr,montmagny,14305
de,bernau,33481
ru,suvorovskaya,17261
pt,belas,21018
mx,san quintin,5433
kz,makinsk,17711
in,madukkarai,29147
do,esperanza,42173
ca,maniwaki,4236
ec,pajan,9183
us,cambridge,41260
us,parlier,12811
ro,lupsanu,3797
no,glomfjord,1196
tr,bismil,74530
ph,kapingkong,3129
dk,flong,11108
us,winter park,28530
in,kadaura,13785
id,tanete,105109
de,marburg,79300
al,kelcyre,2486
us,mountain park,496
us,melbourne,76326
ru,sotnikovo,4396
ru,kyzyl,108241
pf,mahina,14225
in,pakaur,40450
be,zulte,14670
cn,tahe,60874
ci,bouna,40188
us,hawthorne,52748
pl,radzyn podlaski,16071
ph,manicahan,8338
is,holar,108
id,palembang,1241334
tr,develi,35886
ru,abramovka,3396
mx,petatlan,21038
md,telenesti,8954
hu,petfurdo,4877
gb,port ellen,779
be,chimay,9720
br,mulungu,4181
ro,carbunari,1236
pl,wronki,11611
us,clinton,16575.8
co,villanueva,13808
lu,crauthem,1278
am,berdavan,3150
us,bergenfield,26120
ru,kosterevo,9350
ro,nadlac,8067
pk,jatoi,47158
it,fiesole,14295
is,holmavik,424
cn,baishishan,56992
es,cadiz,137698
ug,lukaya,17576
ru,koltubanovskiy,3831
nz,kakanui,443
it,priverno,14494
in,bhongir,50100
us,roanoke,91168
us,andrews,9384
ru,solvychegodsk,2647
ph,lugait,7370
no,rubbestadneset,1132
it,casalgrande,15082
gl,aasiaat,3115
cn,ximei,94326
ph,calayaan,2285
pa,ailigandi,1652
mx,chiautempan,48324
lc,soufriere,2878
by,lida,98036
cn,nanzhou,54449
ru,asha,33007
pt,fanzeres,23916
gb,fleetwood,27077
cn,shenyang,3512192
in,narsimhapur,47516
in,bhongaon,29914
hu,kantorjanosi,2244
az,qabaqcol,1293
br,jaguarao,29613
br,boa viagem,24671
ca,lacolle,1528
no,bronnoysund,4352
gb,gillingham,101187
ru,odoyev,6386
ro,faraoani,5141
ph,lalig,14729
jp,kitakata,37140
jp,habikino,121052
jp,chitose,92943
in,kottayam,59442
gr,diavata,10216
br,eirunepe,17175
ro,varias,6054
ro,plopu,2282
in,uppiliapuram,6900
cz,mirosov,2228
ca,timmins,32901
ro,dabuleni,13641
pt,ronfe,4888
ph,camachile,2766
pe,huaura,22867
co,sampues,21204
ee,torva,3112
tz,gamba,3644
ru,tilichiki,1968
ru,kirovskiy,4919.67
hu,godre,957
gh,wa,50268
fr,wattrelos,42522
ee,simuna,474
ws,satoalepai,235
ro,slimnic,3592
py,jesus,2530
ua,osypenko,4477
ru,dvurechensk,5121
it,noci,19993
in,mormugao,102355
be,rumst,14521
cz,rousinov,4903
us,skokie,64227
ru,zavolzhye,43700
mx,acuexcomac,4236
in,bhadohi,78576
gr,psikhikon,6068.5
br,vila velha,394937
be,linkebeek,4823
br,castanhal,137410
us,kingsport,43952
gr,akraifnion,1195
co,el bordo,12072
ro,beltiug,3233
no,nybergsund,329
gr,veryina,1242
ge,kvaisi,237
co,puerto lopez,16678
cn,fuyang,120103
cz,studena,2482
ru,nizhniy chir,4765
ru,bizhbulyak,6385
ro,baraolt,9429
ph,timbangan,2230
kh,lumphat,19205
is,husavik,2338
in,anjad,24289
gr,neos skopos,2560
dk,vamdrup,4685
ve,cantaura,33042
in,fatwa,41652
ru,novokruchininskiy,9391
dj,jibuti,623891
us,pella,10058
ug,nebbi,30347
ru,staryy biser,690
ru,goyty,13250
pt,setubal,117109
ph,polillo,5502
ph,cabcaben,5948
no,norheimsund,2121
ar,comodoro rivadavia,142597
us,live oak,10193
tr,bolu,96680
th,tak,24149
ke,narok,36067
ro,valea stanciului,6264
mx,yecuatla,3198
ca,blenheim,5065
ws,solosolo,1487
mx,cuautlapan,6928
br,itatinga,15696
cn,liaocheng,226930
us,del city,22135
ro,frasinet,2023
pl,opole,127676
ph,algeciras,4007
jp,kakegawa,84005
jp,iwata,88510
hu,balatonlelle,4910
ec,sangolqui,5114
us,rio rancho,64090
ni,diriomo,9134
in,banavar,7827
br,itabaianinha,17149
ro,pecica,12804
ao,lucapa,20115
es,sitges,21495
cz,rtyne v podkrkonosi,3040
cl,valdivia,133420
tn,tabarqah,13712
sd,tawkar,22251
ru,novonikolayevskaya,3753
pa,san vicente de bique,1784
mx,rosamorada,3634
fr,lille,189746
ch,villmergen,5244
cn,hanzhong,145986
pl,golub-dobrzyn,12937
ca,guelph,115763
es,naron,32509
us,porterville,44674
ru,bekeshevskaya,3800
ro,caiuti,5357
pe,sicuani,33726
lu,burden,450
jp,takanabe,22513
it,racconigi,10128
hu,solymar,9242
dm,la plaine,2504
ca,valcourt,2451
de,ostringen,12887
us,manteca,65820
ru,turgoyak,2275
ru,gubkin,88495
mx,tesistan,29253
in,siswa bazar,19941
ru,davenda,978
ro,bolotesti,4578
ph,salaza,4599
no,ramsund,306
mx,atencingo,12910
kn,monkey hill,592
in,anjar,66887
hn,orica,2342
gt,santa lucia cotzumalguapa,60821
fr,hericourt,10488
de,waltershausen,11345
cn,yuanping,82883
us,new hope,19851
ro,corbii mari,8257
in,mulanur,12264
hu,kislang,2641
us,clive,14092
ua,turka,7395
ph,bulaon,131818
mx,ixhuatlancillo,4680
in,kanke,16714
hn,naco,3966
gt,agua blanca,2719
cl,illapel,22816
us,uvalde,17904
lt,druskininkai,17793
br,guaraniacu,7781
br,ocara,6793
ws,tafitoala,393
ru,mikhaylovka,24091.3
ru,beringovskiy,1861
ph,kalugmanan,2675
gr,malia,4343
de,lauenburg,11796
cd,matadi,180115
us,la canada flintridge,21293
pa,ocu,2987
mx,san pedro,41167
es,guadalajara,79616
us,new britain,71455
ru,ust-karsk,1947
mx,texcalyacac,4038
cz,bzenec,4184
ru,starosubkhangulovo,4351
ru,parkovyy,4524
cl,ancud,28020
bg,opaka,3353
us,palmetto,12806
jo,malka,7477
ua,zatoka,1391
ru,bolshoye kozino,5568
ro,carlogani,2854
ph,mambago,2913
ph,maloh,5105
pe,ferrenafe,34512
gb,tain,3409
fr,saint-gratien,19521
sd,umm jarr,9038
ru,shkotovo-22,8394
ro,axente sever,3960
ph,candijay,4125
jp,mitsukaido,41147
id,cimahi,378027
fr,albi,46510
ca,cardinal,1837
ua,berestechko,1830
mx,calderitas,5599
lu,troisvierges,1457
be,ichtegem,13582
mx,paracuaro,5389
in,manjhanpur,16940
id,kutoarjo,31353
de,bonen,18950
pl,sokolow podlaski,18241
ni,santo domingo,6212
lu,alzingen,1376
it,merano,33514
gt,san luis,6636
gr,amfissa,6854
ci,issia,88251
ch,wald,9016
ee,vandra,2544
br,jequitinhonha,15463
ru,shkotovo-26,1106
ru,kholmsk,32682
rs,dolovo,6861
ro,grecesti,2014
pl,lubin,77532
cn,luqiao,427890
ro,grivita,5363
ph,claver,5906
mx,gomez palacio,228585
in,maur,28298
ca,devon,5225
ua,medenychi,3219
in,daltenganj,77712
id,ngemplak,23751
hu,hajdusamson,10854
cu,santa cruz del sur,34602
br,indiaroba,4989
us,lexington park,11746
ru,petrovskiy,2943
mx,cunduacan,17904
in,lakheri,28466
ge,didi lilo,3349
de,hattersheim,25544
ua,krynychky,4557
ro,fartatesti,4561
ro,craidorolt,2151
pk,talagang,44974
br,caraguatatuba,90844
ua,kochetok,3481
it,gambettola,9889
br,ourem,8145
ru,berezayka,2432
ro,dumesti,4178.5
mk,rosoman,4106
gr,kariotissa,1965
at,absam,6594
